Facility,Permittee Name,Address,City,State,Zip,County,Latitude,Longitude,Permit,Effective Date,Expiration Date,SIC Code,SIC Description,Sensitive Waters,,,,,,,,,,,
IH35 From 0.2 miles South of US82 to Exit 1 in Oklahoma,Austin Zachry JV,On NB I-35 from the TX State Line to Exit 1,Thackerville,OK,73459,Love,33.734532,-97.151667,OKR1035902,10/4/2024,10/17/2027,1611,Highway And Street Construction,N,,,,,,,,,,,
Storm Drainage Improvements to Serve Winstar Resort,Manhattan Construction Company,Along the east side of Anoatubby Way from Vegas Rd ext,Thackerville,OK,73459,Love,33.74607,-97.1369,OKR1037618,3/30/2026,10/17/2027,1542,Nonresidential Construction,N,,,,,,,,,,,
Hidden Hollow Addition,RDR Development,Northeast of Rogers Rd and Tabler Rd,Thackerville,OK,73459,Love,33.770555,-97.121111,OKR1038038,8/13/2026,10/17/2027,1522,Residential Construction,N,,,,,,,,,,,
ODOT JP 26343 04 Grade Dr Bridge & Surface,The Cummins Construction Company Inc,On S US Hwy 259 from 1 mi north of Harris Rd/River Rock Rd,Harris,OK,74740,McCurtain,33.784114,-94.807884,OKR1035668,7/22/2024,10/17/2027,1611,Highway And Street Construction,N,,,,,,,,,,,
ODOT JP 31896 07 and ODOT JP 31892 04,Duit Construction Co,On I-35 from 3.2 mi north of the Texas state line ext 2.1 mi,Thackerville,OK,73459,Love,33.791819,-97.1349463,OKR1035608,6/28/2024,10/17/2027,1611,Highway And Street Construction,N,,,,,,,,,,,
Allsups 102468,MSCS LTD,Southwest of Hwy 153 and NB I-35 Frontage Rd,Thackerville,OK,73459,Love,33.794944,-97.132889,OKR1034660,8/25/2023,10/17/2027,1542,Nonresidential Construction,N,,,,,,,,,,,
Allsups 102468 Thackerville OK Parking Lot Extension,Warwick Construction Inc,Southwest of Hide-A-Way Rd and I-35 Frontage Rd,Thackerville,OK,73459,Love,33.794944,-97.132889,OKR1036306,2/13/2025,10/17/2027,1542,Nonresidential Construction,N,,,,,,,,,,,
Thackerville Public Schools - New Baseball and Softball Fields,MacHill Construction Management LLC,18943 US Hwy 77,Thackerville,OK,73459,Love,33.7986639,-97.1408028,OKR1036902,8/29/2025,10/17/2027,1542,Nonresidential Construction,N,,,,,,,,,,,
ODOT JP 35728 04,C3 Construction Inc,On Interstate Hwy 35 from south of Exit 5 (Thackerville exit,Thackerville,OK,73459,Love,33.817069,-97.131794,OKR1036896,8/25/2025,10/17/2027,1611,Highway And Street Construction,N,,,,,,,,,,,
Southern Sand - Colbert,Southern Sand Mining LLC,.3 miles West of Highway 75 .9 miles S of Upper W River Rd,Colbert,OK,74733,Bryan,33.8237109,-96.5377463,OKR1036669,7/2/2025,10/17/2027,1542,Nonresidential Construction,N,,,,,,,,,,,
ODOT JP 28803 04,Overland Corporation Inc,Along US-77 from Reed Rd to just north of Addington Bend Rd,Thackerville,OK,73459,Love,33.825278,-97.135278,OKR1033822,12/16/2022,10/17/2027,1542,Nonresidential Construction,N,,,,,,,,,,,
ODOT JP 28803 04,Overland Corporation Inc,Along US-77 from Reed Rd to just north of Addington Bend Rd,Thackerville,OK,73459,Love,33.825278,-97.135278,OKR1033822,12/16/2022,10/17/2027,1611,Highway And Street Construction,N,,,,,,,,,,,
Waterside at Lake Texoma,Avery Construction,SW corner of Access Rd and Willows PL,Kingston,OK,73749,Marshall,33.8519634,-96.7634467,OKR1036283,2/20/2025,10/17/2027,1522,Residential Construction,N,,,,,,,,,,,
Tom OK,Pine Telephone Company,Along Hwy 3 from .1 mi north of Old 21 Rd to Fox Pen Rd in,Tom,OK,74740,McCurtain,33.85207,-94.652288,OKR1031702,10/10/2023,10/17/2027,1542,Nonresidential Construction,N,,,,,,,,,,,
Pleasant Hill - ReConnect 3,Pine Cellular Phones Inc,Between Hwy 37/70 and Waterfall Creek Rd and between N 4530,Idabel,OK,74745,McCurtain,33.852141,-94.861037,OKR1035207,3/20/2024,10/17/2027,1542,Nonresidential Construction,N,,,,,,,,,,,
Dollar General Store 32031,Rupe Building Companies,Highway 91 and Sherrard Street,Colbert,OK,74733,Bryan,33.853372,-96.513567,OKR1038077,8/11/2026,10/17/2027,1542,Nonresidential Construction,N,,,,,,,,,,,
Lakeside Trails,Chris Rhynes,S half of the SW quarter of section 13 T85-R5E,Kingston,OK,73439,Marshall,33.8550972,-96.7395861,OKR1032424,6/28/2023,10/17/2027,1521,Single-Family Housing Construction,N,,,,,,,,,,,
Idabel OK,Pine Telephone Company,Along portions of Hwy 3 and Hwy 70 in McCurtain County OK,Idabel,OK,74745,McCurtain,33.88699,-94.774287,OKR1031741,9/27/2023,10/17/2027,1542,Nonresidential Construction,Y,,,,,,,,,,,
The Reserve at Bumcombe Creek,CLOK Commercial Real Estate,13752 Skiver Drive,Kingston,OK,73439,Marshall,33.891475,-96.7720833,OKR1033820,1/23/2023,10/17/2027,1521,Single-Family Housing Construction,N,,,,,,,,,,,
ODOT JP 24405 04,The Cummins Construction Company Inc,SH-37  begin .2 miles N of Sharp Rd Extend N 6.6 Mi,Idabel,OK,74745,McCurtain,33.895,-94.991,OKR1037199,12/9/2025,10/17/2027,1611,Highway And Street Construction,N,,,,,,,,,,,
Yukons,Robert Symes Trucking,Northeast of Shay Rd and Little Road,Kingston,OK,73439,Marshall,33.897349,-96.777902,OKR1034096,3/13/2023,10/17/2027,1521,Single-Family Housing Construction,N,,,,,,,,,,,
Red River Mixing Plant,"Red River Mixing, LLC",1450 NW Lincoln Rd,Idabel,OK,74745,McCurtain,33.906968,-94.850429,OKR1035917,10/3/2024,10/17/2027,1542,Nonresidential Construction,N,,,,,,,,,,,
Idabel Stone Addition,LW Development,W of N Central Ave N of Veterans Dr,Idabel,OK,74745,McCurtain,33.9118926,-94.8337857,OKR1035085,1/29/2024,10/17/2027,1521,Single-Family Housing Construction,N,,,,,,,,,,,
ODOT JP 31277 04,C3 Construction Inc,On Goodwater Rd .3 mi east of Rockhill Rd,Haworth,OK,74740,McCurtain,33.9175,-94.507778,OKR1036897,8/26/2025,10/17/2027,1622,"Bridge, Tunnel, & Elevated Highway",Y,,,,,,,,,,,
The Preserve Blocks 6-16,PPM 171 Development LLC,.2 mi east of S Sheridan Rd .2 mi north of E 171st St S,Bixby,OK,74008,Tulsa,33.918846,-95.901148,OKR1036466,4/3/2025,10/17/2027,1542,Nonresidential Construction,N,,,,,,,,,,,
Highland Trails Subdivision,Merriemen Builders,HWY 77 and Indian Trails Rd- .2 miles South,Marietta,OK,73448,Love,33.9209069,-97.0021497,OKR1037945,7/20/2026,10/17/2027,1521,Single-Family Housing Construction,N,,,,,,,,,,,
Love County Substation Project,Oklahoma Gas and Electric Company,11634 Indian Trails Rd,Marietta,OK,73448,Love,33.926178,-97.137348,OKR1035526,5/28/2024,10/17/2027,1542,Nonresidential Construction,N,,,,,,,,,,,
Bushwackers Land Clearing,Bushwackers Land Clearing,404 Brushy Creek Road,Calera,OK,74730,Bryan,33.9284405,-96.4143962,OKR1034402,6/9/2023,10/17/2027,1542,Nonresidential Construction,N,,,,,,,,,,,
Marietta Public Schools - New HS,Red Sky Constructors,843 S Hwy 77,Marietta,OK,73448,Love,33.9289,-97.1257,OKR1032671,7/7/2023,10/17/2027,1542,Nonresidential Construction,N,,,,,,,,,,,
Caney Creek RV Park,Steelrite Properties LLC,7538 Hwy 70 B,Kingston,OK,73439,Marshall,33.9330556,-96.6911111,OKR1034229,5/1/2023,10/17/2027,1542,Nonresidential Construction,N,,,,,,,,,,,
Idabel Water Treatment Plant Improvements,"Taknek, LLC",3532 N Central Ave,Idabel,OK,74745,McCurtain,33.933694,-94.827684,OKR1038144,9/2/2026,10/17/2027,1629,Heavy Construction,Y,,,,,,,,,,,
Dollar Tree DC8 Distribution Center,Clancy & Theys Construction Company,201 Dollar Tree Way,Marietta,OK,73448,Love,33.9375194,-97.1377972,OKR1037039,10/16/2025,10/17/2027,1542,Nonresidential Construction,N,,,,,,,,,,,
Caseys General Store 5230,Caseys Marketing Company,1501 Memorial Drive,Marietta,OK,73448,Love,33.9396512,-97.1368972,OKR1037293,12/29/2025,10/17/2027,1542,Nonresidential Construction,N,,,,,,,,,,,
ODOT JP 28814 04,Silver Star Construction Company Inc,On SH-32 from .42 mi west of SH-77S ext 6.98 mi east,Marietta,OK,73448,Love,33.9419,-97.0387,OKR1035864,9/19/2024,10/17/2027,1611,Highway And Street Construction,N,,,,,,,,,,,
Durant Wastewater Treatment Plant Rehabilitation,"Drake General Contractors, LLC",1222 Davis Rd,Durant,OK,74701,Bryan,33.942204,-96.385331,OKR1037905,6/22/2026,10/17/2027,1623,"Water, Sewer, And Utility Lines",N,,,,,,,,,,,
Rose Hill Heights Subdivision,Sunview Construction,N of E 2115 Rd .8 miles E of Carriage Point Rd,Calera,OK,74730,Bryan,33.948112,-96.428346,OKR1036147,12/12/2024,10/17/2027,1522,Residential Construction,N,,,,,,,,,,,
Lakeland-Mine,JHMH Investments LLC,2 mi east of Dory Rd .9 mi north of S Hwy 32,Marietta,OK,73448,Love,33.9544873,-97.2494182,OKR1037426,3/12/2026,10/17/2027,1542,Nonresidential Construction,N,,,,,,,,,,,
Rodeo Hills Subdivision,Sunstar LLC,2763 E2110 Rd,Durant,OK,74701,Bryan,33.956151,-96.40211,OKR1034195,4/3/2023,10/17/2027,1521,Single-Family Housing Construction,N,,,,,,,,,,,
Town of Garvin North Lagoon - Sewer System Improvements Phase 2,Orr Construction,.2  miles N of Bluff Rd .1 miles E of N Stanley St,Town of Garvin,OK,74745,McCurtain,33.9601044,-94.9373871,OKR1037663,4/16/2026,10/17/2027,1623,"Water, Sewer, And Utility Lines",Y,,,,,,,,,,,
Broken Bow Asphalt Batch Plant,C-Gawf Construction Inc,5170 S Park Drive,Broken Bow,OK,74728,McCurtain,33.9614371,-94.7542687,OKR1036497,4/7/2025,10/17/2027,1542,Nonresidential Construction,Y,,,,,,,,,,,
Choctaw Durant Multi Family,Patriot Development and Construction LLC,Southwest of S 9th Ave and US Hwy 70 Bypass,Durant,OK,74701,Bryan,33.963928,-96.403069,OKR1033673,11/14/2022,10/17/2027,1542,Nonresidential Construction,N,,,,,,,,,,,
Sunset Meadows - Four Crowns Capital Inc,Four Crowns Capital Inc,East of Hwy 70B .4 miles South of Crow Rd,Kingston,OK,73439,Marshall,33.977764,-96.699257,OKR1037675,5/4/2026,10/17/2027,1521,Single-Family Housing Construction,N,,,,,,,,,,,
Broken Bow Retreat,Unclebach Development LLC,East side of the intersection of River Road and E 2090,Broken Bow,OK,74728,McCurtain,33.9808333,-94.5836111,OKR1032674,11/1/2024,10/17/2027,1521,Single-Family Housing Construction,Y,,,,,,,,,,,
ATT Project A055ZVZ - Cable Placement,Southwestern Bell Telephone Co. dba AT&T Oklahoma,Intersection of Texoma Park Rd & McDuffee Rd,Kingston,OK,73439,Marshall,33.983736,-96.637072,OKR1037830,6/4/2026,10/17/2027,1623,"Water, Sewer, And Utility Lines",N,,,,,,,,,,,
Texoma Camp Estates Phase 1,Michael D Turner,.8 mi south of Hwy 32 west of Enos Rd,Kingston,OK,73439,Marshall,33.9860407,-96.7646671,OKR1034586,7/28/2023,10/17/2027,1611,Highway And Street Construction,N,,,,,,,,,,,
Haney Ann Estates,Bohannon Enterprises LLC,12988 Haney Ann Rd,Kingston,OK,73439,Marshall,33.98675,-96.76103,OKR1036637,6/2/2025,10/17/2027,1522,Residential Construction,N,,,,,,,,,,,
Eastern Ridge Subdivision,Legacy Holdings,.2 miles E of N McLean Dr S of E Main St,Durant,OK,74701,Bryan,33.987194,-96.351556,OKR1035313,4/1/2024,10/17/2027,1521,Single-Family Housing Construction,N,,,,,,,,,,,
ODOT JP 36540 04,Mid-Plains Construction Inc,8100 US-70,Durant,OK,74701,Bryan,33.989647,-96.341206,OKR1037580,4/9/2026,10/17/2027,1541,Industrial Buildings And Warehouses,N,,,,,,,,,,,
Valliant Containerboard Mill Track Expansion and Borrow Areas,International Paper,890 International Paper Lane,Valliant,OK,74764,McCurtain,33.99187,-95.098849,OKR109498,5/12/2023,10/17/2027,1542,Nonresidential Construction,N,,,,,,,,,,,
Ranchette Rental Housing,Texoma Building Services,.3 mi south of Hwy 70 east of S Ranchette Rd,Mead,OK,73449,Bryan,33.9930002,-96.5346799,OKR1031668,7/20/2023,10/17/2027,1521,Single-Family Housing Construction,N,,,,,,,,,,,
Pointe Vista - Hard Rock Hotel,HC Beck Ltd,11866 State Park Rd,Kingston,OK,73439,Marshall,33.99497,-96.63588,OKR1035617,7/10/2024,10/17/2027,1542,Nonresidential Construction,N,,,,,,,,,,,
ODOT JP 33871 04,Built Right Construction LLC,Along US-69 over Arkansas St Kiamichi RR and Main St,Durant,OK,74701,Bryan,33.997222,-96.404722,OKR1037899,6/26/2026,10/17/2027,1622,"Bridge, Tunnel, & Elevated Highway",N,,,,,,,,,,,
Pointe Vista North Wastewater Treatment Facility,Skybridge Construction,US 70 & .3 miles W of Chickasaw Point Road,Kingston,OK,73439,Marshall,33.9977778,-96.6478222,OKR1035183,2/27/2024,10/17/2027,1542,Nonresidential Construction,N,,,,,,,,,,,
La Quinta - Broken Bow,Broken Bow Suites LLC,.087 miles North of Craig Rd and East of US 259,Broken Bow,OK,74728,McCurtain,33.998542,-94.738492,OKR1034435,6/9/2023,10/17/2027,1542,Nonresidential Construction,Y,,,,,,,,,,,
Jackson Padre - Kingston,Jackson Padre LLC,North of E Hwy 70 & 0.3 mi east of N Muncrief Rd,Kingston,OK,73439,Marshall,33.9987617,-96.7029044,OKR1034041,2/22/2023,10/17/2027,,,N,,,,,,,,,,,
Bridge Pointe,Pointe Vista - Bridge Pointe,N of E Highway 70  4.3 mi east of Muncrief Rd,Kingston,OK,73439,Marshall,33.9991667,-96.6353917,OKR1032560,11/3/2023,10/17/2027,1521,Single-Family Housing Construction,N,,,,,,,,,,,
Reflection Pointe,Skybridge Construction,Northeast of US 70 and Chickasaw Point Rd,Kingston,OK,73439,Marshall,34.0009083,-96.639975,OKR1030094,9/25/2023,10/17/2027,6552,Subdividers And Developers,N,,,,,,,,,,,
US 70 OVER LAKE TEXOMA ROOSEVELT BRIDGE,"Zachry Construction/Traylor Bros., Inc. (JV)",E Hwy 70 Roosevelt Bridge,Mead,OK,73449,Bryan,34.0012727,-96.6137875,OKR1037910,6/29/2026,10/17/2027,1611,Highway And Street Construction,N,,,,,,,,,,,
Albertsons Durant Renovation,Spring Valley Construction Company,1012 Radio Road,Durant,OK,74701,Bryan,34.0025721,-96.4063478,OKR1037504,3/2/2026,10/17/2027,1542,Nonresidential Construction,N,,,,,,,,,,,
Sawyer Substation,American Electric Power,6048 Oak Ln,Sawyer,OK,74756,Choctaw,34.002743,-95.382764,OKR1038044,8/26/2026,10/17/2027,1542,Nonresidential Construction,N,,,,,,,,,,,
ODOT JP 28618 04,K&R Builders Inc,Old Willis Rd .9 miles S of Edge Rock Rd,Kingston,OK,73439,Marshall,34.014318,-96.813473,OKR1037271,12/16/2025,10/17/2027,1542,Nonresidential Construction,N,,,,,,,,,,,
Bell Lumber & Pole Oklahoma,C Terry Hunt Industries Inc,7316 CRAIG RD,Broken Bow,OK,74728,McCurtain,34.0166687,-94.6341705,OKR1034595,8/2/2023,10/17/2027,1541,Industrial Buildings And Warehouses,Y,,,,,,,,,,,
Lindenwoods Estates Phase II,Express Building Inc,1.3 mi north of E Hwy 70  .4 mi east of N 1st Ave,Durant,OK,74701,Bryan,34.016901,-96.36659,OKR1037066,10/29/2025,10/17/2027,1521,Single-Family Housing Construction,N,,,,,,,,,,,
Group 3 IE Housing,Major League Tribes LLC,.5 miles N of E Kirk St .3 miles W of N 4240 Rd/Bill Grant,Hugo,OK,74743,Choctaw,34.0182264,-95.4926285,OKR1036221,1/16/2025,10/17/2027,1522,Residential Construction,N,,,,,,,,,,,
Lindenwoods Estates,Express Development Inc,2909 Olivia Ave,Durant,OK,74701,Bryan,34.0185735,-96.3649211,OKR1036477,4/3/2025,10/17/2027,1522,Residential Construction,N,,,,,,,,,,,
BB School Clearing,Rex Ross Logging LLC,1001 South Park Dr,Broken Bow,OK,74728,McCurtain,34.019,-94.7334,OKR1036772,7/23/2025,10/17/2027,1542,Nonresidential Construction,Y,,,,,,,,,,,
Heritage North Subdivision,Sunstar LLC,.13 miles E of Larkspur Dr .3 miles S of W Mockingbird Ln,Durant,OK,74701,Bryan,34.021421,-96.410064,OKR1033735,11/21/2022,10/17/2027,1521,Single-Family Housing Construction,N,,,,,,,,,,,
United Ag and Turf,Altech Inc,3610 N 1st Ave,Durant,OK,74701,Bryan,34.024233,-96.371918,OKR1036714,6/18/2025,10/17/2027,1542,Nonresidential Construction,N,,,,,,,,,,,
The Grove at Magnolia Meadows,Billy Peck Construction,3718 Grove Park Lane,Durant,OK,74701,Bryan,34.025525,-96.3783978,OKR1037725,5/7/2026,10/17/2027,1522,Residential Construction,N,,,,,,,,,,,
Caseys - Durant,Caseys General Stores,Southeast of N 1st Ave/SH-78 and Gerlach Dr,Durant,OK,74701,Bryan,34.0262813,-96.3724194,OKR1037762,5/11/2026,10/17/2027,1542,Nonresidential Construction,N,,,,,,,,,,,
Wilson Place Subdivision,S & J Development LLC,S of E2060 Rd .3 miles W of Wilson St,Durant,OK,74701,Bryan,34.026444,-96.447775,OKR1032301,8/30/2023,10/17/2027,1521,Single-Family Housing Construction,N,,,,,,,,,,,
ODOT JP 30464 04,Schiralli Construction Corp,On Oswalt Rd beginning 1 mi east of Pike Rd ext 5 mi east,Wilson,OK,73463,Love,34.0265215,-97.2329393,OKR1036995,10/31/2025,10/17/2027,1611,Highway And Street Construction,N,,,,,,,,,,,
Crooked Creek Solar,Blattner Energy LLC,8084 Craig Road,Broken Bow,OK,74734,McCurtain,34.029976,-94.632959,OKR1038041,8/11/2026,10/17/2027,1542,Nonresidential Construction,Y,,,,,,,,,,,
Broken Bow II Subdivision,Sunview Construction LLC,E of Booker Ave .1 miles N of E 3rd St,Broken Bow,OK,74728,McCurtain,34.030834,-94.730213,OKR1035745,8/26/2024,10/17/2027,1542,Nonresidential Construction,N,,,,,,,,,,,
Hidden Oaks Creek Addition,Integrity Hills LLC,.5 miles S of Folsom Rd W of N3710 Rd/Bryan Rd,Durant,OK,74701,Bryan,34.0345,-96.4123,OKR1034325,5/18/2023,10/17/2027,1521,Single-Family Housing Construction,N,,,,,,,,,,,
Lakewood Subdivision,Wade Henderson,North of the E 11th St and Brooks St intersection,Broken Bow,OK,74728,McCurtain,34.038058,-94.729339,OKR1034865,2/9/2024,10/17/2027,1522,Residential Construction,N,,,,,,,,,,,
Rebel Ridge,Another Investment Company,.1 miles S of Folsom Rd  .2 miles E of Silo Rd,Durant,OK,74701,Bryan,34.039473,-96.471469,OKR1037087,11/3/2025,10/17/2027,1542,Nonresidential Construction,N,,,,,,,,,,,
Water Main Installation - Craig Rd Bait Shop Rd Rodeo Rd Hwy 3,McCurtain Co Rural Water District No 8,Begin at Hwy 70 S on Craig Rd then W on Craig Rd to Bait,Broken Bow,OK,74728,McCurtain,34.040808,-94.634977,OKR1037533,3/5/2026,10/17/2027,1542,Nonresidential Construction,N,,,,,,,,,,,
ODOT JP 24219 04,The Cummins Construction Co Inc,Along W State Highway 3 from .6 mi west of Myrtlewood Rd,Broken Bow,OK,74728,McCurtain,34.0426,-94.7804,OKR1035206,2/23/2024,10/17/2027,1611,Highway And Street Construction,N,,,,,,,,,,,
The Prairie Subdivision,Sunstar LLC,North of Hwy 106 and 0.2 mi east of Hwy 70F,Madill,OK,73446,Marshall,34.05362,-96.757034,OKR1034194,3/31/2023,10/17/2027,1521,Single-Family Housing Construction,N,,,,,,,,,,,
Adventus Pavement Partners LLC,Adventus Pavement Partners LLC,399 Highway 77,Overbrook,OK,73453,Love,34.06524,-97.14329,OKR1034056,3/10/2023,10/17/2027,1542,Nonresidential Construction,N,,,,,,,,,,,
Smiley Road Pad Grading,ASAP Holding LLC,Lots 2-4 Block 1 Smiley Heights Addition,Madill,OK,73446,Marshall,34.0673,-96.7621,OKR1034349,5/19/2023,10/17/2027,1522,Residential Construction,N,,,,,,,,,,,
Lake Murray Estates LLC,Lake Murray Estates LLC,290 Scott Rd,Ardmore,OK,73448,Love,34.0683333,-97.0416667,OKR1036691,8/4/2025,10/17/2027,1542,Nonresidential Construction,N,,,,,,,,,,,
McHatton Ranch Estates,McHatton Ranch Estates LLC,S of Smiley Rd .9 miles E of Whiskey Creek Rd,Madill,OK,73446,Marshall,34.0688889,-96.7280556,OKR1036717,6/27/2025,10/17/2027,1521,Single-Family Housing Construction,N,,,,,,,,,,,
Lake Meadow,Sunstar LLC,S of N Lake Rd .9 miles W of Hwy 78,Durant,OK,74701,Bryan,34.0691639,-96.3879694,OKR1030875,7/20/2023,10/17/2027,6552,Subdividers And Developers,N,,,,,,,,,,,
ODOT JP 29954 04,Hub Construction Inc,On E2030 Rd begin .5 miles W of N3710 Rd ext .5 miles W,"Durant,",OK,74701,Bryan,34.0702778,-96.42,OKR1036065,12/9/2024,10/17/2027,1611,Highway And Street Construction,N,,,,,,,,,,,
Lake Meadow North,"Sunstar, LLC",NE Corner of Lake Durant Rd and Lake Shore Dr,Durant,OK,74701,Bryan,34.070762,-96.388468,OKR1031619,7/20/2023,10/17/2027,1522,Residential Construction,N,,,,,,,,,,,
ODOT JP 31272 04,C3 Construction Inc,Along Smiley Rd and County Rd EW-203 .3 miles W of Whiskey,Madill,OK,73446,Marshall,34.070833,-96.745556,OKR1037074,12/16/2025,10/17/2027,1622,"Bridge, Tunnel, & Elevated Highway",N,,,,,,,,,,,
MID AMERICAN STEEL & WIRE CO,MID AMERICAN STEEL & WIRE CO LLC,1327 SMILEY RD,Madill,OK,73446,Marshall,34.073611,-96.753888,OKR108366,5/3/2023,10/17/2027,1542,Nonresidential Construction,N,,,,,,,,,,,
The Grove Subdivision,SBB LLC,2939 OK-48,Durant,OK,74701,Bryan,34.0741317,-96.373496,OKR1032844,8/17/2023,10/17/2027,1521,Single-Family Housing Construction,N,,,,,,,,,,,
Ironwood Estates,M and S Properties LLC,Hwy 259 N,Broken Bow,OK,74728,McCurtain,34.0751,-94.7384,OKR1033455,5/22/2023,10/17/2027,1521,Single-Family Housing Construction,Y,,,,,,,,,,,
Madill Residential Housing,Sunview Construction,Northeast of E Bird Ave and N 6th St,Madill,OK,73446,Marshall,34.09793,-96.76484,OKR1036414,3/18/2025,10/17/2027,1522,Residential Construction,N,,,,,,,,,,,
Dollar General Store - 30595,4D Construction LLC,217 W Hwy 70,Madill,OK,73446,Marshall,34.099421,-96.782978,OKR1035295,4/1/2024,10/17/2027,1542,Nonresidential Construction,N,,,,,,,,,,,
Twelvemile 1 and 2 Solar,Blattner Energy LLC,Between E 2000 Rd and Star Rd and between Haynie Rd,Durant,OK,74701,Bryan,34.10292,-96.51295,OKR1036542,4/24/2025,10/17/2027,1542,Nonresidential Construction,N,,,,,,,,,,,
ODOT JP 34333 08 - NHPP-245N 087 PM,C-Gawf Construction Inc,On N US-259  from .2 mi south of S SH-259A to .2 mi north of,Hochatown,OK,74728,McCurtain,34.1144769,-94.7393461,OKR1036120,12/5/2024,10/17/2027,1611,Highway And Street Construction,Y,,,,,,,,,,,
DOT Foods Ardmore,FCL Builders,3411 Cypert Way,Ardmore,OK,73401,Carter,34.137585,-97.136439,OKR1035318,4/4/2024,10/17/2027,1542,Nonresidential Construction,N,,,,,,,,,,,
ODOT JP 30398 04,The Cummins Construction Company Inc,On State Rd/Hwy 48 from 1 mi north of State Road 78 ext,Kenefic,OK,74729,Bryan,34.14,-96.373,OKR1036424,4/2/2025,10/17/2027,1611,Highway And Street Construction,N,,,,,,,,,,,
Texoma Ready Mix - Ardmore Plant,Derek Proctor,2400 S Commerce St,Ardmore,OK,73401,Carter,34.14655,-97.1398,OKR1035779,8/19/2024,10/17/2027,1542,Nonresidential Construction,N,,,,,,,,,,,
Twelvemile III Solar,M.A. Mortenson Company,15513 OK-78 Between S Decker Rd and,Milburn,OK,73450,Johnston,34.1572959,-96.5052741,OKR1037035,10/1/2025,10/17/2027,1542,Nonresidential Construction,N,,,,,,,,,,,
Waurika WTP Improvements DWSRF Project P40-1011201-01,Orr Construction,SW of Hwy 70 and US Hwy 81,Waurika,OK,73573,Jefferson,34.1575556,-97.9869111,OKR1038137,8/31/2026,10/17/2027,1623,"Water, Sewer, And Utility Lines",N,,,,,,,,,,,
Indian Plains Subdivision,LW Development,5037 Myall Rd,Ardmore,OK,73401,Carter,34.161222,-97.192545,OKR1031517,11/30/2023,10/17/2027,6552,Subdividers And Developers,N,,,,,,,,,,,
Bison Substation Project,Oklahoma Gas & Electric Company,0.5 mi south of E Stallings Rd east of OK Hwy 78 S,Nida,OK,73450,Johnston,34.1642806,-96.5063972,OKR1035820,9/5/2024,10/17/2027,1623,"Water, Sewer, And Utility Lines",N,,,,,,,,,,,
Twelvemile 3,Michels Power Inc,14200 State Highway 78,Milburn,OK,73450,Johnston,34.164327,-96.507204,OKR1036900,8/26/2025,10/17/2027,1623,"Water, Sewer, And Utility Lines",N,,,,,,,,,,,
Ardmore Fire Station No 2 - East Main,RFD Company,1012 E Main,Ardmore,OK,73401,Carter,34.169722,-97.113333,OKR1034622,8/7/2023,10/17/2027,1542,Nonresidential Construction,N,,,,,,,,,,,
Ardmore Police Station,Miller-Tippens Construction,30 1st Avenue SW,Ardmore,OK,73401,Carter,34.171225,-97.129199,OKR1036964,9/9/2025,10/17/2027,1542,Nonresidential Construction,N,,,,,,,,,,,
Lone Grove Facility,Schiralli Construction Corp,S Adjacent to US Hwy 70 & .3 mile East of S Texaco Rd,Wilson,OK,73463,Carter,34.172819,-97.330396,OKR1035145,2/20/2024,10/17/2027,1542,Nonresidential Construction,N,,,,,,,,,,,
Lone Grove Fire Station,Hoey Construction,248 Cottonwood St,Lone Grove,OK,73443,Carter,34.1736111,-97.2511111,OKR1037323,1/20/2026,10/17/2027,1542,Nonresidential Construction,N,,,,,,,,,,,
Warren Cat Facility,Landmark Construction Group LLC,655 Michelin Road,Ardmore,OK,73401,Carter,34.1759944,-97.1714417,OKR1033960,1/30/2023,10/17/2027,1542,Nonresidential Construction,N,,,,,,,,,,,
CKM Addition,CKM Construction,.5 mi south of Sam Noble Pkwy .2 mi west of Mary Niblack Rd,Ardmore,OK,73401,Carter,34.178145,-97.077453,OKR1034654,8/18/2023,10/17/2027,1522,Residential Construction,N,,,,,,,,,,,
OTA JP 36891 04,"Frontier Bridge, Inc.",Indian Nation Turnpike over Dumpling Creek and EW-1950,Antlers,OK,74523,Pushmataha,34.1847778,-95.6083333,OKR1038075,8/11/2026,10/17/2027,1622,"Bridge, Tunnel, & Elevated Highway",N,,,,,,,,,,,
Ethel Oleta Rattan Project,Pine Telephone Company,Pushmataha County Oklahoma,Rattan,OK,74562,Pushmataha,34.1862139,-95.6221389,OKR1031808,9/19/2023,10/17/2027,1542,Nonresidential Construction,N,,,,,,,,,,,
Cable Placement ATT Project A02STH6 APEX Project 25OK01,Southwestern Bell Telephone Co dba AT&T Oklahoma,State Highway 48 from E Cooper Creek Rd ext 1.3 miles S,Coleman,OK,73432,Johnston,34.1862249,-96.4163283,OKR1036615,5/23/2025,10/17/2027,1623,"Water, Sewer, And Utility Lines",N,,,,,,,,,,,
Noble Research Institute,Nabholz Construction,2510 Sam Noble Parkway,Ardmore,OK,73401,Carter,34.18647,-97.08508,OKR1036092,11/22/2024,10/17/2027,1542,Nonresidential Construction,N,,,,,,,,,,,
Green Hub,Green Hub LLC,West of N US Hwy 259  .2 mi north of Lufkata Trail Rd,Broken Bow,OK,74728,McCurtain,34.18666,-94.77795,OKR1034312,5/19/2023,10/17/2027,1542,Nonresidential Construction,N,,,,,,,,,,,
ODOT JP 31282 04,"C-Gawf Construction, Inc.",Greenwood Rd NS-418  from 0.16 miles south of SH-3,Antlers,OK,74523,Pushmataha,34.1867895,-95.5877593,OKR1038006,7/24/2026,10/17/2027,1611,Highway And Street Construction,Y,,,,,,,,,,,
"7 Brew Coffee Ardmore, OK",Integra Premier Construction,1201 N. Commerce St.,Ardmore,OK,73401,Carter,34.188248,-97.143533,OKR1034616,8/17/2023,10/17/2027,1542,Nonresidential Construction,N,,,,,,,,,,,
RWED MS Inv II LP,RW Everly Construction LLC,1329 12th Ave NW,Ardmore,OK,73401,Carter,34.188656,-97.146554,OKR1036216,1/13/2025,10/17/2027,1542,Nonresidential Construction,N,,,,,,,,,,,
Dickson Public Schools,Fenix Constructors Inc,4762 State Highway 199,Dickson,OK,73401,Carter,34.191235,-96.984982,OKR1036375,3/27/2025,10/17/2027,1542,Nonresidential Construction,N,,,,,,,,,,,
Reed Project,Shane Ross Premiere,1470 Merrick Dr,Ardmore,OK,73401,Carter,34.1917,-97.148,OKR1037306,12/22/2025,10/17/2027,1542,Nonresidential Construction,N,,,,,,,,,,,
ODOT JP 28007 07,L&N Bridge LLC,On Hwy 3 begin .6 miles E of N 4230 Rd ext .7 miles E,Antlers,OK,74523,Pushmataha,34.2003818,-95.486376,OKR1034731,9/13/2023,10/17/2027,1611,Highway And Street Construction,Y,,,,,,,,,,,
OReilly Auto Parts - Ardmore OK AR2,OReilly Automotive Stores Inc,2605 N Commerce,Ardmore,OK,73401,Carter,34.20242,-97.14369,OKR1036624,6/5/2025,10/17/2027,1542,Nonresidential Construction,N,,,,,,,,,,,
Dollar General Store - 31668,4D Construction LLC,111 Veterans Blvd,Ardmore,OK,73401,Carter,34.202909,-97.122381,OKR1037468,2/23/2026,10/17/2027,1542,Nonresidential Construction,N,,,,,,,,,,,
Ardmore City Schools Performing Arts Center,Fenix Constructors Inc,701 Veterans Blvd,Ardmore,OK,73401,Carter,34.2041667,-97.1388889,OKR1031131,4/25/2023,10/17/2027,1542,Nonresidential Construction,N,,,,,,,,,,,
Allsups 102484 Ardmore OK,Ready Construction Services LLC,2630 N Commerce St.,Ardmore,OK,73401,Carter,34.204263,-97.142846,OKR1035710,8/12/2024,10/17/2027,1542,Nonresidential Construction,N,,,,,,,,,,,
ODOT JP 31267 04,Wyatt Contracting,SH-22 2.1 miles south and east of SH-78 extending .035 miles,Tishomingo,OK,73460,Johnston,34.2084947,-96.6252057,OKR1038087,8/31/2026,10/17/2027,1622,"Bridge, Tunnel, & Elevated Highway",N,,,,,,,,,,,
Ardmore Sports Complex,United Golf LLC,East of Regional Park Way .4 mi north of Veterans Blvd,Ardmore,OK,73401,Carter,34.208885,-97.161808,OKR1037158,11/10/2025,10/17/2027,1542,Nonresidential Construction,N,,,,,,,,,,,
Tishomingo WWTP Improvements,Downey Contracting LLC,10890 S Dogwood Dr,Tishomingo,OK,73460,Johnston,34.221012,-96.690542,OKR1037412,3/12/2026,10/17/2027,1542,Nonresidential Construction,N,,,,,,,,,,,
Gunsmithing Bldg,RFD Construction,103 W 24th Street,Tishomingo,OK,73460,Johnston,34.2236111,-96.6788889,OKR1035690,7/26/2024,10/17/2027,1542,Nonresidential Construction,N,,,,,,,,,,,
Ardmore City Lake Dam Repairs,McMillen Inc,3905 Dyer Ln,Ardmore,OK,73401,Carter,34.223722,-97.147364,OKR1037380,1/21/2026,10/17/2027,1542,Nonresidential Construction,N,,,,,,,,,,,
Caseys Tishomingo,Caseys General Stores,1211 E Main St,Tishomingo,OK,73460,Johnston,34.2308149,-96.6626907,OKR1037807,6/8/2026,10/17/2027,1542,Nonresidential Construction,N,,,,,,,,,,,
Wastewater System Improvements - Sundowner Trailers,Sundowner Trailers Inc,9805 OK Hwy 48 S,Coleman,OK,73432,Johnston,34.2313889,-96.4269444,OKR1029537,6/12/2023,10/17/2027,1542,Nonresidential Construction,N,,,,,,,,,,,
Chickasaw Youth Club,W.L. McNatt & Co,807 E 5th St,Tishomingo,OK,73460,Johnston,34.235698,-96.663695,OKR1038035,8/5/2026,10/17/2027,1542,Nonresidential Construction,N,,,,,,,,,,,
Silt Removal,Waurika Lake Master Conservancy District,5404 East 1890 Rd,Waurika,OK,73573,Jefferson,34.2744929,-98.0528733,OKR1020158,12/15/2023,10/17/2027,1542,Nonresidential Construction,N,,,,,,,,,,,
ODOT JP 33765 09,K&R Builders,SH-35 over Little Deep Creek and unnamed creek located,Loveland,OK,73553,Tillman,34.2772056,-98.6792556,OKR1037747,5/15/2026,10/17/2027,1622,"Bridge, Tunnel, & Elevated Highway",N,,,,,,,,,,,
Blue Sky Rock Quarry,"Ashby Investments, LLC",entrance near southwest corner of SH 1 & Slippery Falls Rd,Ravia,OK,73455,Johnston,34.2776861,-96.8121278,OKR1030328,6/26/2023,10/17/2027,,,N,,,,,,,,,,,
Ardmore Airpark WWTP,BRB Contractors Inc,700 Stafford Lane,Ardmore,OK,73401,Carter,34.293194,-97.028275,OKR1034727,9/20/2023,10/17/2027,1542,Nonresidential Construction,N,,,,,,,,,,,
Ardmore Municipal Airport,Silver Star Construction Company Inc,620 General Street #1,Ardmore,OK,73401,Carter,34.2932861,-97.0273194,OKR1037151,10/31/2025,10/17/2027,1542,Nonresidential Construction,N,,,,,,,,,,,
Roy Solar,Blattner Energy LLC,4895 S OK Hwy 1S,Mill Creek,OK,74856,Johnston,34.2946,-96.7842,OKR1037893,6/22/2026,10/17/2027,1542,Nonresidential Construction,N,,,,,,,,,,,
Lane ReConnect 2,Pine Telephone Company,Between E Hunt Ln and E Acorn Rd and between N3880 Rd,Lane,OK,74555,Atoka,34.298898,-95.987937,OKR1035019,12/27/2023,10/17/2027,1542,Nonresidential Construction,N,,,,,,,,,,,
Ardmore Municipal Airport Taxiway,Silver Star Construction Co Inc,620 General Street 1,Ardmore,OK,73401,Carter,34.3013333,-97.0145361,OKR1034961,12/17/2023,10/17/2027,1542,Nonresidential Construction,N,,,,,,,,,,,
Rick Carrell Laydown Yard,Kiewit Power Constructors,S of E1870 Rd/Hwy 53 .3 miles W of Hwy 77,Ardmore,OK,73401,Carter,34.302629,-97.148355,OKR1035113,2/2/2024,10/17/2027,1623,"Water, Sewer, And Utility Lines",N,,,,,,,,,,,
Ardmore Development Authority - Rail Terminal Development,Halcomb Construction LLC,Begin .5 miles W of Redwing Rd ext .7 miles E then .1 miles,Ardmore,OK,73401,Carter,34.305479,-97.038052,OKR1035800,9/4/2024,10/17/2027,1542,Nonresidential Construction,N,,,,,,,,,,,
Ardmore Municipal Airport Ph II and III Terminal Development,Martinus,Approx 150' W of 398 Redwing Rd,Ardmore,OK,73401,Carter,34.305653,-97.03824,OKR1038023,8/5/2026,10/17/2027,1629,Heavy Construction,N,,,,,,,,,,,
LES to Sunnyside Laydown Yard,AEP Oklahoma Trans Co,SE Corner of N3010 Rd and Hwy 53,Loco,OK,73442,Stephens,34.3080061,-97.6278189,OKR1037333,1/6/2026,10/17/2027,1542,Nonresidential Construction,N,,,,,,,,,,,
Ardmore Municipal Airport Ph II Terminal Development Ph II,Texrail Civil and Concrete Services LLC,Approx 500 ft west of 1102 Waterplant Rd,Ardmore,OK,73401,Carter,34.309378,-97.030727,OKR1037296,12/18/2025,10/17/2027,1542,Nonresidential Construction,N,,,,,,,,,,,
ODOT JP 31039 04,Sewell Bros Inc,On SH-53  .8 mi west of SH-89,Loco,OK,73442,Stephens,34.3108333,-97.6136111,OKR1036909,9/18/2025,10/17/2027,1622,"Bridge, Tunnel, & Elevated Highway",N,,,,,,,,,,,
Johnston County to Sunnyside Transmission Line Rebuild,Kiewit Power Constructors,Begin E of Hwy 1 S .8 miles S of W Griffin Rd ext 29.4 miles,Mill Creek,OK,74856,Johnston,34.3136968,-96.7803119,OKR1034874,11/16/2023,10/17/2027,1623,"Water, Sewer, And Utility Lines",N,,,,,,,,,,,
Allsup 102472 Atoka OK Town of Tushka,The Riverside Group Inc,416 N Jefferson Hwy,Atoka,OK,74525,Atoka,34.322646,-96.164844,OKR1034926,11/22/2023,10/17/2027,1542,Nonresidential Construction,N,,,,,,,,,,,
Moyers OK,Pine Telephone Company,Along Portions of Hwy 2 and the Indian Nation Turnpike,Antlers,OK,74523,Pushmataha,34.330923,-95.649624,OKR1031701,9/25/2023,10/17/2027,1542,Nonresidential Construction,Y,,,,,,,,,,,
Mike Row to Old Rock Quarry Laydown Yard,Kiewit Power Constructors,1620 US HWY 377,Tishomingo,OK,73460,Johnston,34.339928,-96.641969,OKR1034863,11/2/2023,10/17/2027,1623,"Water, Sewer, And Utility Lines",N,,,,,,,,,,,
Mt Herman OK,Pine Telephone Company,Along portions of Hwy 259 Hwy 4 & Bttiest Pickens Rd and,Battiest,OK,74722,LeFlore,34.363452,-94.809865,OKR1034941,12/17/2023,10/17/2027,1542,Nonresidential Construction,N,,,,,,,,,,,
Martin Marietta Materials Mill Creek Terminal,JCF Bridge & Concrete,On Txi Mill Creek Rd 1.1 miles W of OK Hwy 1N,Mill Creek,OK,74856,Johnston,34.3646779,-96.827353,OKR1035859,9/20/2024,10/17/2027,1622,"Bridge, Tunnel, & Elevated Highway",N,,,,,,,,,,,
Caseys General Store - 2067 South Mississippi Ave,Caseys Marketing Company,2067 South Mississippi Avenue,Atoka,OK,74525,Atoka,34.3652468,-96.1418156,OKR1035056,1/5/2024,10/17/2027,1542,Nonresidential Construction,N,,,,,,,,,,,
State Highway 53 Waterline Relocations,Grade Work Construction LLC,On Hwy 53  from N 6th St to Comanche Drive,Comanche,OK,73529,Stephens,34.36908,-97.96773,OKR1035478,6/3/2024,10/17/2027,1542,Nonresidential Construction,N,,,,,,,,,,,
Braums Ice Cream and Dairy Stores - US-75 and W Cedar St,Retail Buildings Inc,SW of Intersection of US-75 and W Cedar St,Atoka,OK,74525,Atoka,34.372711,-96.13695,OKR1037270,12/16/2025,10/17/2027,1542,Nonresidential Construction,N,,,,,,,,,,,
Grade Drain Bridge and Surface - Atoka,"The Cummins Construction Company, Inc.",On W Hwy 7 from east of N Old Broom Rd ext 5.5 mi east,Atoka,OK,74525,Atoka,34.375,-96.259,OKR1035824,9/9/2024,10/17/2027,1611,Highway And Street Construction,N,,,,,,,,,,,
McCall Middle School Expansion and New Softball Field,Atoka Public Schools,1775 South Greathouse Drive,Atoka,OK,74525,Atoka,34.3776778,-96.1444333,OKR1036719,7/2/2025,10/17/2027,1542,Nonresidential Construction,N,,,,,,,,,,,
Atoka Subdivision,DF Capital LLC,S of W 6th St .3 miles E of S Greathouse Dr,Atoka,OK,74525,Atoka,34.37955,-96.1396167,OKR1036301,2/13/2025,10/17/2027,1521,Single-Family Housing Construction,N,,,,,,,,,,,
Battiest Housing,Sunview Construction,South of Battiest Pickens Rd .14 mi northwest of,Battiest,OK,74722,McCurtain,34.3811972,-94.8861417,OKR1036933,9/15/2025,10/17/2027,1521,Single-Family Housing Construction,N,,,,,,,,,,,
Atoka AR IEH,Tomahawk Construction Management LLC,.2 mi south of W Liberty Rd .6 mi west of S Greathouse Dr,Atoka,OK,74525,Atoka,34.391944,-96.156717,OKR1036062,11/18/2024,10/17/2027,1522,Residential Construction,N,,,,,,,,,,,
Memorial Health - Tillman County,Memorial Health Southwest Oklahoma,319 E Josephine Ave,Frederick,OK,73542,Tillman,34.4042,-99.0135,OKR1037460,2/24/2026,10/17/2027,1542,Nonresidential Construction,N,,,,,,,,,,,
Atoka Industrial Development,Tye Johnson,Northwest of Hwy 69 and N3880 Rd,Atoka,OK,74525,Atoka,34.408,-96.1113,OKR1034574,7/21/2023,10/17/2027,1542,Nonresidential Construction,N,,,,,,,,,,,
Corbin Well Water System Improvements - Tishomingo Municipal Authority TISH-22-06,Orr Construction,Bgn 1.7 S of W Spring Creek Rd on S Corbin Rd ex N to Spring,Tishomingo,OK,73460,Johnston,34.4096,-96.6812,OKR1036579,5/7/2025,10/17/2027,1623,"Water, Sewer, And Utility Lines",N,,,,,,,,,,,
Atoka Pump Station O,Wynn Construction,4462 North Lake Road;  Line and station north and south,Atoka,OK,74525,Atoka,34.425148,-96.099607,OKR1036155,2/5/2025,10/17/2027,1542,Nonresidential Construction,N,,,,,,,,,,,
Former Duncan Refinery,GHD Services Inc,Sites east of Old US 81 between W Terry Rd and Irena Rd,Comanche,OK,73529,Stephens,34.4266667,-97.9586556,OKR1027850,4/20/2023,10/17/2027,1542,Nonresidential Construction,N,,,,,,,,,,,
Terry Road to Sunnyside,Oklahoma Trans Co - Terry Road to Sunnyside,SW Corner of Lake Rd and Terry Road,Duncan,OK,73536,Stephens,34.4293276,-97.9006788,OKR1037984,7/27/2026,10/17/2027,1542,Nonresidential Construction,N,,,,,,,,,,,
Chickasaw National Area Entrance Road Route 010 and Other CHIC-313113,NewGold LLC,"Along Charles C Cooper Mem Dr, Point Campground Rd,",Sulphur,OK,73086,Murray,34.433496,-96.98743,OKR1034444,6/22/2023,10/17/2027,1542,Nonresidential Construction,N,,,,,,,,,,,
Duncan Substation,Fusion Industries,175595 N 2810 Rd,Duncan,OK,73533,Stephens,34.45345,-97.9852722,OKR1036488,4/8/2025,10/17/2027,1521,Single-Family Housing Construction,N,,,,,,,,,,,
Atoka Raw Water Pipeline Project WC 0871,"Oscar Renda Contracting, Inc.",From Pump Station O to Colegate Pump Station,Atoka,OK,74525,Atoka,34.4541667,-96.1658333,OKR1033467,11/3/2023,10/17/2027,1611,Highway And Street Construction,Y,,,,,,,,,,,
ODOT 31054 04 / ODOT 31055 04 Mandatory Tie STP-215C 059 PM/STP-215C 060 PM,Treas Construction Inc,SH-48 between E 1700 Rd and E 1770 Rd,Clarita,OK,74538,Coal,34.4576368,-96.4246578,OKR1036235,1/21/2025,10/17/2027,1622,"Bridge, Tunnel, & Elevated Highway",N,,,,,,,,,,,
Rush Springs Solar LLC,Blattner Energy LLC,Between S Oklahoma Hills Rd and N 2890 Rd and between,Duncan,OK,73533,Stephens,34.4693,-97.8939,OKR1036478,4/16/2025,10/17/2027,1623,"Water, Sewer, And Utility Lines",N,,,,,,,,,,,
Stringtown Drainage Improvements,Pacific West LLC,Begin at Mount Blanc Ave ext1.8 miles N,Stringtown,OK,74569,Atoka,34.4695415,-96.0535302,OKR1036775,7/23/2025,10/17/2027,1542,Nonresidential Construction,N,,,,,,,,,,,
Braxton Section 4,Bold Oklahoma Land Development LLC,.4 mi north of W Reno Ave .3 mi east of N Frisco Rd,Oklahoma City,OK,73099,Canadian,34.4705,-97.7714,OKR1036518,4/29/2025,10/17/2027,1521,Single-Family Housing Construction,N,,,,,,,,,,,
Rush Springs Energy Storage II,"Blattner Energy, LLC",175604 N 2860 Road,Duncan,OK,73533,Stephens,34.471015,-97.8935031,OKR1038021,8/21/2026,10/17/2027,1623,"Water, Sewer, And Utility Lines",N,,,,,,,,,,,
Smithville Housing,Sunview Construction,South of East Loop Rd .1 mi east of Main St,Smithville,OK,74957,McCurtain,34.475996,-94.642927,OKR1036932,9/8/2025,10/17/2027,1521,Single-Family Housing Construction,Y,,,,,,,,,,,
ODOT JP 36611 04,C3 Construction Inc,I-35 From 2.23 miles south of the SH-7 interchange near Davi,Davis,OK,73030,Murray,34.477111,-97.15657,OKR1037756,5/21/2026,10/17/2027,1542,Nonresidential Construction,N,,,,,,,,,,,
New Hope Rd Comanche Co Borrow Pit,D&R Construction & Materials LLC,North of New Hope Rd .3 mi west of SW 11th St,Geronimo,OK,73543,Comanche,34.478143,-98.405488,OKR1036969,9/25/2025,10/17/2027,1542,Nonresidential Construction,N,,,,,,,,,,,
OTA JP 35317 04,Duit Construction Company,"HE Bailey turnpike from Hwy 281 /  US-277, extending North",Geronimo,OK,73543,Cotton,34.4823416,-98.4096105,OKR1037891,6/22/2026,10/17/2027,1611,Highway And Street Construction,N,,,,,,,,,,,
Beaver Creek Solar LLC,Blattner Energy LLC,From between 1730 Rd and 1770 Rd and 2740 Rd and 2770 Rd,Duncan,OK,73533,Stephens,34.4894214,-98.0875272,OKR1037823,6/8/2026,10/17/2027,1623,"Water, Sewer, And Utility Lines",N,,,,,,,,,,,
Vision 345kV Substation,Overland Contracting Inc,N 2750 Rd & E 1740 Rd,Empire City,OK,73533,Stephens,34.490297,-98.089977,OKR1037890,6/24/2026,10/17/2027,1623,"Water, Sewer, And Utility Lines",N,,,,,,,,,,,
Davis Wastewater Treatment Plant,Walters Morgan Construction Inc,1101 South A St,Davis,OK,73030,Murray,34.4923918,-97.1178371,OKR1034737,9/15/2023,10/17/2027,1623,"Water, Sewer, And Utility Lines",N,,,,,,,,,,,
Davis Elementary School Addition,MacHill Construction Management LLC,400 E Atlanta Ave,Davis,OK,73030,Murray,34.5006,-97.116,OKR1037845,8/10/2026,10/17/2027,8211,Elementary And Secondary Schools,N,,,,,,,,,,,
6th Street Roadway Improvements,Pavers Inc,6th St from Main St to Ferguson,Davis,OK,73030,Murray,34.5018156,-97.1142014,OKR1035015,1/2/2024,10/17/2027,1622,"Bridge, Tunnel, & Elevated Highway",N,,,,,,,,,,,
AutoZone Store 4334,AutoZone Stores LLC,1905 W BROADWAY AVE,Sulphur,OK,73086,Murray,34.505672,-96.992447,OKR1034533,7/3/2023,10/17/2027,1542,Nonresidential Construction,N,,,,,,,,,,,
ODOT JP 28813 04,Overland Corporation Inc,US-277 Widen and Resurface - from 0.51 miles east of I-44,Geronimo,OK,73543,Comanche,34.507369,-98.4040424,OKR1036927,8/28/2025,10/17/2027,1611,Highway And Street Construction,N,,,,,,,,,,,
Dollar General 25890,4D Construction LLC,712 E Baseline Road,Tipton,OK,73570,Tillman,34.507582,-99.132751,OKR1034791,10/10/2023,10/17/2027,1542,Nonresidential Construction,N,,,,,,,,,,,
ODOT JP 30428 04,Overland Corporation Inc,SH-7 from 0.98 mi east of US-177 jct ext east 5.263 miles,Sulphur,OK,73086,Murray,34.5108679,-96.949758,OKR1037303,12/23/2025,10/17/2027,1611,Highway And Street Construction,N,,,,,,,,,,,
Oklahoma School of Deaf Football Field,RGroup Inc dba United Turf and Track,1100 E Oklahoma Ave,Sulphur,OK,73086,Murray,34.5116994,-96.951614,OKR1036450,3/27/2025,10/17/2027,1542,Nonresidential Construction,N,,,,,,,,,,,
Duncan South Borrow Pit No 2,F5 Welding & Dozer,From SH-7 and W Elk Ave south on SH-7 about .4 miles,Duncan,OK,73533,Stephens,34.5167917,-97.9955007,OKR1036994,9/16/2025,10/17/2027,,,N,,,,,,,,,,,
DRH Jones Parking Addition,WW Builders Inc,.09 mi south of W Elk Ave .4 mi west of N Hwy 81,Duncan,OK,73533,Stephens,34.52041,-97.974348,OKR1035869,10/25/2024,10/17/2027,1542,Nonresidential Construction,N,,,,,,,,,,,
Elks Run Housing,WW Builders Inc,3550 W Elks Ave,Duncan,OK,73533,Stephens,34.5206444,-97.9943972,OKR1036735,7/3/2025,10/17/2027,1521,Single-Family Housing Construction,N,,,,,,,,,,,
DRH Health ENT Clinic at the Trails,Dale Martin Dozers LLC,2560 W Elk Ave  Ste 200,Duncan,OK,73533,Stephens,34.521291,-97.981299,OKR1036987,10/13/2025,10/17/2027,1542,Nonresidential Construction,N,,,,,,,,,,,
ODOT JP 34250 04,Overland Corporation Inc,SH-7 at Elk Avenue Interchange,Duncan,OK,73533,Stephens,34.5215921,-97.9964233,OKR1036825,8/1/2025,10/17/2027,,,N,,,,,,,,,,,
Orthopedic and Sports Medicine Clinic,Dale Martin Dozers LLC,2635 W Elk Ave,Duncan,OK,73533,Stephens,34.522644,-97.981302,OKR1036854,8/13/2025,10/17/2027,1542,Nonresidential Construction,N,,,,,,,,,,,
Coalgate Balancing Tank,Downey Contracting LLC,north of Hwy 31 between Barnes Ave and Epperson Rd,Coalgate,OK,74538,Coal,34.5268611,-96.2776389,OKR1036591,6/9/2025,10/17/2027,1542,Nonresidential Construction,N,,,,,,,,,,,
Duncan Borrow Pit - Section 25 T1N R8W,F5 Welding & Dozer,From intersection of W Elk Ave & N 29th St,Duncan,OK,73533,Stephens,34.5273024,-97.9917827,OKR1036879,8/18/2025,10/17/2027,,,N,,,,,,,,,,,
Wilkerson Addition,"Pinnacle Site Development, LLC",From Hwy 81 travel West for half a mile turn North on W Mock,Duncan,OK,73533,Stephens,34.527475,-97.97905,OKR1037777,5/27/2026,10/17/2027,1521,Single-Family Housing Construction,N,,,,,,,,,,,
Second Coalgate Pump Station,Archer Western - The Walsh Group,3524 W Hwy 31,Coalgate,OK,74538,Coal,34.5275,-96.2791667,OKR1037509,3/2/2026,10/17/2027,1542,Nonresidential Construction,N,,,,,,,,,,,
Duncan Bypass Borrow Pit N 42nd St,F5 Welding & Dozer,1724 N 42nd St,Duncan,OK,73533,Stephens,34.5297012,-97.9970022,OKR1037498,3/2/2026,10/17/2027,1611,Highway And Street Construction,N,,,,,,,,,,,
Rick Jackson Laydown Yard,Kiewit Power Constructors,S of E 1710 Rd .3 miles W of N 3800 Rd,Coalgate,OK,74538,Coal,34.533987,-96.254074,OKR1034864,11/2/2023,10/17/2027,1623,"Water, Sewer, And Utility Lines",N,,,,,,,,,,,
Coalgate Public Schools Track & Field Improvements,Coalgate Public Schools,S of E 1710 Rd/W Cedar Way Ave 1.3 miles E of N 3800 Rd,Coalgate,OK,74538,Coal,34.534387,-96.227119,OKR1036197,1/28/2025,10/17/2027,1542,Nonresidential Construction,N,,,,,,,,,,,
Project WC-0872 Atoka Pipeline Raw Water Transmission Line,McKee Utility Contractors LLC,.4 miles S of E 1710 Rd .7 miles W of Matthews Rd ext 14.9 m,Coalgate,OK,74538,Coal,34.5358333,-96.2863889,OKR1036515,4/29/2025,10/17/2027,1623,"Water, Sewer, And Utility Lines",N,,,,,,,,,,,
City of Lawton,Sewell Bros Inc,SW 11th St over Wolf Creek .5 N of SW Pecan Rd,Lawton,OK,73501,Comanche,34.5441639,-98.404575,OKR1036684,6/17/2025,10/17/2027,1542,Nonresidential Construction,N,,,,,,,,,,,
Dominos Gas Station,Dale Martin Dozers LLC,Southeast of W Camelback Rd and N Hwy 81,Duncan,OK,73533,Stephens,34.550174,-97.965738,OKR1037620,4/2/2026,10/17/2027,1542,Nonresidential Construction,N,,,,,,,,,,,
Duncan Fire Sta No 4,Miller-Tippens Construction Co,1420 W Camelback Rd,Duncan,OK,73533,Stephens,34.550209,-97.965327,OKR1036689,6/17/2025,10/17/2027,1542,Nonresidential Construction,N,,,,,,,,,,,
Domino 135 Duncan,Clyde Riggs Construction,Southeast of W Camelback Rd and N Hwy-81,Duncan,OK,73533,Stephens,34.550687,-97.966271,OKR1037206,12/1/2025,10/17/2027,1541,Industrial Buildings And Warehouses,N,,,,,,,,,,,
Domino 135 Duncan,Clyde Riggs Construction,Southeast of W Camelback Rd and N Hwy-81,Duncan,OK,73533,Stephens,34.550687,-97.966271,OKR1037206,12/1/2025,10/17/2027,1542,Nonresidential Construction,N,,,,,,,,,,,
Domino 135 Duncan,Clyde Riggs Construction,Southeast of W Camelback Rd and N Hwy-81,Duncan,OK,73533,Stephens,34.550687,-97.966271,OKR1037206,12/1/2025,10/17/2027,5541,Gasoline Service Stations,N,,,,,,,,,,,
El Rancho 1.0MG Elevated Storage Tank,Landmark Structures,3914 El Rancho Drive,Duncan,OK,73533,Stephens,34.552314,-97.956634,OKR1035503,6/3/2024,10/17/2027,1542,Nonresidential Construction,N,,,,,,,,,,,
Sunshine Road Mine,Covia Solutions LLC,600 E Walling Avenue,Roff,OK,74865,Pontotoc,34.5542778,-96.8243333,OKR1035795,9/12/2024,10/17/2027,1542,Nonresidential Construction,N,,,,,,,,,,,
Fisher 59 Distribution Center,Fisher 59 LLC,S of SW Gilbert Gipson Rd .2 miles W of Sw 11th St,Lawton,OK,73501,Comanche,34.5573465,-98.4084209,OKR1035263,3/18/2024,10/17/2027,1541,Industrial Buildings And Warehouses,N,,,,,,,,,,,
Road Improvement Plans,Fisher 59 LLC,W of SW Gilbert Gipson Rd ext S .09 miles then E .05 miles,Lawton,OK,73501,Comanche,34.5578873,-98.4083366,OKR1035419,5/6/2024,10/17/2027,1541,Industrial Buildings And Warehouses,N,,,,,,,,,,,
Rightway Manufacturing LLC,Richard Newman,5615 N Hwy 81 Bldg A,Duncan,OK,73533,Stephens,34.559425,-97.9686111,OKR1010984,4/25/2023,10/17/2027,1542,Nonresidential Construction,N,,,,,,,,,,,
Lawton SE WTP Project,Walters Morgan Construction Inc,4596 SE 15th St,Lawton,OK,73501,Comanche,34.56168,-98.36798,OKR1037391,1/27/2026,10/17/2027,1542,Nonresidential Construction,N,,,,,,,,,,,
Coombs Substation and Tap,Western Farmers Electric Cooperative,.4 mi east of SW 112th St north of SW Coombs Rd ext .5 mi,Lawton,OK,73505,Comanche,34.5656157,-98.521067,OKR1037263,12/11/2025,10/17/2027,1542,Nonresidential Construction,N,,,,,,,,,,,
Replace Airport Traffic Control Tower at Lawton-Fort Sill regional Airport LAW,StructSure Projects,3401 SW 11th St,Lawton,OK,73501,Comanche,34.5705806,-98.4208944,OKR1037609,3/31/2026,10/17/2027,1542,Nonresidential Construction,N,,,,,,,,,,,
Bishop Middle School,CMS Willowbrook,2204 SW Bishop Rd,Lawton,OK,73501,Comanche,34.5792515,-98.4231796,OKR1034481,6/29/2023,10/17/2027,1542,Nonresidential Construction,N,,,,,,,,,,,
Site Grading - Pond Construction,Rasel Hossain,South of Bishop Rd .1 mi east of SW 67th St,Lawton,OK,73505,Comanche,34.5796,-98.4727,OKR1037128,11/10/2025,10/17/2027,1522,Residential Construction,N,,,,,,,,,,,
Ploof Residence,Wing Brothers Homes,Prairie Acres Lot 7 Blk 1,Lawton,OK,73505,Comanche,34.57979,-98.46785,OKR1036790,7/28/2025,10/17/2027,1521,Single-Family Housing Construction,N,,,,,,,,,,,
Westwin Elements -Demonstration Plant Pilot,Westwin Elements Inc,10925 SW Bishop Rd,Lawton,OK,73505,Comanche,34.5804,-98.5246,OKR1034885,10/31/2023,10/17/2027,1542,Nonresidential Construction,N,,,,,,,,,,,
Westwin Elements -Demonstration Plant Pilot,Westwin Elements Inc,10925 SW Bishop Rd,Lawton,OK,73505,Comanche,34.5804,-98.5246,OKR1034885,10/31/2023,10/17/2027,3339,Primary Nonferrous Metals,N,,,,,,,,,,,
OAK POINTE PART 2,Brentwood Development Inc,SW 67TH ST & BISHOP RD,Lawton,OK,73505,Comanche,34.581722,-98.474999,OKR106443,6/1/2023,10/17/2027,1521,Single-Family Housing Construction,N,,,,,,,,,,,
Rose Creek Development Part 1,STK Developments LLC,North of SW Bishop Rd .4 mi east of SW 52nd St,Lawton,OK,73505,Comanche,34.582,-98.4495,OKR1033664,8/9/2023,10/17/2027,1522,Residential Construction,N,,,,,,,,,,,
THE HIGHLANDS-Highlands LLC,Highland LLC,East of SW 52nd St and 0.1 mi north of SW Bishop Rd,Lawton,OK,73505,Comanche,34.582812,-98.456768,OKR1011071,10/4/2023,10/17/2027,1522,Residential Construction,N,,,,,,,,,,,
Clayton Subdivision,Sunview Construction,SW corner of W Chickasaw St and S 7th St,Clayton,OK,74536,Pushmataha,34.583704,-95.361912,OKR1034967,12/6/2023,10/17/2027,1521,Single-Family Housing Construction,N,,,,,,,,,,,
Rolling Hills Part 5A,National Home Corp,.4 mi north of SW Bishop Rd .3 mi west of SW 38th St,Lawton,OK,73505,Comanche,34.585514,-98.445389,OKR1037122,11/5/2025,10/17/2027,1522,Residential Construction,N,,,,,,,,,,,
Rolling Hills Part 4 & 5,STK Developments LLC,.4 miles N of SW Bishop Rd and .3 miles W of SW 38th St,Lawton,OK,73505,Comanche,34.5857,-98.44599,OKR1029666,9/12/2023,10/17/2027,1522,Residential Construction,N,,,,,,,,,,,
"OAK RIDGE ADDITION, PART 2-A",Brentwood Development Inc,SW Bishop Rd and SW 67th St,Lawton,OK,73505,Comanche,34.586619,-98.471297,OKR1010816,6/1/2023,10/17/2027,1521,Single-Family Housing Construction,N,,,,,,,,,,,
Herring House,Ryan Herring Construction,1905 SE Flower Mound Rd,Lawton,OK,73501,Comanche,34.5879,-98.3524,OKR1037714,4/29/2026,10/17/2027,1521,Single-Family Housing Construction,N,,,,,,,,,,,
Lawton Food Bank Additional Parking,Lawton Food Bank,1819 SW Sheridan Road,Lawton,OK,73505,Comanche,34.5890431,-98.4225249,OKR1037348,1/8/2026,10/17/2027,1611,Highway And Street Construction,N,,,,,,,,,,,
South Wolf Creek Trunk Expansion 5 Project,McKee Utility Contractors LLC,From north of SW Lee Blvd .08 mi east of SW 67th St ext,Lawton,OK,73505,Comanche,34.594276,-98.473476,OKR1035346,4/8/2024,10/17/2027,1623,"Water, Sewer, And Utility Lines",N,,,,,,,,,,,
Rehab of SW Lee Ave from SW 52nd St to SW 38th St,T&G Construction,Lee Blvd 38th St to 52nd St,Lawton,OK,73505,Comanche,34.5943246,-98.4478269,OKR1037218,1/27/2026,10/17/2027,1542,Nonresidential Construction,N,,,,,,,,,,,
ODOT JP 31890 04,C3 Construction,SH7 over East Cache Creek .483 Miles East of the I-44 Interc,Lawton,OK,73501,Comanche,34.594406,-98.369815,OKR1037760,5/21/2026,10/17/2027,1622,"Bridge, Tunnel, & Elevated Highway",N,,,,,,,,,,,
38TH STREET/ LEE BLVD FILL SITE,Larry Adair,Northeast of SW 38th St and SW Lee Blvd,Lawton,OK,73505,Comanche,34.5946,-98.4386,OKR1010396,6/6/2023,10/17/2027,1542,Nonresidential Construction,N,,,,,,,,,,,
Lawton Animal Welfare Building,A&K Construction Inc,1701 SW Lee Blvd,Lawton,OK,73501,Comanche,34.5946861,-98.4138952,OKR1037597,3/24/2026,10/17/2027,1542,Nonresidential Construction,N,,,,,,,,,,,
ODOT JP 36103 04,Treas Construction Inc,On Old State Hwy 3  1.3 mi northwest of US Hwy 75 inter,Centrahoma,OK,74538,Coal,34.5950654,-96.2984332,OKR1036826,8/1/2025,10/17/2027,1622,"Bridge, Tunnel, & Elevated Highway",N,,,,,,,,,,,
WEST HILL I,Sooner Traditions LLC,Northeast of SW 82nd and SW Lee Blvd,Lawton,OK,73505,Comanche,34.597308,-98.488888,OKR108708,8/25/2023,10/17/2027,1521,Single-Family Housing Construction,N,,,,,,,,,,,
Goodyear Lawton Curing Press Expansion,The Goodyear Tire and Rubber Company,1 SW Goodyear Blvd,Lawton,OK,73505,Comanche,34.597999,-98.51625,OKR1026356,6/15/2023,10/17/2027,1542,Nonresidential Construction,N,,,,,,,,,,,
G&R Enterprises Truck Parking,G & R Enterprises,1012 SW Superior Circle,Lawton,OK,73505,Comanche,34.59875,-98.50715,OKR1035595,6/26/2024,10/17/2027,1542,Nonresidential Construction,N,,,,,,,,,,,
Tandem Mixer Project,The Goodyear Tire and Rubber Co,1 SW Goodyear Blvd,Lawton,OK,73505,Comanche,34.5988889,-98.522222,OKR1030305,6/21/2023,10/17/2027,1542,Nonresidential Construction,N,,,,,,,,,,,
West Hill Part II,Sooner Traditions LLC,Northeast of SW 82nd St and SW Lee Blvd,Lawton,OK,73505,Comanche,34.6005556,-98.49,OKR1020881,8/25/2023,10/17/2027,1521,Single-Family Housing Construction,N,,,,,,,,,,,
Goodyear Tire & Rubber Company,The Goodyear Tire and Rubber Co,,,,,Comanche,34.6011,-98.5228,OKR1030939,6/15/2023,10/17/2027,1542,Nonresidential Construction,N,,,,,,,,,,,
Goodyear Tire & Rubber Company,The Goodyear Tire and Rubber Co,,,,,Comanche,34.6011,-98.5228,OKR1030939,6/15/2023,10/17/2027,3011,Tires And Inner Tubes,N,,,,,,,,,,,
Goodyear Tire & Rubber Company,The Goodyear Tire and Rubber Co,1 SW Goodyear Blvd.,Lawton,OK,73505,Comanche,34.6011,-98.5228,OKR1030939,6/15/2023,10/17/2027,1542,Nonresidential Construction,N,,,,,,,,,,,
Goodyear Tire & Rubber Company,The Goodyear Tire and Rubber Co,1 SW Goodyear Blvd.,Lawton,OK,73505,Comanche,34.6011,-98.5228,OKR1030939,6/15/2023,10/17/2027,3011,Tires And Inner Tubes,N,,,,,,,,,,,
Map 46 Water Line Replacement,Wampler Construction Services LLC,SE corner of E Gore Blvd and SE 45th St,Lawton,OK,73505,Comanche,34.6014,-98.3326,OKR1037647,4/15/2026,10/17/2027,1623,"Water, Sewer, And Utility Lines",N,,,,,,,,,,,
SW 38th Street Rehabilitation -  Lee Blvd to Gore Ave,T&G Construction,On SW 38th St from W Gore Blvd to SW Lee Blvd,Lawton,OK,73505,Comanche,34.6019729,-98.4395961,OKR1036582,5/27/2025,10/17/2027,1611,Highway And Street Construction,N,,,,,,,,,,,
FSNB Building Addition,FSNB National Association,601 SW Ard Street,Lawton,OK,73505,Comanche,34.6021,-98.5048,OKR1033251,4/21/2023,10/17/2027,1542,Nonresidential Construction,N,,,,,,,,,,,
Lawton Eastside to Lawton 112th and W Gore,PSO Transmission,Between Gore Blvd and Bishop Rd from SE 60th St to 112th St,Lawton,OK,73501,Comanche,34.603393,-98.31494,OKR1037140,11/5/2025,10/17/2027,1542,Nonresidential Construction,N,,,,,,,,,,,
Lawton 112th & W. Gore to Lawton Goodyear Substation,AEP Oklahoma Transmission Company,From .3 mi east of NW 112th St .3 mi north of SW Lee Blvd,Lawton,OK,73505,Comanche,34.604137,-98.521599,OKR1035002,12/29/2023,10/17/2027,1542,Nonresidential Construction,N,,,,,,,,,,,
Lawton Chrysler Jeep Dodge Ram Pavement Expansion,MooreNouri LLC,215 SE Interstate Dr,Lawton,OK,73501,Comanche,34.60587,-98.37885,OKR1032278,7/1/2023,10/17/2027,1542,Nonresidential Construction,N,,,,,,,,,,,
McMahon Field,Mammoth Sports Construction LLC,SEC of SW 38th St and SW Gore Blvd,Lawton,OK,73505,Comanche,34.606951,-98.4394155,OKR1037049,10/10/2025,10/17/2027,1542,Nonresidential Construction,N,,,,,,,,,,,
Lawton Airgas POP,PSO Transmission,Southwest of 112th St and Railroad Crossing .1 mi south of,Lawton,OK,73505,Comanche,34.607026,-98.528375,OKR1036952,9/8/2025,10/17/2027,1542,Nonresidential Construction,N,,,,,,,,,,,
Map 44 Waterline Lawton PU2502 Funding Project P40-1011303-06,TIMCO,Gore Blvd from SE Flower Mound Road ext .75 miles west,Lawton,OK,73507,Comanche,34.6087015,-98.3655137,OKR1037324,12/31/2025,10/17/2027,1623,"Water, Sewer, And Utility Lines",N,,,,,,,,,,,
Lawton Sports Complex,Lawton Youth Sports Trust Authority,3802 E Gore Blvd,Lawton,OK,73501,Comanche,34.6098583,-98.3427222,OKR1037414,2/20/2026,10/17/2027,1542,Nonresidential Construction,N,,,,,,,,,,,
"MACARTHUR PARK ADDITION, PART 8",Park Jones Realty Co Inc,Intersection of NE 51st St and NE Haddington Pl,Lawton,OK,73505,Comanche,34.6122,-98.3281,OKR106299,7/20/2023,10/17/2027,1521,Single-Family Housing Construction,N,,,,,,,,,,,
Firehawk Aerospace Engineering,Herring Construction Inc,Between NW Goodyear Blvd and 112th St .6 mi south of,Lawton,OK,73505,Comanche,34.612439,-98.517617,OKR1037596,3/26/2026,10/17/2027,1541,Industrial Buildings And Warehouses,N,,,,,,,,,,,
Wyatt Acres Remaining Tract,Wyatt Development Co Inc,East of NW 82nd St .6 mi south of NW Cache Rd,Lawton,OK,73505,Comanche,34.6136,-98.4884,OKR107696,12/15/2023,10/17/2027,1521,Single-Family Housing Construction,N,,,,,,,,,,,
Goodyear Blvd Reconstruction and Repaving,T&G Construction Inc,On NW Goodyear Blvd from NW Cache Rd ext 1.3 mi south,Lawton,OK,73505,Comanche,34.6145033,-98.510267,OKR1035604,7/8/2024,10/17/2027,1611,Highway And Street Construction,N,,,,,,,,,,,
Scissortail Addition - Part 1 & 2,Scissortail Real Estate LLC,.2 mi south of NE Cache Rd .2 mi west of NE Flower Mound Rd,Lawton,OK,73507,Comanche,34.6176944,-98.3578333,OKR1028980,5/28/2024,10/17/2027,1522,Residential Construction,N,,,,,,,,,,,
Atoka to Tupelo 138 kV Transmission Line Rebuild,Oklahoma Transmission Company,Begin on Hwy 69 .4 miles SW of N3890 Rd ext 24.2 miles NW,Atoka,OK,74525,Atoka,34.617988,-96.456562,OKR1034189,5/3/2023,10/17/2027,1542,Nonresidential Construction,N,,,,,,,,,,,
PU 2202-Cache Rd 36-inch Waterline Replacement - Lay Down Yard,Evans & Associates Utility Services Inc,1201 NE 40th Street,Lawton,OK,73505,Comanche,34.620511,-98.442175,OKR1034629,8/14/2023,10/17/2027,1542,Nonresidential Construction,N,,,,,,,,,,,
Saint James Place Residential Subdivision,Quail Ridge Inc,8700 NW Cache Road,Lawton,OK,73505,Comanche,34.62075,-98.50172,OKR1035717,8/23/2024,10/17/2027,1522,Residential Construction,N,,,,,,,,,,,
Cache Public School Fieldhouse,Dale Martin Dozers LLC,104 W H Ave,Cache,OK,73527,Comanche,34.620839,-98.624417,OKR1036274,2/11/2025,10/17/2027,1542,Nonresidential Construction,N,,,,,,,,,,,
Scissortail Pointe,Cache Road Properties LLC,4800 - 4902 NW Cache Road,Lawton,OK,73505,Comanche,34.6228,-98.4525,OKR1033685,10/25/2022,10/17/2027,1521,Single-Family Housing Construction,N,,,,,,,,,,,
Scissortail Pointe,Cache Road Properties LLC,4800 - 4902 NW Cache Road,Lawton,OK,73505,Comanche,34.6228,-98.4525,OKR1033685,10/25/2022,10/17/2027,1542,Nonresidential Construction,N,,,,,,,,,,,
North Fork Solar,Blattner Energy,16536 N 2240 Road  Between,Snyder,OK,73566,Kiowa,34.6234,-98.9835,OKR1034385,6/5/2023,10/17/2027,1542,Nonresidential Construction,N,,,,,,,,,,,
ODOT JP 31800 04,K&R Builders Inc,EW-165 Cache Rd over West Cache Creek and Rock Creek,Cache,OK,73527,Comanche,34.6236111,-98.6452778,OKR1037703,4/21/2026,10/17/2027,1622,"Bridge, Tunnel, & Elevated Highway",N,,,,,,,,,,,
ODOT JP 31118 04,K&R Builders Inc,EW-165 Cache Rd over West Cache Creek and Rock Creek,Cache,OK,73527,Comanche,34.6236111,-98.6405556,OKR1037704,4/21/2026,10/17/2027,1622,"Bridge, Tunnel, & Elevated Highway",N,,,,,,,,,,,
Pedestrian Improvements Sidewalks,Rudy Construction Company,198 N Missouri St. W side N Missouri St E Curtis Kennedy Dr,Elmore City,OK,73433,Garvin,34.6236111,-97.395198,OKR1033874,1/3/2023,10/17/2027,1542,Nonresidential Construction,N,,,,,,,,,,,
Taco Casa - Lawton,Rif Con LLC,West side of N Horton and north of NW Cache Rd,Lawton,OK,73505,Comanche,34.6239833,-98.4691222,OKR1036633,6/5/2025,10/17/2027,1542,Nonresidential Construction,N,,,,,,,,,,,
Hutchs Convenience Store 129,Hutchinson Oil Company,1414 NW 82nd Street,Lawton,OK,73505,Comanche,34.624077,-98.493032,OKR1035786,8/23/2024,10/17/2027,1542,Nonresidential Construction,N,,,,,,,,,,,
CVR Wynnewood New Administration Facility,Ross Group,Northwest of Hwy 77 and 17A,Wynnewood,OK,73098,Garvin,34.6241667,-97.1636111,OKR1033588,6/12/2023,10/17/2027,1542,Nonresidential Construction,N,,,,,,,,,,,
Lawton Market Place Phase II,Sooner Investment Group Inc,8701 NW Cache Road,Lawton,OK,73505,Comanche,34.6251917,-98.4928861,OKR1033876,1/26/2023,10/17/2027,1542,Nonresidential Construction,N,,,,,,,,,,,
The Gate 1420 NW 67th Street,Melissa Busse,1420 NW 67th St,Lawton,OK,73505,Comanche,34.6256675,-98.4749397,OKR1036807,7/30/2025,10/17/2027,1522,Residential Construction,N,,,,,,,,,,,
New Home Construction 5 locations,Incorp USA Enterprises LLC,1605-1620 NW 37th Street,Lawton,OK,73505,Comanche,34.627356,-98.43886,OKR1035588,6/21/2024,10/17/2027,1522,Residential Construction,N,,,,,,,,,,,
Eastlake Addition Part 3B,227 Group Inc,NW Corner of E Cache & NE 45th Street,Lawton,OK,73501,Comanche,34.62752,-98.34099,OKR1022572,4/25/2023,10/17/2027,1522,Residential Construction,N,,,,,,,,,,,
Lawton Indian Hospital Expansion and Remodel,Herring Construction Inc,1515 NE Lawrie Tatum Road,Lawton,OK,73507,Comanche,34.6277,-98.3839,OKR1035409,4/18/2024,10/17/2027,1542,Nonresidential Construction,N,,,,,,,,,,,
Carlin Estates Part 1,Cargill Investments,.3 mi west of S 8th St .06 mi north of W E Ave,Cache,OK,73527,Comanche,34.627827,-98.638347,OKR1035304,3/29/2024,10/17/2027,1521,Single-Family Housing Construction,N,,,,,,,,,,,
Enclave,Adriano Cordeiro Felix,.1 mi east of NW 38th St north of NW Santa Fe Ave,Lawton,OK,73505,Comanche,34.628926,-98.437799,OKR1037265,12/17/2025,10/17/2027,1521,Single-Family Housing Construction,N,,,,,,,,,,,
Gateway Plaza - Cache,Cache Economic Development Authority,West of S 8th St and .4 mi north of W H Ave,Cache,OK,73527,Comanche,34.629262,-98.634089,OKR1034680,8/30/2023,10/17/2027,1542,Nonresidential Construction,N,,,,,,,,,,,
The Enclave,Clayton Diaz Ferreira,.5 miles S of NW Rogers Ln E of NW 38th St,Lawton,OK,73505,Comanche,34.629518,-98.439081,OKR1034605,8/14/2023,10/17/2027,1522,Residential Construction,N,,,,,,,,,,,
City of Altus Sewer Phase 2 CWSRF No ORF-23-0030-CW,"PMC Corporation, a Puris Company",Citywide Bound north by W Oriole and south by E Ridgecrest,Altus,OK,73521,Jackson,34.6301267,-99.3338289,OKR1038088,8/13/2026,10/17/2027,1623,"Water, Sewer, And Utility Lines",N,,,,,,,,,,,
Caliber Collision - Lawton,Cross Development CC Lawton LLC,7280 NW Sun Blvd,Lawton,OK,73505,Comanche,34.630603,-98.481808,OKR1033976,2/7/2023,10/17/2027,1542,Nonresidential Construction,N,,,,,,,,,,,
ODOT JP 34484 04,Sewell Bros Inc,on Hwy 62 .4 miles E of N 2290 Rd,Snyder,OK,73566,Kiowa,34.6316667,-98.8902778,OKR1037242,12/11/2025,10/17/2027,1622,"Bridge, Tunnel, & Elevated Highway",N,,,,,,,,,,,
Walmart 5071-1007 Lawton OK Drainage Improvements,Wal-Mart Stores East LP,6301 NW Quannah Parker Trl,Lawton,OK,73505,Comanche,34.6322333,-98.4733806,OKR1037465,2/19/2026,10/17/2027,1542,Nonresidential Construction,N,,,,,,,,,,,
Mountain View Meadows - Pruett Homes LLC,Pruett Homes LLC,.4 miles E of N Crater Creek Rd  .3 miles S of NW Oak Ave,Cache,OK,73527,Comanche,34.63284,-98.62164,OKR1036041,11/12/2024,10/17/2027,1522,Residential Construction,N,,,,,,,,,,,
Volunteers of America Recovery and Wellness Center,Volunteers of America of Oklahoma,4814 NW Floyd Avenue,Lawton,OK,73505,Comanche,34.63295,-98.4528633,OKR1036776,7/22/2025,10/17/2027,1542,Nonresidential Construction,N,,,,,,,,,,,
Pontotoc Wind Substation,Strategic Construction Solutions,24077 County Road 3450,Roff,OK,74865,Pontotoc,34.6347,-96.8625,OKR1035544,6/13/2024,10/17/2027,1542,Nonresidential Construction,N,,,,,,,,,,,
Mountain Winds Addition Part IV & V,Mountain Winds Land Develop,East of NW 4th St .1 mi south of NW Oak Ave,Cache,OK,73527,Comanche,34.6358333,-98.625,OKR1035251,4/1/2024,10/17/2027,1522,Residential Construction,N,,,,,,,,,,,
Sherwood Addition 8 - Kent Petty LLC,Kent Petty LLC,S of Rogers Ln & W of NW 52nd St,Lawton,OK,73505,Comanche,34.6371,-98.4583,OKR1020455,6/19/2023,10/17/2027,1521,Single-Family Housing Construction,N,,,,,,,,,,,
Sherris Stuff,Billy and Sherri Poolaw,approximately 405 NW Mimosa Lane,Lawton,OK,73507,Comanche,34.6371,-98.3938,OKR1022158,8/11/2023,10/17/2027,1542,Nonresidential Construction,N,,,,,,,,,,,
ODOT JP 29657 04,Sherwood Construction Co,On OK 29 between N Cason Rd and N 3000 Rd,Marlow,OK,73055,Stephens,34.637833,-97.712361,OKR1037612,3/30/2026,10/17/2027,1611,Highway And Street Construction,N,,,,,,,,,,,
ODOT JP 31880 04,Treas Construction Inc,SH-1 over Blue River and Tributary located 0.9 and 1.6 miles,Roff,OK,74865,Pontotoc,34.6383094,-96.8129948,OKR1037776,5/15/2026,10/17/2027,1611,Highway And Street Construction,N,,,,,,,,,,,
Fort Sill Geothermal HVAC Well Installation,Ameresco Inc,Between Sheridan Rd and I 44 and NW Rogers Ln and,Lawton,OK,73503,Comanche,34.6392347,-98.4095393,OKR1037300,12/29/2025,10/17/2027,1623,"Water, Sewer, And Utility Lines",N,,,,,,,,,,,
Fort Sill SWCA Skeet Range,Environmental Chemical Corporation (ECC),3400 South Boundary Rd .2,Fort Sill,OK,73503,Comanche,34.640703,-98.435249,OKR1035963,10/23/2024,10/17/2027,1542,Nonresidential Construction,N,,,,,,,,,,,
Wynnewood New Elementary,"MacHill Construction Management, LLC",702 E Kerr Blvd,Wynnewood,OK,73098,Garvin,34.64105,-97.1671333,OKR1037924,6/30/2026,10/17/2027,1542,Nonresidential Construction,N,,,,,,,,,,,
The Trails at Veterans Court,City of Altus,400 North Veterans Road,Altus,OK,73521,Jackson,34.641366,-99.295619,OKR1034342,6/5/2023,10/17/2027,1521,Single-Family Housing Construction,N,,,,,,,,,,,
South Gate Access ADAL,New Dominion Construction LLC,428 Challenger Ave,Altus AFB,OK,73521,Jackson,34.6429786,-99.2801642,OKR1037572,3/19/2026,10/17/2027,1611,Highway And Street Construction,N,,,,,,,,,,,
Pontotoc County Borrow Pit,JenTech Contruction,North of SH1/1W located,Roff,OK,74865,Pontotoc,34.6460517,-96.8040034,OKR1037969,7/15/2026,10/17/2027,1611,Highway And Street Construction,N,,,,,,,,,,,
Altus Public Schools Kiwanis New Bleacher and Pressbox VE,Miller-Tippens Construction,Northeast of E C St and N Hightower St,Altus,OK,73521,Jackson,34.6477,-99.326958,OKR1037705,4/23/2026,10/17/2027,1542,Nonresidential Construction,N,,,,,,,,,,,
Pontotoc Wind Project,Pontotoc Wind LLC,Between Roberson Rd and Chickasaw Turnpike S and,Roff,OK,74865,Pontotoc,34.6497,-96.8914,OKR1037638,4/13/2026,10/17/2027,1542,Nonresidential Construction,N,,,,,,,,,,,
Reynolds Army Health Clinic RAHC CM,Facility Services Management Inc,4301 Wilson Street,Fort Sill,OK,73503,Comanche,34.651494,-98.414692,OKR1033958,2/7/2023,10/17/2027,1542,Nonresidential Construction,N,,,,,,,,,,,
Altus Reservoir Rough Grading,City of Altus,North end of Jackson St .1 mi north of Falcon Rd,Altus,OK,73521,Jackson,34.651837,-99.329287,OKR1036160,1/2/2025,10/17/2027,1542,Nonresidential Construction,N,,,,,,,,,,,
City of Altus Job 21-189 - Falcon Road Pavement,Overland Corporation Inc,Falcon Rd from N Park Ln to N Veterans Dr,Altus,OK,73521,Jackson,34.6522781,-99.3162528,OKR1036926,8/29/2025,10/17/2027,1611,Highway And Street Construction,N,,,,,,,,,,,
3400 Area Waterline Replacement 475 West and 2701 East,T2T Backhoe LLC ,Between Miner Rd and Wilson St and between Babock Rd,Ft. SIll,OK,73503,Comanche,34.6526579,-98.4282027,OKR1037018,9/25/2025,10/17/2027,1623,"Water, Sewer, And Utility Lines",N,,,,,,,,,,,
Red River Dev Part 1,MCR 320 Construction LLC,N of Falcon Rd .4 miles W of N Veterans Dr,Altus,OK,73521,Jackson,34.6527861,-99.3053667,OKR1035975,10/29/2024,10/17/2027,1521,Single-Family Housing Construction,N,,,,,,,,,,,
C-sUAS Range Modifications to Kerr Hill KHM,Joe Williams,Building 7560,Fort Sill,OK,73503,Comanche,34.6532269,-98.5318065,OKR1033929,1/26/2023,10/17/2027,1542,Nonresidential Construction,N,,,,,,,,,,,
Back to Nature - Pond Construction,97 Civil Engineer Squadron - Altus Air Force Base,2000 W River Drive,Altus AFB,OK,73521,Jackson,34.6546192,-99.296725,OKR1035817,9/17/2024,10/17/2027,1542,Nonresidential Construction,N,,,,,,,,,,,
Hobart to Snyder,PSO Transmission - Hobart to Snyder,From southwest of 8th St and A St in Snyder ext 10 mi north,Hobart,OK,73651,Kiowa,34.657549,-98.957668,OKR1037630,4/6/2026,10/17/2027,1623,"Water, Sewer, And Utility Lines",N,,,,,,,,,,,
Jarboe Houses,Cramton Construction Inc,282254 W. Jarboe Ave,Marlow,OK,73055,Stephens,34.66009,-97.96447,OKR1038047,8/14/2026,10/17/2027,1542,Nonresidential Construction,N,,,,,,,,,,,
Altus Public Schools L Mendel Rivers Elementary,Miller-Tippens Construction,3000 N Veterans Dr,Altus,OK,73521,Jackson,34.660323,-99.29761,OKR1036930,9/4/2025,10/17/2027,1542,Nonresidential Construction,N,,,,,,,,,,,
Duke C Line,American Gypsum LLC,18972 US HIghway 62,Duke,OK,73532,Jackson,34.661054,-99.587489,OKR1036940,9/18/2025,10/17/2027,1541,Industrial Buildings And Warehouses,N,,,,,,,,,,,
Fort Sill Key Gate West,Silver Mountain Construction,931 NW Fort Sill Blvd,Fort Sill,OK,73503,Comanche,34.661753,-98.384472,OKR1036502,4/10/2025,10/17/2027,1542,Nonresidential Construction,N,,,,,,,,,,,
Dining Facility (DFAC) for AIT Barracks,SGS LLC,5684 Condon Rd,Lawton,OK,73503,Comanche,34.664416,-98.395931,OKR1034787,9/27/2023,10/17/2027,1542,Nonresidential Construction,N,,,,,,,,,,,
Beef Creek Erosion Control,FSA Construction LLC,Along Beef Creek Rd from Bald Ridge Rd extending north,Fort Sill,OK,73503,Comanche,34.6728991,-98.3730681,OKR1034609,7/28/2023,10/17/2027,1611,Highway And Street Construction,N,,,,,,,,,,,
Sardis Lake Water Authority - WTP Improvements,Orr Construction,Located off SH-2 ~925' northeast of junction,Clayton,OK,74536,Pushmataha,34.6730718,-95.32012,OKR1037791,5/26/2026,10/17/2027,1623,"Water, Sewer, And Utility Lines",Y,,,,,,,,,,,
Repair Erosion at Beef Creek Road,PWE Inc,On Beef Creek Rd north of Bald Ridge Rd,Fort Sill,OK,73503,Comanche,34.6731389,-98.3730278,OKR1033894,1/23/2023,10/17/2027,1611,Highway And Street Construction,N,,,,,,,,,,,
Laurel Home Addition Part 16,Willproperties LLC,.4 mi north of E Tamarack Rd .4 mi west of N Park Ln,Altus,OK,73521,Jackson,34.673184,-99.324154,OKR1034337,6/9/2023,10/17/2027,1522,Residential Construction,N,,,,,,,,,,,
Laurel Home Addition Part 16,Willproperties LLC,.4 mi north of E Tamarack Rd .4 mi west of N Park Ln,Altus,OK,73521,Jackson,34.673184,-99.324154,OKR1034337,6/9/2023,10/17/2027,1521,Single-Family Housing Construction,N,,,,,,,,,,,
Stonewall Pump Station,Wynn Construction,84 RR 1,Tupelo,OK,74572,Coal,34.675713,-96.469673,OKR1036916,8/22/2025,10/17/2027,1542,Nonresidential Construction,N,,,,,,,,,,,
Heritage Homes Addition Part VIII,Altus Sand and Gravel Inc,6161 Heritage Road,Altus,OK,73521,Jackson,34.6802139,-99.3256306,OKR1035974,1/21/2025,10/17/2027,1521,Single-Family Housing Construction,N,,,,,,,,,,,
Pittsburg to Johnston County Transmission Line,Kiewit Power Constructors,Begin E of Hwy 1 S .7 miles N of W Cherry Ln ext NE to E of,Kiowa,OK,74553,Pittsburg,34.6924701,-95.9220183,OKR1034869,11/7/2023,10/17/2027,1623,"Water, Sewer, And Utility Lines",Y,,,,,,,,,,,
Project 3 - 266371,Wood-Land Developments LLC,"0.03 mi east of Stillwater Central Railway, 1.6 mi south of",Fort Sill,OK,73501,Comanche,34.701763,-98.378089,OKR1034060,3/6/2023,10/17/2027,1542,Nonresidential Construction,N,,,,,,,,,,,
500 Airport Road E 1595 Rd,Koss Construction Company,South of Airport Industrial Rd .3 mi east of,Pauls Valley,OK,73075,Garvin,34.7099132,-97.2240959,OKR1037114,10/30/2025,10/17/2027,1542,Nonresidential Construction,N,,,,,,,,,,,
FWS Administrative Bldg and Shop Complex,Chickasaw Nation Industries,N of Wichita Mountains Byway/Hwy 49 .5 miles E of Scenic Hwy,Lawton,OK,73501,Comanche,34.7105,-98.6197972,OKR1033123,5/8/2023,10/17/2027,1542,Nonresidential Construction,N,,,,,,,,,,,
Closure of the Pauls Valley C&D Landfill Borrow Site,Anadarko Dozer & Trucking,1.1 mi north of E County Road 1600 .3 mi east of Highway 77,Pauls Valley,OK,73075,Garvin,34.7109,-97.20833,OKR1032856,4/20/2023,10/17/2027,1542,Nonresidential Construction,N,,,,,,,,,,,
Cable Placement AT&T Project A02J2K1 Apex Project 24OK04,Southwestern Bell Telephone Co dba AT&T Oklahoma,On US Hwy 177 from E County Road 1640 ext 5.4 mi north,Stratford,OK,74872,Garvin,34.715727,-96.967593,OKR1036138,12/16/2024,10/17/2027,1623,"Water, Sewer, And Utility Lines",N,,,,,,,,,,,
ODOT JP 25659 04,Sewell Bros Inc,On E CR 1585 .5 miles E of N CR 3049,Lindsay,OK,73052,Garvin,34.7166667,-97.5547222,OKR1037241,12/10/2025,10/17/2027,1622,"Bridge, Tunnel, & Elevated Highway",N,,,,,,,,,,,
10 Mile Low Water Crossing - FSA Construction LLC,FSA Construction LLC,Along Deer Creek Canyon Rd from northeast of intersec. w/ N,Fort Sill,OK,73503,Comanche,34.7166749,-98.492146,OKR1034610,8/2/2023,10/17/2027,1611,Highway And Street Construction,N,,,,,,,,,,,
10 Mile Low Water Crossing,PWE Inc,On Deer Creek Canyon Rd from N Boundary Rd extending .3,Fort Sill,OK,73503,Comanche,34.717,-98.4918889,OKR1033799,12/9/2022,10/17/2027,1611,Highway And Street Construction,N,,,,,,,,,,,
10 Mile Low Water Crossing,PWE Inc,On Deer Creek Canyon Rd from N Boundary Rd extending .3,Fort Sill,OK,73503,Comanche,34.717,-98.4918889,OKR1033799,12/9/2022,10/17/2027,1622,"Bridge, Tunnel, & Elevated Highway",N,,,,,,,,,,,
Allsups 102477 Kiowa OK,Keet OGary Construction LLC,East of Garfield Ave between East 6th St and East 7th St,Kiowa,OK,74533,Pittsburg,34.721656,-95.898975,OKR1035289,3/22/2024,10/17/2027,1542,Nonresidential Construction,N,,,,,,,,,,,
Manning State Fish Hatchery Phase II Improvements,Hook Construction,18759 OK-49,Medicine Park,OK,73557,Comanche,34.722283,-98.48931,OKR1037195,11/24/2025,10/17/2027,1629,Heavy Construction,N,,,,,,,,,,,
Pauls Valley Subdivision,Merriemen Builders LLC,.2 miles  S of Diffie Ln .2  miles E of Emma Ave/ S,Pauls Valley,OK,73075,Garvin,34.723196,-97.209846,OKR1035947,10/9/2024,10/17/2027,1542,Nonresidential Construction,N,,,,,,,,,,,
Atoka Raw Water Pipeline Project WC-0873 Stonewall to ADA,McKee Utility Contractors LLC,Begin S of CR1610 .3 miles E of N3670 ext 9.5 miles NW to CR,Ada,OK,74820,Pontotoc,34.7238889,-96.5244444,OKR1034163,4/18/2023,10/17/2027,1542,Nonresidential Construction,N,,,,,,,,,,,
Altus Shooting Lodge Bitter Creek,1ntegrity Construction Group,20231 East County Road 158,Altus,OK,73521,Jackson,34.7256472,-99.363775,OKR1037137,10/31/2025,10/17/2027,1542,Nonresidential Construction,N,,,,,,,,,,,
Dry Fertilizer Storage and Blending Facility,Helena Agri-Enterprises LLC,20369 E County Road 158,Altus,OK,73521,Jackson,34.7265448,-99.3397613,OKR1034154,3/31/2023,10/17/2027,1541,Industrial Buildings And Warehouses,N,,,,,,,,,,,
ARPA Middle-Mile Project,Pine Telephone Co Inc,Along Hwy 2 S from Damon Valley Rd south to Hwy 1 east,Wilburton,OK,74578,Latimer,34.731231,-95.2352138,OKR1037064,10/30/2025,10/17/2027,1542,Nonresidential Construction,Y,,,,,,,,,,,
The Sanctuary at Granite Ridge,Sanctuary Development Company LLC,North of Granite Ridge Dr east of State Hwy 49,Medicine Park,OK,73557,Comanche,34.7336,-98.5071,OKR1034544,7/14/2023,10/17/2027,1522,Residential Construction,N,,,,,,,,,,,
Thomas Ranch Road Bia 2484,Jimmie Wright,On Thomas Ranch Road & ext from Ahloso Road ext to CR 3610,Ada,OK,74820,Pontotoc,34.7394135,-96.6415691,OKR1036453,3/27/2025,10/17/2027,1611,Highway And Street Construction,N,,,,,,,,,,,
Lake Crest Addition Part 6,Brett Wauqua,.3 mi north of NW Tackle Box Rd .4 mi east of NW Allison Rd,Elgin,OK,73538,Comanche,34.7434,-98.4337,OKR1031526,6/28/2023,10/17/2027,1521,Single-Family Housing Construction,N,,,,,,,,,,,
Talihina Wellness Center - Commercial,"ICON Builders, LLC",851 Dallas St,Talihina,OK,74571,LeFlore,34.748002,-95.043638,OKR1035784,8/23/2024,10/17/2027,1542,Nonresidential Construction,Y,,,,,,,,,,,
Allsups 102496 Ada OK,Mulhearn Wilson Constructors Inc,W of Hwy 1W .09 miles N of W 32nd St,Ada,OK,74820,Pontotoc,34.754111,-96.701778,OKR1035823,9/6/2024,10/17/2027,1542,Nonresidential Construction,N,,,,,,,,,,,
OTA JP 37700 11,Manhattan Road and Bridge,Indian Nation Turnpike and SH-63 New Interchange,Blanco,OK,74501,Pittsburg,34.7542106,-95.766423,OKR1037790,5/20/2026,10/17/2027,1611,Highway And Street Construction,N,,,,,,,,,,,
Ft Sill National Cemetery,KMC Contractors LLC,2648 NE JAKE DUNN RD,Elgin,OK,73501,Comanche,34.7552732,-98.352276,OKR1034823,10/13/2023,10/17/2027,1542,Nonresidential Construction,N,,,,,,,,,,,
Wintersmith Ada Lake Dredging Project,"Summerset Marine Construction, L.L.C.",1501 Wintersmith Drive,Ada,OK,74820,Pontotoc,34.76179,-96.65139,OKR1038125,8/31/2026,10/17/2027,1542,Nonresidential Construction,N,,,,,,,,,,,
ODOT JP 34237 04,Wyatt Contracting,SH-54 over Otter Creek 1.6 miles north of SH-49 junction,Cooperton,OK,73564,Kiowa,34.762799,-98.8614829,OKR1038081,8/12/2026,10/17/2027,1622,"Bridge, Tunnel, & Elevated Highway",N,,,,,,,,,,,
Dollar General Store 31867,Ada 31867 LLC,Northeast of Cradduck Rd .05 mi south of E Central Blvd,Ada,OK,74820,Pontotoc,34.764458,-96.666622,OKR1037616,4/6/2026,10/17/2027,1542,Nonresidential Construction,N,,,,,,,,,,,
ODOT JP 32382 04 / STP-225C 126 CI Road and Bridge,Wyatt Contracting Inc,City Lake Road NS-3260 from intersection of SH-19,Pauls Valley,OK,73075,Garvin,34.7647121,-97.1941084,OKR1036273,2/3/2025,10/17/2027,1611,Highway And Street Construction,N,,,,,,,,,,,
ODOT JP 30077 04,Caswell Contracting Inc,On E 1510 Rd from SH 30 to N 1790 Rd,Hollis,OK,73550,Harmon,34.7686,-99.8421,OKR1037697,5/5/2026,10/17/2027,1611,Highway And Street Construction,N,,,,,,,,,,,
Washington Elemenatary School,"MacHill Construction Management, LLC",600 S Oak Ave,Ada,OK,74820,Pontotoc,34.7686694,-96.6874806,OKR1037816,6/5/2026,10/17/2027,1542,Nonresidential Construction,N,,,,,,,,,,,
Second Ada Pump Station,Archer Western - The Walsh Group,14731 County Road 3605,Ada,OK,74820,Pontotoc,34.7719444,-96.5941667,OKR1037508,3/10/2026,10/17/2027,1542,Nonresidential Construction,N,,,,,,,,,,,
Legacy Creek Estates,Kari Smith and Hardwood Homes LLC,W of NE Tony Creek Rd .6 miles S of Hwy 277,Elgin,OK,73538,Comanche,34.7729,-98.322,OKR1032889,4/20/2023,10/17/2027,1522,Residential Construction,N,,,,,,,,,,,
Petroleum Estates - Ada OK,Brian Vanhorn,On Derrick Ln N of Kirby Dr .3 miles E of N mont Vista St,Ada,OK,74820,Pontotoc,34.7743479,-96.6299768,OKR1036721,7/2/2025,10/17/2027,1522,Residential Construction,N,,,,,,,,,,,
COFMC Pharmacy and MOB,DBG Construction,NE Inter of N Monte Vista St and E Kirby Dr,Ada,OK,74820,Pontotoc,34.7758056,-96.6333889,OKR1033218,7/18/2023,10/17/2027,1542,Nonresidential Construction,N,,,,,,,,,,,
Elgin Sports Complex 2025,City of Elgin,385 Commerce Street,Elgin,OK,73538,Comanche,34.776902,-98.303946,OKR1037269,12/11/2025,10/17/2027,1611,Highway And Street Construction,N,,,,,,,,,,,
Mountain View Villas Part 3,"R & B Development, LLC",SW Corner State Highway No 17 at Happy Hollow Rd,Elgin,OK,73538,Comanche,34.7789811,-98.3405524,OKR1038025,8/6/2026,10/17/2027,1521,Single-Family Housing Construction,N,,,,,,,,,,,
Mountain View Villas - Part 2,"R & B Development, LLC",Southwest Corner SH No 17 and Happy Hollow Rd,Elgin,OK,73538,Comanche,34.7806164,-98.3378036,OKR1038027,8/6/2026,10/17/2027,1521,Single-Family Housing Construction,N,,,,,,,,,,,
Hina Chokma Expansion,WL McNatt & Co,3221 Arlington Street,Ada,OK,74820,Pontotoc,34.781428,-96.631372,OKR1036465,4/17/2025,10/17/2027,1542,Nonresidential Construction,N,,,,,,,,,,,
KC Strip,Harland Properties,9201 SH 17,Elgin,OK,73538,Comanche,34.78204,-98.28108,OKR1034296,6/14/2023,10/17/2027,1542,Nonresidential Construction,N,,,,,,,,,,,
Caseys General Store 4672 - Elgin OK,Caseys Marketing Company Inc,North of US Hwy 277 .2 mi east of HE Bailey Tpke ramp,Elgin,OK,73538,Comanche,34.7828697,-98.2990086,OKR1036302,2/28/2025,10/17/2027,1542,Nonresidential Construction,N,,,,,,,,,,,
Duncan to Santa Fe,AEP Oklahoma Trans Co,Begin on Cox City Rd .8 miles E of CS 2840 ext 27.8 miles S,Rush Springs,OK,73082,Grady,34.783572,-97.917499,OKR1034457,6/22/2023,10/17/2027,1623,"Water, Sewer, And Utility Lines",N,,,,,,,,,,,
Fort Sill Federal Credit Union,Geddes-Armstrong Construction LLC,12900 Commerce Street,Elgin,OK,73538,Comanche,34.78397,-98.298975,OKR1037603,3/31/2026,10/17/2027,1542,Nonresidential Construction,N,,,,,,,,,,,
Terra Bella Townhomes Development,Bellaterra LLC,North of Thoma Dr .2 mi west of US Hwy 277,Elgin,OK,73538,Comanche,34.7840484,-98.2962335,OKR1037578,3/31/2026,10/17/2027,1521,Single-Family Housing Construction,N,,,,,,,,,,,
Birchell Ridge Development,Birchell Development LLC,.1 mi north of NW Meers-Porter Hill Rd,Lawton,OK,73501,Comanche,34.78433,-98.51695,OKR1034852,11/2/2023,10/17/2027,1521,Single-Family Housing Construction,N,,,,,,,,,,,
Baseball and Softball Field Complex,Elgin Public Schools,.3 mi north of State Hwy 17 west of NE Kenney Rd,Elgin,OK,73538,Comanche,34.786922,-98.2837652,OKR1034144,4/6/2023,10/17/2027,1542,Nonresidential Construction,N,,,,,,,,,,,
Cable Placement AT&T Project A02J2VW,Southwestern Bell Telephone Co. dba AT&T Oklahoma,Along US 177/Forrest Ave from .5 mi south of State Hwy 19/,Stratford,OK,74872,Garvin,34.789036,-96.967499,OKR1035984,10/28/2024,10/17/2027,1623,"Water, Sewer, And Utility Lines",N,,,,,,,,,,,
0231-1011 Ada OK Pavement Rehabilitation,Wal-Mart Real Estate Business Trust,1419 N Country Club Rd,Ada,OK,74820,Pontotoc,34.789178,-96.656167,OKR1036576,5/13/2025,10/17/2027,1542,Nonresidential Construction,N,,,,,,,,,,,
Brakes Plus,Brakes Plus,1215 Lonnie Abbott Blvd,Ada,OK,74820,Pontotoc,34.7901139,-96.6616889,OKR1036286,2/12/2025,10/17/2027,1542,Nonresidential Construction,N,,,,,,,,,,,
Discount Tire - 930 Lonnie Abbott Blvd,Koester Construction Company Inc,930 Lonnie Abbott Blvd,Ada,OK,74820,Pontotoc,34.7903087,-96.6671085,OKR1037579,3/20/2026,10/17/2027,1542,Nonresidential Construction,N,,,,,,,,,,,
Self Storage Facility - Phase 1 - Civil,Bahner Broadway Storage,1813 N Broadway Ave,Ada,OK,74820,Pontotoc,34.793942,-96.682022,OKR1036777,7/28/2025,10/17/2027,1542,Nonresidential Construction,N,,,,,,,,,,,
Ellsworth Dam Spillway Rehabilitation,McMillen Inc,Dam east of 918 NE Bonniefield Rd,Elgin,OK,73538,Comanche,34.794193,-98.36893,OKR1036652,6/6/2025,10/17/2027,1542,Nonresidential Construction,N,,,,,,,,,,,
Ada Airport Eastside Industrial Development,Stuever Dirtworks LLC,From north of NE Richardson Loop and N Mississippi Ave,Ada,OK,74820,Pontotoc,34.794546,-96.6699401,OKR1037664,4/13/2026,10/17/2027,1611,Highway And Street Construction,N,,,,,,,,,,,
Prairie Hill a rural housing development,"JCP Ranch, LLC",13920 NE Mitchell Lane & 11060 NE Wolf Rd.,Fletcher,OK,73541,Comanche,34.7978,-98.2614,OKR1023307,5/16/2023,10/17/2027,1521,Single-Family Housing Construction,N,,,,,,,,,,,
The Estates at Lake Ellsworth,Kari L Smith,Northwest of NE Tony Creek Road and Fishermans Cove Drive,Elgin,OK,73538,Comanche,34.7997222,-98.3194444,OKR1029012,10/13/2023,10/17/2027,1522,Residential Construction,N,,,,,,,,,,,
Ada Sports Complex and Recreational Area,MacHill Construction Inc,1020 Egypt Rd,Ada,OK,74820,Pontotoc,34.801037,-96.6909,OKR1037089,10/28/2025,10/17/2027,1542,Nonresidential Construction,N,,,,,,,,,,,
Construct Parallel Taxiway B - Phase 1,Tri-City Seal Co Inc,300 Ray Stout Blvd,Ada,OK,74820,Pontotoc,34.80201,-96.67141,OKR1036985,9/24/2025,10/17/2027,1611,Highway And Street Construction,N,,,,,,,,,,,
Runway Rehabilitation AIP Project 3-40-0001-023-2024 - Delta Project 22059,Ellsworth Construction LLC,Ada Regional Airport Runway 18-36,Ada,OK,74820,Pontotoc,34.8047703,-96.6719801,OKR1036043,11/13/2024,10/17/2027,1542,Nonresidential Construction,N,,,,,,,,,,,
Highland Hills Addition,Kari L Smith,.3 mi south of NE Watts Rd east of NE 75th St,Elgin,OK,73538,Comanche,34.8072222,-98.2972222,OKR1030276,10/13/2023,10/17/2027,6552,Subdividers And Developers,N,,,,,,,,,,,
Elgin Junction Substation,AEP Oklahoma Trans Co,Begin .2 miles S of NE Watts Rd W of NE Keeney Rd ext .3,Elgin,OK,73538,Comanche,34.807921,-98.284686,OKR1034109,3/15/2023,10/17/2027,1542,Nonresidential Construction,N,,,,,,,,,,,
Farwell Tap,Western Farmers Electric Cooperative,Along County Road 2790  from County Road 1500,Rush Springs,OK,73082,Grady,34.8164842,-98.0197389,OKR1037186,11/24/2025,10/17/2027,1542,Nonresidential Construction,N,,,,,,,,,,,
MCALESTER ARMY AMMUNITION  PLANT,McAlester Army Ammunition Plant,1 C TREE RD,Mcalester,OK,74501,Pittsburg,34.831111,-95.927221,OKR106590,8/3/2023,10/17/2027,,,N,,,,,,,,,,,
O'Reilly Auto Parts - Lindsay OK LIY,O'Reilly Automotive Stores Inc,Cherokee Street and SE 2nd Street,Lindsay,OK,73052,Garvin,34.8364776,-97.6017419,OKR1037065,10/13/2025,10/17/2027,,,N,,,,,,,,,,,
Ammunition Demolition Shop,KRE JV LLC,1 C Tree Rd Building 4,Mcalester,OK,74501,Pittsburg,34.8389059,-95.8670689,OKR1037371,1/28/2026,10/17/2027,1542,Nonresidential Construction,N,,,,,,,,,,,
"Georgia-Pacific Gypsum, LLC-General Storage Building Expansion","Georgia Pacific Gypsum, LLC",16850 NE 135th St,Fletcher,OK,73541,Comanche,34.84,-98.22778,OKR1037767,6/3/2026,10/17/2027,1541,Industrial Buildings And Warehouses,N,,,,,,,,,,,
Lindsay Substation,Western Farmers Electric Cooperative,Northeast of Intersection of Hwy 59B and E 1500 Rd,Lindsay,OK,73052,Garvin,34.8413516,-97.5624001,OKR1037918,6/26/2026,10/17/2027,1542,Nonresidential Construction,N,,,,,,,,,,,
Byng Public Schools - Athletic Fieldhouse - Track and Tennis Courts,MacHill Construction Management,214 Stokes Dr,Ada,OK,74820,Pontotoc,34.861497,-96.662881,OKR1037257,12/12/2025,10/17/2027,1542,Nonresidential Construction,N,,,,,,,,,,,
WC 0875,Vadnais Trenchless Services Inc,Over Canadian River Crossing SH 99,Byng,OK,74820,Pontotoc,34.8678778,-96.693925,OKR1030423,4/20/2023,10/17/2027,1542,Nonresidential Construction,N,,,,,,,,,,,
Caseys General Store 5136,Caseys Services Company,210-220 E Lincoln St,Mangum,OK,73554,Greer,34.8719,-99.5028,OKR1037299,12/29/2025,10/17/2027,1542,Nonresidential Construction,N,,,,,,,,,,,
ODOT JP 20922 07,Robinson Construction LLC,On Hwy 270 from Iris Ln ext SW 2.2 miles,Hartshorne,OK,74547,Latimer,34.8855556,-95.4875,OKR1037043,10/27/2025,10/17/2027,1611,Highway And Street Construction,N,,,,,,,,,,,
Wallace Meadows,Sunview Construction,Peaceable Road,Mcalester,OK,74501,Pittsburg,34.892496,-95.743,OKR1038016,7/29/2026,10/17/2027,1522,Residential Construction,N,,,,,,,,,,,
Legends OF Dirt,Legends OF Dirt ,28734 Sky Ridge Lane,Heavener,OK,74937,LeFlore,34.8935817,-94.5819677,OKR1037907,7/1/2026,10/17/2027,1542,Nonresidential Construction,N,,,,,,,,,,,
Heavener Vocational Building Site,2C Dirt Work LLC,N of Hwy 270 .2 miles W of W 1st St,Heavener,OK,74937,LeFlore,34.896198,-94.606308,OKR1037149,11/12/2025,10/17/2027,1542,Nonresidential Construction,N,,,,,,,,,,,
Royal Oaks Subdivision,DG Developers LLC,North of US 69 on Hardy Springs Rd and E1459 Rd,Mcalester,OK,74501,Pittsburg,34.8990694,-95.7650528,OKR1022276,4/28/2023,10/17/2027,1521,Single-Family Housing Construction,N,,,,,,,,,,,
Tanglewood Terrace,Wallace Management,N of Tanglewood Dr and .2 miles W of Peaceable Rd,Mcalester,OK,74501,Pittsburg,34.8993671,-95.7502497,OKR1037481,3/2/2026,10/17/2027,1522,Residential Construction,N,,,,,,,,,,,
Shops at McAlester - Rd Const for Hwy 69 and 14th St,Shops at McAlester LLC,SW corner of S 14th St. and S George Nigh Expy and roadwork,Mcalester,OK,74501,Pittsburg,34.899789,-95.755536,OKR1032761,9/18/2023,10/17/2027,,,N,,,,,,,,,,,
Shops at McAlester - Rd Const for Hwy 69 and 14th St,Shops at McAlester LLC,SW corner of S 14th St. and S George Nigh Expy and roadwork,Mcalester,OK,74501,Pittsburg,34.899789,-95.755536,OKR1032761,9/18/2023,10/17/2027,1611,Highway And Street Construction,N,,,,,,,,,,,
Shops at McAlester - Rd Const for Hwy 69 and 14th St,Shops at McAlester LLC,SW corner of S 14th St. and S George Nigh Expy and roadwork,Mcalester,OK,74501,Pittsburg,34.899789,-95.755536,OKR1032761,9/18/2023,10/17/2027,1542,Nonresidential Construction,N,,,,,,,,,,,
Grantham Home,Dave Grantham,2305 Cardinal Ln,Mcalester,OK,74501,Pittsburg,34.900245,-95.768978,OKR1035878,10/4/2024,10/17/2027,1521,Single-Family Housing Construction,N,,,,,,,,,,,
Academy Sports McAlester,Wallace Family Properties LLC,830 S George Nigh Expy,Mcalester,OK,74501,Pittsburg,34.903689,-95.74793,OKR1036525,4/17/2025,10/17/2027,1542,Nonresidential Construction,N,,,,,,,,,,,
ODOT JP 30425 04 and 07,Silver Star Construction Company Inc,Bridge and road rehab sites on Hwy 19 from .8 mi  north of,Alex,OK,73002,Grady,34.90398,-97.76796,OKR1035236,3/4/2024,10/17/2027,1611,Highway And Street Construction,N,,,,,,,,,,,
Arrowhead Crossing,Zeppelin Land Investments,.5 mi south of County Road 1450 .3 mi west of,Ada,OK,74820,Pontotoc,34.905356,-96.829806,OKR1036862,9/8/2025,10/17/2027,1542,Nonresidential Construction,N,,,,,,,,,,,
BNSF Bridge No. 1046-0535.80,BNSF Railway Company,"BNSF over Canadian River, .5 mi west and .3 mi south of the",Francis,OK,74820,Pontotoc,34.9090038,-96.5551828,OKR1035876,9/20/2024,10/17/2027,1622,"Bridge, Tunnel, & Elevated Highway",Y,,,,,,,,,,,
Land and pad prep,Lamp LLC dba 918-Bounce,1 Colonial Cir,Mcalester,OK,74501,Pittsburg,34.9094182,-95.7403453,OKR1037368,1/23/2026,10/17/2027,1542,Nonresidential Construction,N,,,,,,,,,,,
Mid-America Technology Center Transportation Facility,Goldsby Construction LLC,27438 OK-59,Wayne,OK,73095,McClain,34.9105556,-97.3636111,OKR1037610,5/18/2026,10/17/2027,1611,Highway And Street Construction,N,,,,,,,,,,,
Dollar General Store 31878,Rupe Building Companies,508 E Barger,Wayne,OK,73095,McClain,34.914181,-97.310642,OKR1038094,9/2/2026,10/17/2027,1542,Nonresidential Construction,N,,,,,,,,,,,
ODOT JP 31413 04,TCS Construction Company LLC,29737 State Highway 59,Purcell,OK,73080,McClain,34.915685,-97.339929,OKR1037651,4/16/2026,10/17/2027,1541,Industrial Buildings And Warehouses,N,,,,,,,,,,,
Project Bella,Graycor Construction Co,Lot B-9A Taylor Blvd,Mcalester,OK,74501,Pittsburg,34.9181,-95.8225,OKR1035915,10/9/2024,10/17/2027,1541,Industrial Buildings And Warehouses,N,,,,,,,,,,,
Sunview Housing Development,Sunview Development,.1 mi south of Park Rd .2 mi west of SW 10th St,Wilburton,OK,74578,Latimer,34.92,-95.3269444,OKR1030800,6/21/2023,10/17/2027,6552,Subdividers And Developers,N,,,,,,,,,,,
ODOT JP 27907 04,Robinson Construction LLC,On US 271 from County Road 150 ext 1.3 mi southwest,Wister,OK,74966,LeFlore,34.9291667,-94.8663889,OKR1037280,12/16/2025,10/17/2027,1622,"Bridge, Tunnel, & Elevated Highway",N,,,,,,,,,,,
ODOT JP 20953 04,"Overland Corporation, Inc.",US-277 from 4.2 miles NE of the SH-8 junction,Cement,OK,73017,Caddo,34.9320819,-98.1334351,OKR1037852,6/17/2026,10/17/2027,1611,Highway And Street Construction,N,,,,,,,,,,,
McAlester Public Library,Southeastern Public Library System of Oklahoma,401 N 2nd St,Mcalester,OK,74501,Pittsburg,34.93525,-95.766364,OKR1036050,11/18/2024,10/17/2027,1542,Nonresidential Construction,N,,,,,,,,,,,
Caring Hands Healthcare Center,Crossland Construction Company,1825 E Van Buren,Mcalester,OK,74501,Pittsburg,34.936454,-95.738835,OKR1037634,4/3/2026,10/17/2027,1542,Nonresidential Construction,N,,,,,,,,,,,
Caddo/Grady Borrow Pit,F5 Welding & Dozer,"NW Section 1 T5N R9W: From US-277 & NS-274 Rd, proceed",Cement,OK,74017,Caddo,34.9367782,-98.1035031,OKR1038043,8/5/2026,10/17/2027,1611,Highway And Street Construction,N,,,,,,,,,,,
Seminole Nation of Oklahoma - Konawa Child Care Facility,Seminole Nation,Southwest of S Broadway St and Hwy 99,Konawa,OK,74849,Seminole,34.9400467,-96.6843385,OKR1035288,3/22/2024,10/17/2027,1542,Nonresidential Construction,N,,,,,,,,,,,
Calvary Baptist Church,Calvary Baptist Church,South of West Carl Albert Pkwy .8 miles West of N West St,Mcalester,OK,74501,Pittsburg,34.9405556,-95.7955278,OKR1032117,4/20/2023,10/17/2027,1542,Nonresidential Construction,N,,,,,,,,,,,
SE Oklahoma Softball Complex Levee Repair,CCI Trenchless ,2500 US-270 E,"McAlester,",OK,74501,Pittsburg,34.9430507,-95.8110429,OKR1037909,6/30/2026,10/17/2027,1542,Nonresidential Construction,N,,,,,,,,,,,
Anchor Mini Storage,"Anchor Mini Storage, LLC",1012 N A Street,Mcalester,OK,74501,Pittsburg,34.943636,-95.7682996,OKR1037506,3/2/2026,10/17/2027,1542,Nonresidential Construction,N,,,,,,,,,,,
Red Oak to Talihina 138 kV Transmission Line Rebuild,AEP Public Service Company of Oklahoma,From northeast of NE 130th Rd and SE 2nd St extending,Red Oak,OK,74563,Latimer,34.956734,-95.075344,OKR1037248,12/23/2025,10/17/2027,1542,Nonresidential Construction,Y,,,,,,,,,,,
ODOT JP 30425 07,Silver Star Construction Co Inc,Sites located on State Hwy 19 from between 1.3 mi south of,Chickasha,OK,73067,Grady,34.968182,-97.866325,OKR1035098,1/26/2024,10/17/2027,1611,Highway And Street Construction,N,,,,,,,,,,,
2nd Konawa Pump Station,Archer Western - The Walsh Group,NEC of Crosslin Rd /3470 Rd and Hwy 39,Konawa,OK,74849,Pottawatomie,34.9861111,-96.8258333,OKR1036371,3/5/2025,10/17/2027,1542,Nonresidential Construction,N,,,,,,,,,,,
ODOT JP 35586 04,Wyatt Contracting,SH-9 from 0.75 miles west of SH-44 intersection,Lone Wolf,OK,73655,Kiowa,34.9895726,-99.2493875,OKR1037896,7/1/2026,10/17/2027,1611,Highway And Street Construction,N,,,,,,,,,,,
Atoka Pipeline Raw Water Transmission Line Project WC-0876,McKee Utility Contractors LLC,From .2 mi south of Abbey Rd east of Crosslin Rd ext 10.5 mi,Konawa,OK,74849,Pottawatomie,34.989825,-96.825728,OKR1036054,11/20/2024,10/17/2027,1623,"Water, Sewer, And Utility Lines",Y,,,,,,,,,,,
Atoka Pipline Raw Water Transmission Line,McKee Utility Contractors LLC,Begin at 39709 Crosslin Road,Konawa,OK,74849,Pottawatomie,34.989892,-96.826371,OKR1035199,3/1/2024,10/17/2027,1542,Nonresidential Construction,N,,,,,,,,,,,
ODOT JP 34998 04,"Treas Construction, Inc.",Spaulding Road N-369 Rd over Little River,Spaulding,OK,74848,Hughes,34.99115,-96.4414236,OKR1037825,6/2/2026,10/17/2027,1622,"Bridge, Tunnel, & Elevated Highway",N,,,,,,,,,,,
Midwest Cooling Towers,Lasater Construction Inc,1156 OK-19,Chickasha,OK,73018,Grady,34.9922592,-97.9238186,OKR1036860,8/13/2025,10/17/2027,1541,Industrial Buildings And Warehouses,N,,,,,,,,,,,
The Chickasaw Nation NW Regional Clinic,The Chickasaw Nation,W of Hardcastle Blvd S of Hwy 39 .2 miles,Purcell,OK,73080,McClain,34.9957818,-97.3717206,OKR1035117,1/29/2024,10/17/2027,1542,Nonresidential Construction,N,,,,,,,,,,,
Redbud Ridge,Crawford Realty LLC,.4 miles S of W Country Club Rd .2 miles W of S 16th St,Chickasha,OK,73018,Grady,35.009677,-97.956297,OKR1032967,4/25/2023,10/17/2027,1522,Residential Construction,N,,,,,,,,,,,
Sleepy Hollow 3rd Addition,JYM Investments LLC,Southwest of Sleepy Hollow Blvd and W Country Club Rd,Chickasha,OK,73018,Grady,35.0127778,-97.9461111,OKR1028618,6/9/2023,10/17/2027,1522,Residential Construction,N,,,,,,,,,,,
Caseys General Store 5180,Caseys General Store,924 W 11th St,Hobart,OK,73651,Kiowa,35.015247,-99.104206,OKR1037681,4/27/2026,10/17/2027,1542,Nonresidential Construction,N,,,,,,,,,,,
Cornville to Norge Road,AEP Oklahoma Trans Co - Cornville to Norge Road,Along Country Club Rd from Norge Rd ext 4 mi east then,Chickasha,OK,73018,Grady,35.016116,-97.974024,OKR1036380,3/5/2025,10/17/2027,1542,Nonresidential Construction,N,,,,,,,,,,,
Walmart Neighborhood Market 00607-1006 Pavement Rehabilitation and Remodel,Wal-Mart Real Estate Business Trust,923 W 11th Street,Hobart,OK,73651,Kiowa,35.0170723,-99.1042312,OKR1037895,7/15/2026,10/17/2027,1542,Nonresidential Construction,N,,,,,,,,,,,
Dollar General Store 31913,Chickasha 31913 LLC,Highway 277 at W Almar Dr,Chickasha,OK,73018,Grady,35.0204176,-97.9352984,OKR1037828,6/3/2026,10/17/2027,1542,Nonresidential Construction,N,,,,,,,,,,,
CNCA-Community Center,Petree Construction,104 Kerr Avenue,Poteau,OK,74953,LeFlore,35.0225,-94.6611111,OKR1035987,12/11/2024,10/17/2027,1542,Nonresidential Construction,N,,,,,,,,,,,
Southbrook Phase 2,OKC L DEV LLC,.3 mi south of W Grant St west of I-35,Purcell,OK,73080,McClain,35.022794,-97.378452,OKR1037424,2/5/2026,10/17/2027,1521,Single-Family Housing Construction,N,,,,,,,,,,,
Robinson Poteau Development,Robinson Construction,Northwest of S Broadway St .6 mi southwest of the Hwy 59,Poteau,OK,74953,LeFlore,35.023145,-94.661428,OKR1034542,7/24/2023,10/17/2027,1542,Nonresidential Construction,N,,,,,,,,,,,
ODOT JP 24428 04 and 24428 12,Robinson Construction LLC,US-81 from intersection of US-277 and SH-19 extending 7.3 mi,Chickasha,OK,73018,Grady,35.0246,-97.9876,OKR1037410,1/28/2026,10/17/2027,1611,Highway And Street Construction,N,,,,,,,,,,,
Scissortail Crossing - National Home Corp,National Home Corp,S. 29th Street and Scissortail Boulevard OK,Chickasha,OK,73018,Grady,35.024917,-97.97029,OKR1038012,7/28/2026,10/17/2027,6552,Subdividers And Developers,N,,,,,,,,,,,
Enclave Estates at Chickasha,Cubit Development Group LLC,.3 mi south of W Grand Ave .4 mi west of S 29th St,Chickasha,OK,73018,Grady,35.0251528,-97.9771889,OKR1036416,3/31/2025,10/17/2027,1542,Nonresidential Construction,N,,,,,,,,,,,
Southbrook Phase 1,OKC L DEV LLC,.2 miles S of 220th St .5 miles W of N 9th Ave,Purcell,OK,73080,McClain,35.02583,-97.380555,OKR1033777,12/6/2022,10/17/2027,1611,Highway And Street Construction,N,,,,,,,,,,,
Scissortail Crossing -  National Home Corp,National Home Corp,S. 29th Street & Scissortail Boulevard OK,Chickasha,OK,73018,Grady,35.027122,-97.970003,OKR1038048,8/11/2026,10/17/2027,6552,Subdividers And Developers,N,,,,,,,,,,,
Scissortail Crossing,EP Leasing LLC,SE of W Grand Ave & S 29th St,Chickasha,OK,73018,Grady,35.0272583,-97.9690306,OKR1033504,8/17/2023,10/17/2027,,,N,,,,,,,,,,,
Woodlands Development,Chickasha Development Company LLC,.1 mi south of W Grand Ave .1 mi west of S 4th St,Chickasha,OK,73018,Grady,35.0277778,-97.9375,OKR1033104,11/6/2023,10/17/2027,1542,Nonresidential Construction,N,,,,,,,,,,,
Chisholm Trail Dev Section 3 - Phase 1,Aria Development LLC,.1 mi south of E Grand Ave .2 mi east of S 4th St,Chickasha,OK,73018,Grady,35.0279389,-97.9309639,OKR1036990,9/22/2025,10/17/2027,1542,Nonresidential Construction,N,,,,,,,,,,,
Purcell Site Development,Clyde Riggs Construction,NE Corner of W Lincoln St and N Green Ave,Purcell,OK,73080,McClain,35.028083,-97.365303,OKR1037988,7/20/2026,10/17/2027,5541,Gasoline Service Stations,N,,,,,,,,,,,
Domino 136 - Purcell,Clyde Riggs Construction,SE corner of W Grant St & N Green Ave,Purcell,OK,73080,McClain,35.029375,-97.365394,OKR1037987,7/20/2026,10/17/2027,5541,Gasoline Service Stations,N,,,,,,,,,,,
Dollar General Store 31320,4D Construction LLC,2828 W Grand Ave,Chickasha,OK,73018,Grady,35.03002,-97.96993,OKR1036975,9/24/2025,10/17/2027,1542,Nonresidential Construction,N,,,,,,,,,,,
Roasters Chicken,Seneca Companies,510 W Grand Blvd,Chickasha,OK,73018,Grady,35.030174,-97.93921,OKR1034169,4/10/2023,10/17/2027,1542,Nonresidential Construction,N,,,,,,,,,,,
Hobart Junction Rehab,OK Transco PSO,.1 miles N of E1370 Rd E of Hwy 183,Hobart,OK,73651,Kiowa,35.031227,-99.059358,OKR1033465,5/3/2023,10/17/2027,1542,Nonresidential Construction,N,,,,,,,,,,,
Stoneridge Subdivision,Poteau Housing Partners Limited Partnership,.08 mi southeast of S McKenna St .4 mi northeast of Hwy 59,Poteau,OK,74953,LeFlore,35.0342306,-94.6405333,OKR1036238,1/23/2025,10/17/2027,1522,Residential Construction,N,,,,,,,,,,,
Lexington WMA Shooting Range Renovation,The Dill Company Inc,14398 180th St.,Lexington,OK,73051,Cleveland,35.045176,-97.1773338,OKR1037431,2/9/2026,10/17/2027,1542,Nonresidential Construction,N,,,,,,,,,,,
Sagebrush Villas,B&J Investments LLC,.2 miles north of E Ada Sipuel Ave and .2 miles west of,Chickasha,OK,73018,Grady,35.0470222,-97.9247361,OKR1037253,1/21/2026,10/17/2027,1522,Residential Construction,N,,,,,,,,,,,
Arbors Addition,STK Development,NE4 and SE4 Section 26 T7N R2W,Purcell,OK,73080,McClain,35.050241,-97.376527,OKR1033500,8/23/2023,10/17/2027,1521,Single-Family Housing Construction,N,,,,,,,,,,,
Cedar Hills Estates,R and R Land Development LLC,East of Hwy 24 and 0.3 miles S of W Morehead Ave.,Washington,OK,73093,McClain,35.0535,-97.4942,OKR1031869,6/16/2023,10/17/2027,1522,Residential Construction,N,,,,,,,,,,,
Clearview Heights Estates,Hayes Family Homes LLC,449 Dean Dr,Washington,OK,73093,McClain,35.0540444,-97.48735,OKR1034248,4/27/2023,10/17/2027,1542,Nonresidential Construction,N,,,,,,,,,,,
Washington Public Schools Athletic Fields,Washington Public Schools,101 E Kerby Ave,Washington,OK,73093,McClain,35.055,-97.477,OKR1036736,7/15/2025,10/17/2027,1542,Nonresidential Construction,N,,,,,,,,,,,
Delaware Nation Community Center,Miller-Tippens Construction Co LLC,810 Delaware Dr,Anadarko,OK,73005,Caddo,35.0554443,-98.2587311,OKR1036441,3/27/2025,10/17/2027,1542,Nonresidential Construction,N,,,,,,,,,,,
Dows Hills Development,Dows Hills Development LLC,NW Corner of Western Ave. and  240th Street Intersection,Purcell,OK,73080,McClain,35.0588722,-97.5298722,OKR1033028,8/18/2023,10/17/2027,1521,Single-Family Housing Construction,N,,,,,,,,,,,
"Casey's General Store - Anadarko, OK",Caseys Marketing Company,913 S Mission Street,Anadarko,OK,73005,Caddo,35.0654087,-98.2512581,OKR1037920,7/6/2026,10/17/2027,1542,Nonresidential Construction,N,,,,,,,,,,,
Knocking turtle,Knocking Turtle,12571 US Hwy 77,slaughterville,OK,73051,Cleveland,35.0660155,-97.3336927,OKR1034802,10/5/2023,10/17/2027,1522,Residential Construction,N,,,,,,,,,,,
Chickasha Water Treatment Plant Improvements,Wynn Construction,1002 N. 4TH ST.,Chickasha,OK,73018,Grady,35.0665556,-97.9336389,OKR1037834,6/5/2026,10/17/2027,1623,"Water, Sewer, And Utility Lines",N,,,,,,,,,,,
Buffalo Creek,Remington Properties LLC,SW of the intersection of 250th St and SH 76,Blanchard,OK,73010,McClain,35.0711583,-97.654025,OKR1037033,10/9/2025,10/17/2027,1521,Single-Family Housing Construction,N,,,,,,,,,,,
Autumn Ridge - Sunshine Development of OKC LLC,Sunshine Development of OKC LLC,2240 County Road 1340,Blanchard,OK,73010,Grady,35.0728735,-97.7155963,OKR1037279,12/15/2025,10/17/2027,1522,Residential Construction,N,,,,,,,,,,,
Agreement 2 US-281 Waterline and Sewer Relocate,"Orr Construction, Inc.",US-281 beginning at E. Main St extending north toward,Anadarko,OK,73005,Caddo,35.0775266,-98.2436816,OKR1038055,8/11/2026,10/17/2027,1623,"Water, Sewer, And Utility Lines",N,,,,,,,,,,,
Hux Grove Development,Southwind Hills Land Development,NW corner of CR 1340 and CS 2950,Middleburg,OK,73010,Grady,35.0803521,-97.7440082,OKR1034111,3/15/2023,10/17/2027,1521,Single-Family Housing Construction,N,,,,,,,,,,,
WFEC Anadarko Units 12 and 13,Fagen Incorporated,.6 mi east of NE 7th St .2 mi north of Watson Dr,Anadarko,OK,73005,Caddo,35.0812766,-98.2226652,OKR1036030,10/31/2024,10/17/2027,1623,"Water, Sewer, And Utility Lines",N,,,,,,,,,,,
Caseys General Store - Holdenville OK,Caseys Services Company,100 E Highway St,Holdenville,OK,74848,Hughes,35.0870998,-96.3830285,OKR1036603,5/19/2025,10/17/2027,,,N,,,,,,,,,,,
KTHA Carnegie Elder Project,Kiowa Tribe Housing Authority,.4 mi west of State Hwy 58 north of E 1330 Rd,Carnegie,OK,73015,Caddo,35.087858,-98.610974,OKR1036962,9/16/2025,10/17/2027,1521,Single-Family Housing Construction,N,,,,,,,,,,,
Poteau Subdivision,Sunview Development,N of Williams Lane .5 miles E of N Broadway St,Poteau,OK,74953,LeFlore,35.088727,-94.622583,OKR1035107,1/29/2024,10/17/2027,1521,Single-Family Housing Construction,N,,,,,,,,,,,
31-1001 Poteau OK Pavement Rehabilitation,Wal-Mart Real Estate Business Trust,3108 N Broadway St,Poteau,OK,74953,LeFlore,35.094689,-94.629705,OKR1036405,3/19/2025,10/17/2027,1542,Nonresidential Construction,N,,,,,,,,,,,
"CNO Group 3 IE Housing - Poteau, OK","Iron Bull, LLC",North of Nanih Waiya Ln .08 mi west of Deertail Dr,Poteau,OK,74953,LeFlore,35.0951222,-94.6404196,OKR1036230,1/17/2025,10/17/2027,1521,Single-Family Housing Construction,N,,,,,,,,,,,
LeFlore Subdivision,Sunview Construction,.4 miles S of Coggins Rd  .3 miles W of Deertail Dr,Poteau,OK,74953,LeFlore,35.0962139,-94.643635,OKR1036023,11/12/2024,10/17/2027,1521,Single-Family Housing Construction,N,,,,,,,,,,,
Lawton Eastside to Southwestern Power Station,AEP Oklahoma Trans Co,Beginning 1.8 mi north of E 1340 Rd west of County Road 2605,Anadarko,OK,73005,Caddo,35.0995115,-98.3482558,OKR1036740,7/8/2025,10/17/2027,1623,"Water, Sewer, And Utility Lines",N,,,,,,,,,,,
SWPS - Verden Tap BIA REHAB,AEP Oklahoma Trans Co - SWPS-Verden Tap BIA REHAB,From County Road 1320 and County Street 2670 ext,Anadarko,OK,73005,Caddo,35.102992,-98.2884554,OKR1036378,3/5/2025,10/17/2027,1542,Nonresidential Construction,N,,,,,,,,,,,
ODOT 29697 04,L&N Bridge LLC,On SH-112 from .6 mi northeast of N Broadway St,Poteau,OK,74953,LeFlore,35.1094163,-94.6078725,OKR1036810,8/1/2025,10/17/2027,1611,Highway And Street Construction,N,,,,,,,,,,,
Pennello,Cinco Development LLC,3012 SE 12th Ave,Goldsby,OK,73093,McClain,35.1096833,-97.4592722,OKR1034546,7/13/2023,10/17/2027,1521,Single-Family Housing Construction,N,,,,,,,,,,,
OTA JP 37700 10,Built Right Construction LLC,SH-375 and Ragan Rd. Interchange,Mcalester,OK,74501,Pittsburg,35.116192,-95.890983,OKR1037768,5/19/2026,10/17/2027,1611,Highway And Street Construction,N,,,,,,,,,,,
Sunshine Development at Indian Ridge - Phase I,Sunshine Development at Indian Ridge LLC,North of Hwy 62 and 4100 ft west of S Morgan Ave,Blanchard,OK,73010,Grady,35.1240111,-97.7049278,OKR1035320,4/5/2024,10/17/2027,1521,Single-Family Housing Construction,N,,,,,,,,,,,
Sunshine Development at Indian Ridge - Phase I,Sunshine Development at Indian Ridge LLC,North of Hwy 62 and 4100 ft west of S Morgan Ave,Blanchard,OK,73010,Grady,35.1240111,-97.7049278,OKR1035320,4/5/2024,10/17/2027,1542,Nonresidential Construction,N,,,,,,,,,,,
Academies of OK - Blanchard,Delta Crossing LLC,S County Line Avenue and S.W. 7th St,Blanchard,OK,73010,McClain,35.124675,-97.6675806,OKR1037925,7/1/2026,10/17/2027,1542,Nonresidential Construction,N,,,,,,,,,,,
Bridgesong Commercial Area,Bridgesong Holdings LLC,North of Hwy 62 west of S Morgan Ave,Blanchard,OK,73010,Grady,35.1249639,-97.6930917,OKR1037524,3/10/2026,10/17/2027,1542,Nonresidential Construction,N,,,,,,,,,,,
Bridgesong Phase 1,Bridgesong Holdings LLC,North of Hwy 62 and 2700 ft West of S Morgan Ave,Blanchard,OK,73010,Grady,35.1255278,-97.7063278,OKR1037593,4/6/2026,10/17/2027,1542,Nonresidential Construction,N,,,,,,,,,,,
SDIR Phase II - Golf Course,Sunshine Development at Indian Ridge LLC,"North of Hwy 62, 1 mi west of S Morgan Avenue",Blanchard,OK,73010,Grady,35.1260583,-97.7094583,OKR1035442,5/14/2024,10/17/2027,1542,Nonresidential Construction,N,,,,,,,,,,,
Bridgesong 12-Tee Pond,"Bridgesong Holdings, LLC","2,500 ft North of Old Hwy 62 & 3,000 ft East of County St",Blanchard,OK,73010,Grady,35.1283417,-97.7128389,OKR1038101,8/14/2026,10/17/2027,1542,Nonresidential Construction,N,,,,,,,,,,,
Caseys - Noble,Caseys General Stores,North of S Main St and S 8th St intersection,Noble,OK,73068,Cleveland,35.1288,-97.3889,OKR1037718,5/1/2026,10/17/2027,1542,Nonresidential Construction,Y,,,,,,,,,,,
ODOT JP 20997 10,Silver Star Construction Company Inc,Along S Hwy 77 from just north of E Maguire Rd to 60th St,Noble,OK,73068,Cleveland,35.1317306,-97.3917861,OKR1034059,3/6/2023,10/17/2027,1611,Highway And Street Construction,N,,,,,,,,,,,
Summit Ranch,Goldsby Land and Cattle Company LLC,North of W Chestnut Rd and west of SW 24th Ave,Goldsby,OK,73072,McClain,35.132569,-97.51422,OKR1033749,11/17/2022,10/17/2027,1521,Single-Family Housing Construction,N,,,,,,,,,,,
Eagle Lake Estates Phase II,F&F Footings and Foundations Inc,Northeast of SW 3rd St and S Aspen Ave,Blanchard,OK,73010,Grady,35.1366667,-97.6933333,OKR1030013,6/16/2023,10/17/2027,6552,Subdividers And Developers,N,,,,,,,,,,,
Deer Creek Addition,Friendly Investments 2021 LLC,S 8th St and Twin Lakes Dr,Noble,OK,73068,Cleveland,35.1383333,-97.3883333,OKR1037381,2/4/2026,10/17/2027,1521,Single-Family Housing Construction,Y,,,,,,,,,,,
Azalea Farms Section 3,R & R Land Development LLC,.2 mi east of 8th St .4 mi south of E Etowah Rd,Noble,OK,73068,Cleveland,35.1399167,-97.3833611,OKR1035700,8/8/2024,10/17/2027,1522,Residential Construction,N,,,,,,,,,,,
Hidden Acres Addition,Timothy Kilkenny,.3 mi north of SW 3rd St west of N2980 Rd,Blanchard,OK,73010,Grady,35.1402778,-97.6897222,OKR1029188,7/7/2023,10/17/2027,1522,Residential Construction,N,,,,,,,,,,,
Adkins Crossing Baseball Softball Complex,Ace Construction,.4 miles S of E Center Rd .9 miles E of N Main St,Goldsby,OK,73093,McClain,35.14044,-97.4614,OKR1035871,9/20/2024,10/17/2027,1542,Nonresidential Construction,N,,,,,,,,,,,
Azalea Farms Section 2,R&R Land Development LLC,.3 miles S of E Etowah Rd .3 miles E of S 8th St,Noble,OK,73068,Cleveland,35.1411111,-97.3825,OKR1032373,7/1/2023,10/17/2027,1521,Single-Family Housing Construction,N,,,,,,,,,,,
I-35 Goldsby Land,"Adkins and Adkins Land Development, LLC","N/2, Section 25, T-8N, R-3W",Goldsby,OK,73093,McClain,35.1419444,-97.4636111,OKR1029874,1/2/2024,10/17/2027,1542,Nonresidential Construction,N,,,,,,,,,,,
Azalea Farms Section 1,R&R Land Development LLC,E side of S 8th St .3 miles S of Etowah Rd,Noble,OK,73068,Cleveland,35.1420472,-97.3884528,OKR1030087,6/16/2023,10/17/2027,6552,Subdividers And Developers,N,,,,,,,,,,,
Iron Horse Processing Plant,Iron Horse Midstream Inc,1387 County Rd 1290,Amber,OK,73004,Grady,35.142127,-97.862219,OKR1029622,6/16/2023,10/17/2027,,,N,,,,,,,,,,,
SELAH,Adkins and Adkins Land Development,30073 Santa Fe Ave,Norman,OK,73072,McClain,35.1466861,-97.523725,OKR1032510,5/11/2023,10/17/2027,1522,Residential Construction,N,,,,,,,,,,,
The Run,Arboretum Development LLC,North of E Center Rd .2 mi east of S Main Ave,Goldsby,OK,73093,McClain,35.146964,-97.473444,OKR1037282,12/31/2025,10/17/2027,1542,Nonresidential Construction,N,,,,,,,,,,,
Atoka Pipeline Raw Water Transmission Line Project WC-0878,Belt Construction Group,.4 mi north of Little River Rd west of Fishmarket Rd ext,Macomb,OK,74852,Pottawatomie,35.148749,-97.035261,OKR1037452,2/23/2026,10/17/2027,1542,Nonresidential Construction,N,,,,,,,,,,,
Old Town Square LLC,Adkins and Adkins Land Development LLC,310 N Main St,Goldsby,OK,73093,McClain,35.14915,-97.4772,OKR1032548,7/17/2023,10/17/2027,1542,Nonresidential Construction,N,,,,,,,,,,,
Blanchard Baseball and Softball Complex,Oakside Construction,1440 N County Line Ave,Blanchard,OK,73010,McClain,35.1511054,-97.6653667,OKR1037563,3/30/2026,10/17/2027,1542,Nonresidential Construction,N,,,,,,,,,,,
Maxwell Substation,Western Farmers Electric Cooperative,W of 72nd Ave SE & .4 miles N of E Etowah Rd,Norman,OK,73026,Cleveland,35.1519951,-97.3363619,OKR1037483,2/25/2026,10/17/2027,1542,Nonresidential Construction,N,,,,,,,,,,,
Little Axe Substation to Lexington Substation Transmission Line,Western Farmers Electric Cooperative,Begin .5 miles N of E Etowah Rd W of 156th Ave SE ext S to,Lexington,OK,73051,Cleveland,35.152315,-97.213054,OKR1036443,4/2/2025,10/17/2027,1623,"Water, Sewer, And Utility Lines",N,,,,,,,,,,,
Little Axe Substation,Western Farmers Electric Cooperative,0.5 Miles north of E. Etowah Rd and W of 156th Ave SE,Noble,OK,73068,Cleveland,35.1524122,-97.2129161,OKR1036425,3/27/2025,10/17/2027,1623,"Water, Sewer, And Utility Lines",N,,,,,,,,,,,
The Woods at Noble Phase 2,Meek Development LLC,.3 miles E of 48th Ave SEt and .4 miles S of E Post Oak Rd,Noble,OK,73068,Cleveland,35.154912,-97.366114,OKR1036921,9/5/2025,10/17/2027,1521,Single-Family Housing Construction,Y,,,,,,,,,,,
The Woods at Noble Phase 1,W&M Development,East of 48th Ave SE .3 mi south of E Post Oak Road,Noble,OK,73068,Cleveland,35.155,-97.369,OKR1033825,1/6/2023,10/17/2027,1521,Single-Family Housing Construction,N,,,,,,,,,,,
The Woods - Noble OK,D.R. Horton - Texas Ltd,0.3 mi south of E Post Oak Rd east of 48th Ave SE,Noble,OK,73068,Cleveland,35.1561,-97.37046,OKR1036498,4/8/2025,10/17/2027,1521,Single-Family Housing Construction,Y,,,,,,,,,,,
Oasis Ranch Addition Section 6,IH Development LLC,.1 mile S of NW 25th St .4 miles E of N County Line Ave,Blanchard,OK,73010,McClain,35.1575,-97.6636111,OKR1035829,9/9/2024,10/17/2027,1521,Single-Family Housing Construction,N,,,,,,,,,,,
The Woods at Noble Phase 1 Offsite Waterline,W&M Development,Waterline between E Post Oak Rd and E Etowah Rd,Noble,OK,73068,Cleveland,35.157572,-97.37221,OKR1035032,12/29/2023,10/17/2027,1623,"Water, Sewer, And Utility Lines",N,,,,,,,,,,,
Post Oak Canyon,STK Development,NW4 Section 23 T8N R2W IM SW corner of N 8th and Post Oak Rd,Noble,OK,73068,Cleveland,35.15777,-97.384262,OKR1033501,10/13/2023,10/17/2027,1521,Single-Family Housing Construction,Y,,,,,,,,,,,
Valley Pointe Phase 1 and 2 - Lennar Homes,Lennar Homes of Oklahoma LLC,South of Post Oak Rd and West of N 8th St,Noble,OK,73068,Cleveland,35.158056,-97.391111,OKR1037099,10/27/2025,10/17/2027,1521,Single-Family Housing Construction,N,,,,,,,,,,,
Selah North,"Gray Acres Foundry, LLC",Western Avenue and West Burr Oak Road,Norman,OK,73072,McClain,35.158269,-97.524058,OKR1037871,6/18/2026,10/17/2027,1522,Residential Construction,N,,,,,,,,,,,
Oasis Ranch Addition Section 5,IH Development LLC,.1 mi south of NW 25th St .6 mi west of Hwy 76,Blanchard,OK,73010,McClain,35.1586111,-97.6636111,OKR1032222,7/10/2023,10/17/2027,1542,Nonresidential Construction,N,,,,,,,,,,,
Oasis Ranch Addition Section 3,IH Development LLC,South of NW 25th St east of N Main St,Blanchard,OK,73010,McClain,35.1594444,-97.6611111,OKR1034806,10/5/2023,10/17/2027,1521,Single-Family Housing Construction,N,,,,,,,,,,,
The Grove at Noble Phase 1,W&M Development,.4 mi west of N 8th St south of E Post Oak Rd,Noble,OK,73068,Cleveland,35.1597417,-97.3952694,OKR1034776,9/22/2023,10/17/2027,1521,Single-Family Housing Construction,N,,,,,,,,,,,
Pauls,SKH Capital LLC,171 NE 25TH ST,Blanchard,OK,73010,McClain,35.1606146,-97.6576403,OKR1034638,8/18/2023,10/17/2027,1522,Residential Construction,N,,,,,,,,,,,
Liberty Point,WP-Liberty Point LLC,.2 miles E of Classen Boulevard .2 miles N of Post Oak Road,Norman,OK,73068,Cleveland,35.1636083,-97.4011917,OKR1035761,8/21/2024,10/17/2027,1542,Nonresidential Construction,N,,,,,,,,,,,
ODOT JP 33965 04,K&R Builders Inc,NS-444 Starting .45mi south of EW-127 and continuing .19mi,Stigler,OK,74462,Haskell,35.165977,-95.121373,OKR1037258,12/16/2025,10/17/2027,1622,"Bridge, Tunnel, & Elevated Highway",N,,,,,,,,,,,
Cleveland to Amber Transmission Line,Western Farmers Electric Cooperative,Beginning east of Hwy 92 .4 mi north of E Main St/County,Verden,OK,73092,Grady,35.166476,-97.876403,OKR1036942,9/8/2025,10/17/2027,1623,"Water, Sewer, And Utility Lines",N,,,,,,,,,,,
Eagle Cliff West Section 1,Farzaneh Development LLLP,.5 mi south of E Cedar Lane Rd and .5 mi west of 12th Ave SE,Norman,OK,73072,Cleveland,35.1670139,-97.4340639,OKR1035414,4/29/2024,10/17/2027,1521,Single-Family Housing Construction,N,,,,,,,,,,,
Rocky Lake Spillway,City of Hobart,.5 mi north of SH 55 .1 mi east of N 2190 Rd,Rocky,OK,73661,Washita,35.1672697,-99.0766549,OKR1035234,4/19/2024,10/17/2027,1542,Nonresidential Construction,N,,,,,,,,,,,
Cedar Lane Section IV,Cedar Lane LLC,Southeast of Cedar Lane Road and 12th Ave SE,Norman,OK,73072,Cleveland,35.1680556,-97.4158333,OKR1037734,6/5/2026,10/17/2027,1542,Nonresidential Construction,N,,,,,,,,,,,
Monterey III,Monterey Development Company LLC,1409 Monterey Drive,Norman,OK,73072,Cleveland,35.1682,-97.4199,OKR1035492,5/24/2024,10/17/2027,1521,Single-Family Housing Construction,N,,,,,,,,,,,
CLEVELAND SWITCH STATION,Western Farmers Electric Cooperative,1543 County Street 2750,Verdon,OK,73092,Grady,35.1684153,-98.0898544,OKR1037403,2/2/2026,10/17/2027,1542,Nonresidential Construction,N,,,,,,,,,,,
Armstrong Bank Consolidation Project Section 1,Silver Star Construction Co Inc,W of 24th Ave SE .4 miles S of E Cedar Ln Rd,Norman,OK,73071,Cleveland,35.169672,-97.406393,OKR1036687,6/27/2025,10/17/2027,1542,Nonresidential Construction,N,,,,,,,,,,,
Cedar Lane Section III,Cedar Lane LLC,SE of Cedar Lane Road and 12th Ave SE,Norman,OK,73071,Oklahoma,35.1697222,-97.4161111,OKR1031474,8/23/2023,10/17/2027,6552,Subdividers And Developers,N,,,,,,,,,,,
Brentwood Section 2 and 3,The Builders Collective LLC,SW Corner of 320th St and NW 24th Ave,Goldsby,OK,73093,McClain,35.1707848,-97.514878,OKR1036890,8/21/2025,10/17/2027,1521,Single-Family Housing Construction,N,,,,,,,,,,,
Destin Landing Section 1,Farzaneh Development LLLP,.2 miles S of E Cedar Lane Road & .3 miles W of 36th Ave SE,Norman,OK,73068,Cleveland,35.1713889,-97.3933333,OKR1034973,12/11/2023,10/17/2027,1521,Single-Family Housing Construction,N,,,,,,,,,,,
Freddys Frozen Custard - Lot 2A Block 2,RKS Ventures Inc,East of S Classen Blvd .3 mi south of E Cedar Lane Rd,Norman,OK,73071,Cleveland,35.1715694,-97.4103694,OKR1037602,3/27/2026,10/17/2027,1542,Nonresidential Construction,N,,,,,,,,,,,
Armstrong Bank Norman South,Armstrong Bank,3804 Armstrong Ave,Norman,OK,73071,Cleveland,35.1725,-97.4111111,OKR1037442,2/20/2026,10/17/2027,1542,Nonresidential Construction,N,,,,,,,,,,,
Bosch Auto - Norman,Midtown Construction Services,East of Classen Blvd and south of E Cedar Ln,Norman,OK,73071,Cleveland,35.1733722,-97.4111667,OKR1037254,6/10/2026,10/17/2027,1542,Nonresidential Construction,N,,,,,,,,,,,
Brentwood Section 1,STK Homes LLC,.5 mi south of SE 44th St .3 mi west of Santa Fe Ave,Goldsby,OK,73072,McClain,35.1749278,-97.5181333,OKR1031472,1/8/2024,10/17/2027,6552,Subdividers And Developers,N,,,,,,,,,,,
Brentwood Section 1,STK Homes LLC,.5 mi south of SE 44th St .3 mi west of Santa Fe Ave,Goldsby,OK,73072,McClain,35.1749278,-97.5181333,OKR1031472,1/8/2024,10/17/2027,1522,Residential Construction,N,,,,,,,,,,,
Murphys Ridge Blanchard,F and F Footings and Foundations Inc,North of County Road 1270 .4 mi west of County Road 2970,Blanchard,OK,73010,Grady,35.175,-97.7133333,OKR1032628,8/9/2023,10/17/2027,1522,Residential Construction,N,,,,,,,,,,,
St James Park,St James Park LLC,Cedar Lane and 24th Ave SE,Norman,OK,73071,Cleveland,35.1765083,-97.4053972,OKR1036922,10/1/2025,10/17/2027,6552,Subdividers And Developers,Y,,,,,,,,,,,
St James Park,St James Park LLC,Cedar Lane and 24th Ave SE,Norman,OK,73071,Cleveland,35.1765083,-97.4053972,OKR1036922,10/1/2025,10/17/2027,1521,Single-Family Housing Construction,Y,,,,,,,,,,,
Brakes Plus South Norman,Brakes Plus,3301 Classen Blvd,Norman,OK,73071,Cleveland,35.178788,-97.414433,OKR1036493,4/3/2025,10/17/2027,1542,Nonresidential Construction,N,,,,,,,,,,,
Self-Storage Development,MCM Project Management LLC,Southeast of W Adkins Hills Road & Melba Ln,Goldsby,OK,73072,McClain,35.1795391,-97.4896073,OKR1034442,6/12/2023,10/17/2027,1542,Nonresidential Construction,Y,,,,,,,,,,,
Miller Showcase Garage,Vincit Constructors,32242 Western Ave,Norman,OK,73072,McClain,35.1798,-97.528,OKR1031422,8/3/2023,10/17/2027,6552,Subdividers And Developers,N,,,,,,,,,,,
Destin Landing - Lift Station and Force Main,Rieger LLC,W of 36th Ave SE and N of Cedar Ln,Norman,OK,73068,Cleveland,35.181084,-97.388309,OKR1037322,1/5/2026,10/17/2027,1521,Single-Family Housing Construction,N,,,,,,,,,,,
ODOT JP 19314(04),Sherwood Construction,Along I-35 from 0.5 mi NE of SH-9W interchange to 0.2 mi,Goldsby,OK,73072,McClain,35.18121,-97.493948,OKR1034698,8/31/2023,10/17/2027,1611,Highway And Street Construction,Y,,,,,,,,,,,
Storage R Us LLC Norman Hwy 9 Phase II,Storage R Us LLC,3301 SE 44th St.,Norman,OK,73072,McClain,35.1826335,-97.5441433,OKR1037773,5/27/2026,10/17/2027,1541,Industrial Buildings And Warehouses,N,,,,,,,,,,,
00948-Seminole Borrow Pit 2,Overland Corporation Inc,South of E Hwy 270 between N 3600 Rd and NS 3615 Rd,Lima,OK,74884,Seminole,35.1832733,-96.5938003,OKR1037487,2/25/2026,10/17/2027,1611,Highway And Street Construction,N,,,,,,,,,,,
Saxon Industrial Park Phase III,City of Norman - Streets Division,.4 mi west of 36th Ave SE .4 mi south of E State Hwy 9,Norman,OK,73071,Cleveland,35.184145,-97.395246,OKR1037076,10/28/2025,10/17/2027,1611,Highway And Street Construction,Y,,,,,,,,,,,
Sandstone Ridge,Felkins Development LLC,.2 miles S of CR1260 .1 miles W of N2980 Rd,Blanchard,OK,73010,Grady,35.1864333,-97.6904,OKR1032177,8/27/2024,10/17/2027,1521,Single-Family Housing Construction,N,,,,,,,,,,,
CHASM Advanced Materials,CHASM Advanced Materials,2501 Technology Place,Norman,OK,73071,Cleveland,35.1867655,-97.3988514,OKR1035481,5/23/2024,10/17/2027,1541,Industrial Buildings And Warehouses,N,,,,,,,,,,,
Classen Parker Multi-Use,BCH LLC,West of Classen Blvd and .2 miles South of E Imhoff Rd,Norman,OK,73071,Cleveland,35.1869417,-97.4212861,OKR1037024,10/6/2025,10/17/2027,1542,Nonresidential Construction,N,,,,,,,,,,,
Classen Detention,BCH LLC,East of Classen Blvd .14 mi south of E Imhoff Rd,Norman,OK,73071,Cleveland,35.1877917,-97.4200444,OKR1037152,11/10/2025,10/17/2027,1542,Nonresidential Construction,N,,,,,,,,,,,
Blue Ridge Estates Phase 2,"Farzaneh Development, LLLP",W. of intersection of SE 40th and Penn Ave.,Newcastle,OK,73072,McClain,35.1878111,-97.5543333,OKR1031015,6/22/2023,10/17/2027,6552,Subdividers And Developers,N,,,,,,,,,,,
City of Norman Imhoff Creek Bank Stabilization,Cimarron Construction Co,E and W Embarkment of Imhoff Creek,Norman,OK,73072,Cleveland,35.187894,-97.458408,OKR1036963,9/16/2025,10/17/2027,1542,Nonresidential Construction,N,,,,,,,,,,,
ODOT JP 35004 04,K&R Builders Inc,On Coleman Rd .3 mi west of Hwy 9A,Tecumseh,OK,74854,Pottawatomie,35.1883333,-96.83278,OKR1036815,7/29/2025,10/17/2027,1622,"Bridge, Tunnel, & Elevated Highway",N,,,,,,,,,,,
Lamars Landing Development,"Adkins & Adkins Land Development, LLC",.6 mi north of State Hwy 9 and .7 mi east of Santa Fe Ave,Newcastle,OK,73072,McClain,35.1888889,-97.4983333,OKR1035654,7/12/2024,10/17/2027,1542,Nonresidential Construction,Y,,,,,,,,,,,
ODOT JP 37981 04,Ellsworth Construction OKC,SH-9 From 48th St Extend East 1.3 miles,Norman,OK,73026,Cleveland,35.1895972,-97.3530889,OKR1037581,4/9/2026,10/17/2027,1542,Nonresidential Construction,N,,,,,,,,,,,
Coleraine Multifamily,Shreve Land Constructors LLC,1751 E Imhoff Rd,Norman,OK,73071,Cleveland,35.1897167,-97.4148611,OKR1037619,4/6/2026,10/17/2027,1521,Single-Family Housing Construction,N,,,,,,,,,,,
The Villages,"Lennar Homes of Texas Land and Construction, LTD.",Northwest of E Imhoff Road and Oakhurst Ave,Norman,OK,73071,Cleveland,35.190269,-97.411474,OKR1035476,5/22/2024,10/17/2027,1521,Single-Family Housing Construction,N,,,,,,,,,,,
Crimson Flats,Gorman Construction Company,Imhoff Rd and Oakhurst Ave,Norman,OK,73071,Cleveland,35.1902778,-97.4091667,OKR1037017,9/19/2025,10/17/2027,1521,Single-Family Housing Construction,N,,,,,,,,,,,
Little Elk Wind,Industrial Energy Solutions,Between N 2320 Rd and N 2260 Rd and between E 1270 Rd,New Cordell,OK,73632,Washita,35.1903317,-98.8859112,OKR1037678,4/16/2026,10/17/2027,1542,Nonresidential Construction,N,,,,,,,,,,,
Simple Storage FTI Group LLC,Four Point Contractors LLC,2320 24th Ave SE,Norman,OK,73071,Cleveland,35.190466,-97.405532,OKR1036091,11/22/2024,10/17/2027,1541,Industrial Buildings And Warehouses,N,,,,,,,,,,,
Hometown Healthcare,Garrett Hill Trust,5575 N. Council Ave,Blanchard,OK,73010,McClain,35.190621,-97.653859,OKR1033186,5/15/2023,10/17/2027,1542,Nonresidential Construction,N,,,,,,,,,,,
Blue Ridge Estates Phase 3,Farzaneh Development LLLP,North of SE 44th St and W of Penn Ave,Newcastle,OK,73072,McClain,35.190886,-97.552597,OKR1037689,4/27/2026,10/17/2027,1542,Nonresidential Construction,N,,,,,,,,,,,
Bellatona Addition Section 4,"Bellatona Development, LLC",SH-9 and 36th Ave SE,Norman,OK,73071,Cleveland,35.1916667,-97.3813889,OKR1033542,6/8/2023,10/17/2027,1521,Single-Family Housing Construction,N,,,,,,,,,,,
Bellatona Addition Section 3 - Bellatona Properties LLC,Bellatona Properties LLC,SH 9 and 36th Ave SE,Norman,OK,73071,Cleveland,35.1930556,-97.3875,OKR1032053,6/5/2023,10/17/2027,1521,Single-Family Housing Construction,N,,,,,,,,,,,
The Ridge Drainage Improvements Phase 1,C-P Integrated Services Inc,3708 King Arthur Ct,Newcastle,OK,73065,McClain,35.19363,-97.59194,OKR1035805,8/30/2024,10/17/2027,1542,Nonresidential Construction,N,,,,,,,,,,,
Summit Valley Addition Section 3,Summit Valley Development LLC,36 Ave SE and Hwy 9,Norman,OK,73071,Cleveland,35.1938889,-97.3794444,OKR1031627,6/21/2023,10/17/2027,6552,Subdividers And Developers,N,,,,,,,,,,,
Summit Valley Addition Section 4,Summit Valley Development LLC,.2 miles W of 36th Ave SE .3 miles N of Hwy 9,Norman,OK,73071,Cleveland,35.1941667,-97.3744444,OKR1037627,5/6/2026,10/17/2027,1521,Single-Family Housing Construction,N,,,,,,,,,,,
Summit Valley Addition Section 2,Summit Valley Development LLC,SE4 of Sec 3 T8N R2W IM Norman Cleveland Co OK,Norman,OK,73071,Cleveland,35.1946222,-97.3939111,OKR1022619,6/21/2023,10/17/2027,6552,Subdividers And Developers,N,,,,,,,,,,,
Bellatona Addition Section 5,Farzaneh Development LLLP,N of SH-9 and E of 36th Ave SE,Norman,OK,73071,Cleveland,35.1952778,-97.3877778,OKR1037329,1/6/2026,10/17/2027,1521,Single-Family Housing Construction,N,,,,,,,,,,,
ODOT JP 36148 04,Silver Star Construction Company Inc,On S Jenkins Ave from 400 ft south of W Imhoff Rd to,Norman,OK,73072,Cleveland,35.19535,-97.441317,OKR1036132,12/16/2024,10/17/2027,1611,Highway And Street Construction,N,,,,,,,,,,,
Norman Soccer Complex,Adams General Contracting Inc,.2 mi south of E Lindsey St east of 12th Ave SE,Norman,OK,73071,Cleveland,35.2004833,-97.4228444,OKR1037046,10/20/2025,10/17/2027,1542,Nonresidential Construction,N,,,,,,,,,,,
Chisholm Trail Estates - 1857 County Road 1250,TB HOLDINGS LLC,.2 mi south of County Road 1250 .1 mi west of,Tuttle,OK,73089,Grady,35.200824,-97.783784,OKR1035072,1/29/2024,10/17/2027,1611,Highway And Street Construction,N,,,,,,,,,,,
Home - 1350 36th Ave SE,Fred Clark,1350 36th Ave SE,Norman,OK,73026,Cleveland,35.201523,-97.388732,OKR1035782,8/22/2024,10/17/2027,1521,Single-Family Housing Construction,Y,,,,,,,,,,,
Turtle Crossing Phase 2,Farzaneh Development LLLP,.1 mi south of E Lindsey St .4 mi east of 24th Ave SE,Norman,OK,73071,Cleveland,35.2016917,-97.3983833,OKR1035842,9/17/2024,10/17/2027,1521,Single-Family Housing Construction,Y,,,,,,,,,,,
OU First Year Housing,"Flintco, LLC",346 West 1st Street,Norman,OK,73072,Cleveland,35.201928,-97.445852,OKR1034110,3/17/2023,10/17/2027,1522,Residential Construction,N,,,,,,,,,,,
The University of Oklahoma - First Year Housing - Phase 2,"Flintco, LLC",1105 Elm Ave,Norman,OK,73072,Cleveland,35.2020862,-97.4450173,OKR1037934,7/1/2026,10/17/2027,1522,Residential Construction,N,,,,,,,,,,,
Carlton Landing Nature Center - Thompson Const Co,Thompson Construction Inc.,10 Ridgeline Rd,Carlton Landing,OK,74432,McIntosh,35.2027708,-95.5429395,OKR1038057,9/2/2026,10/17/2027,1542,Nonresidential Construction,N,,,,,,,,,,,
Lindsey and College Ave Apts,Landmark Fine Homes,1010 College Ave,Norman,OK,73072,Cleveland,35.2028639,-97.4494083,OKR1035031,1/2/2024,10/17/2027,1521,Single-Family Housing Construction,N,,,,,,,,,,,
Carlton Landing Street Extensions,Town of Carlton Landing,Between the south terminus of Boulevard Blvd and the east,Eufaula,OK,74432,Pittsburg,35.20304,-95.54266,OKR1034068,3/10/2023,10/17/2027,1611,Highway And Street Construction,N,,,,,,,,,,,
Eshelman Place,Hunter Miller Family LLC,1104 W Lindsey Street,Norman,OK,73072,Cleveland,35.203733,-97.458666,OKR1034895,11/28/2023,10/17/2027,1542,Nonresidential Construction,N,,,,,,,,,,,
Varenna Landing Addition Section 1,"DRM Varenna, LLC",Lindsey St and 24th Ave SE,Norman,OK,73071,Cleveland,35.2047222,-97.4005556,OKR1032904,5/25/2023,10/17/2027,6552,Subdividers And Developers,N,,,,,,,,,,,
Varenna Landing Addition Section 1,"DRM Varenna, LLC",Lindsey St and 24th Ave SE,Norman,OK,73071,Cleveland,35.2047222,-97.4005556,OKR1032904,5/25/2023,10/17/2027,1521,Single-Family Housing Construction,N,,,,,,,,,,,
Carlton Landing Alley Pavement Plan Phase 6,Carlton Landing Association,Center Lane North & South Water Lane Street A & B; Bt Redbud,Eufaula,OK,74432,Pittsburg,35.205877,-95.543807,OKR1035749,8/16/2024,10/17/2027,1542,Nonresidential Construction,N,,,,,,,,,,,
Carlton Landing Phase 8 - Entire Phase,Carlton Landing Association,Hill St and Water St and Bonita Way and Boulevard,Carlton Landing,OK,74432,Pittsburg,35.2061,-95.5412,OKR1036912,8/28/2025,10/17/2027,1522,Residential Construction,N,,,,,,,,,,,
Siena Springs,"Skyridge Homes, Inc",North of Lindsey Street and East of SE 24th Avenue,Norman,OK,73072,Cleveland,35.206454,-97.392935,OKR1033269,6/26/2023,10/17/2027,1521,Single-Family Housing Construction,N,,,,,,,,,,,
Carlton Landing Phase 6,Humphreys Partners 2009 LLC,.2 mi north of Park St west of Water St,Carlton Landing,OK,74432,Pittsburg,35.2066667,-95.5427778,OKR1031016,5/15/2023,10/17/2027,6552,Subdividers And Developers,N,,,,,,,,,,,
Varenna Landing Addition Section 2,"Varenna Landing, LLC",Lindsey Street and 24th Avenue SE,Norman,OK,73071,Cleveland,35.206888,-97.40089,OKR1033604,5/25/2023,10/17/2027,1521,Single-Family Housing Construction,N,,,,,,,,,,,
00948-Seminole Borrow Pit 1,Overland Corporation Inc,South of US-270  .74 mi southeast of EW 1240 Rd,Seminole,OK,74868,Seminole,35.206914,-96.6305786,OKR1037484,2/26/2026,10/17/2027,1611,Highway And Street Construction,N,,,,,,,,,,,
Carlton Landing Alley Pavement Plan Phase 5 and 5B,Carlton Landing Association,"Brookside Dr, Walk in the Woods Ln, Pistache Ln, Ridgeline",Eufaula,OK,74432,Pittsburg,35.207146,-95.54509,OKR1035748,8/16/2024,10/17/2027,1542,Nonresidential Construction,N,,,,,,,,,,,
Second Macomb Pump Station,Archer Western - The Walsh Group,24590 Fish Market Rd,Tecumseh,OK,74873,Pottawatomie,35.209733,-97.123831,OKR1037507,3/10/2026,10/17/2027,1542,Nonresidential Construction,N,,,,,,,,,,,
Macomb Balancing Tank,Downey Contracting LLC,24590 Fishmarket Rd,Tecumseh,OK,74873,Pottawatomie,35.20995,-97.124229,OKR1036590,6/6/2025,10/17/2027,1542,Nonresidential Construction,N,,,,,,,,,,,
310 E Boyd Apartments,OK-OU Holdings LLC,310 E Boyd St,Norman,OK,73069,Cleveland,35.210901,-97.438041,OKR1036730,7/7/2025,10/17/2027,1521,Single-Family Housing Construction,N,,,,,,,,,,,
Summit Lakes Addition Section 12,"Summit Lakes, LLC",24th Ave SE and E Alameda St,Norman,OK,73071,Cleveland,35.2116667,-97.3997222,OKR1033543,6/21/2023,10/17/2027,1521,Single-Family Housing Construction,N,,,,,,,,,,,
Summit Lakes Addition Section 13,Summit Lakes LLC,E of 24th Ave SE and .4 miles S of E Alameda St,Norman,OK,73071,Cleveland,35.2119444,-97.4052778,OKR1037249,12/8/2025,10/17/2027,1521,Single-Family Housing Construction,N,,,,,,,,,,,
Carlton Landing Estates Phase 1,Carlton Landing Association,North and south of Lampy Mountain Rd west of Carlton Landing,Carlton Landing,OK,74432,Pittsburg,35.212308,-95.562321,OKR1036716,7/8/2025,10/17/2027,1521,Single-Family Housing Construction,N,,,,,,,,,,,
OWRB 24VERNDRAIN - ARPA-23-0034-DPG,Wyatt Contracting,Alabama Ave and Mississippi Ave ext west to Henry St,Vernon,OK,74845,McIntosh,35.216409,-95.9298712,OKR1037162,11/13/2025,10/17/2027,1623,"Water, Sewer, And Utility Lines",N,,,,,,,,,,,
Stephens Road Extension - Glover & Associates Inc,Glover & Associates Inc,Along Stephens Road from .2 mi south of Lampy Mtn Rd,Carlton Landing,OK,74432,Pittsburg,35.217376,-95.539205,OKR1034744,9/11/2023,10/17/2027,1611,Highway And Street Construction,N,,,,,,,,,,,
QuikTrip 7012,QuikTrip Corporation,S of W Main St  .2 miles E of I-35,Norman,OK,73069,Cleveland,35.217567,-97.481972,OKR1037159,11/13/2025,10/17/2027,1542,Nonresidential Construction,N,,,,,,,,,,,
Misty Lake Dam Rehabilitation,C-P Integrated Services,S of Alameda St .2 miles E of 24th Ave SE,Norman,OK,73069,Cleveland,35.21759,-97.401991,OKR1037083,10/29/2025,10/17/2027,1542,Nonresidential Construction,N,,,,,,,,,,,
The Preserve Section 1,Cary Davis MCD Development,South of SW 24th St .3 mi west of S Rockwell Ave,Blanchard,OK,73010,McClain,35.217787,-97.641406,OKR1033034,6/9/2023,10/17/2027,1521,Single-Family Housing Construction,N,,,,,,,,,,,
Wolf Creek Estates - Blanchard,Scott Brothers Development LLC,N of CR 1240 .5 miles E of CS 2980,Blanchard,OK,73010,Grady,35.218789,-97.680641,OKR1035279,3/28/2024,10/17/2027,1522,Residential Construction,N,,,,,,,,,,,
Seminole WWTP,Crossland Heavy Contractors,503 Lemon Ln,Seminole,OK,74868,Seminole,35.219276,-96.6569853,OKR1035724,8/12/2024,10/17/2027,1623,"Water, Sewer, And Utility Lines",N,,,,,,,,,,,
Blackjack Acres,Scott Brothers Development ,East of CS 2980 & north of CR 1240,Blanchard,OK,73010,Grady,35.219736,-97.686522,OKR1033951,1/27/2023,10/17/2027,,,N,,,,,,,,,,,
ODOT JP 35956 04 STP-214C 142 AG,Ellsworth Construction OKC,On Gray St from N University Blvd to N Porter Ave,Norman,OK,73069,Cleveland,35.2199,-97.4487,OKR1035602,6/28/2024,10/17/2027,1611,Highway And Street Construction,N,,,,,,,,,,,
Chickasaw Crossing LLC,Chickasaw Crossing LLC,North of SW 24th St .1 mi west of W Lakeview Dr,Newcastle,OK,73065,McClain,35.2201167,-97.6136056,OKR1035140,2/2/2024,10/17/2027,1521,Single-Family Housing Construction,N,,,,,,,,,,,
2526-14 FY26 Urban Reconstructions Project,Ellsworth Construction OKC dba A-Tech Paving,site1: Danfield Ln beginning at Brookhaven Blvd site 2: N,Norman,OK,73069,Cleveland,35.220505,-97.467199,OKR1037313,12/23/2025,10/17/2027,1542,Nonresidential Construction,N,,,,,,,,,,,
Sooner Kia of Norman,Clark Construction Inc,418 N Interstate Drive,Norman,OK,73072,Cleveland,35.2241667,-97.4866667,OKR1035962,10/31/2024,10/17/2027,1542,Nonresidential Construction,N,,,,,,,,,,,
ODOT JP 21006 04 C - 21006 11 C,Overland Corporation Inc,Along US-270 starting 0.1 mi west of N Harvey Rd extending,Seminole,OK,74868,Seminole,35.224943,-96.653841,OKR1033821,12/18/2022,10/17/2027,1611,Highway And Street Construction,N,,,,,,,,,,,
ODOT JP 21006 04 C - 21006 11 C,Overland Corporation Inc,Along US-270 starting 0.1 mi west of N Harvey Rd extending,Seminole,OK,74868,Seminole,35.224943,-96.653841,OKR1033821,12/18/2022,10/17/2027,1622,"Bridge, Tunnel, & Elevated Highway",N,,,,,,,,,,,
ODOT JP 35060 04 - SBR-4000 222 SB,OBC Inc,Intersection of I-40 and SH-30,Erick,OK,73645,Beckham,35.2263053,-99.8711632,OKR1036384,3/10/2025,10/17/2027,1622,"Bridge, Tunnel, & Elevated Highway",N,,,,,,,,,,,
Hilltop of Wolf Creek,F&F Footings & Foundations ,.4 mi south of CR 1230  .4 mi east of CS 2980,Blanchard,OK,73010,Grady,35.226469,-97.681674,OKR1037340,1/20/2026,10/17/2027,1521,Single-Family Housing Construction,N,,,,,,,,,,,
Destiny Hills,F&F Footings & Foundations Inc,S of SW 16th St/County Rd 1230 .2 miles E of County St 2980,Blanchard,OK,73010,Grady,35.23053,-97.685056,OKR1033953,2/1/2023,10/17/2027,1522,Residential Construction,N,,,,,,,,,,,
M&M Wrecking Inc,M&M Wrecking Inc,Southeast corner of Hwy 76 & SW 16th St,Newcastle,OK,73065,McClain,35.2310889,-97.6520722,OKR1027326,7/7/2023,10/17/2027,1542,Nonresidential Construction,N,,,,,,,,,,,
Farmington - Shaz Investments,Shaz Investments,SW Corner of SE 16th and Portland Rd,Newcastle,OK,73065,McClain,35.2311111,-97.5866667,OKR1023305,5/9/2023,10/17/2027,6552,Subdividers And Developers,N,,,,,,,,,,,
Seminole Tank Subdivision,Sunview Homes,.003 mi east of Ideal St south of W Strothers Ave,Seminole,OK,74868,Seminole,35.231134,-96.687459,OKR1035942,10/10/2024,10/17/2027,1522,Residential Construction,N,,,,,,,,,,,
Brush Creek Section 1 Newcastle,Farzaneh Development LLLP,Part of the NW/4 of Section 25 T9N R4W IM,Newcastle,OK,73065,McClain,35.2313889,-97.5805556,OKR1032554,4/14/2023,10/17/2027,1522,Residential Construction,N,,,,,,,,,,,
The Austin at Seminole,Sunview Construction,.4 miles W of N Harvey Rd .2 miles N of E Strothers Ave,Seminole,OK,74868,Seminole,35.23473,-96.66009,OKR1036357,3/3/2025,10/17/2027,1522,Residential Construction,N,,,,,,,,,,,
Newcastle Farms Phase 1 and 2 - Lennar Homes,Lennar Homes of Oklahoma LLC,.4 miles N of SW 16th St and West of S Main St,Newcastle,OK,73065,McClain,35.238053,-97.604547,OKR1037097,10/27/2025,10/17/2027,1521,Single-Family Housing Construction,N,,,,,,,,,,,
Lowe Residence,Gibbs Construction,1801 72nd Ave NW,Norman,OK,73072,Cleveland,35.23856,-97.546573,OKR1036401,3/13/2025,10/17/2027,1521,Single-Family Housing Construction,N,,,,,,,,,,,
Pulchella Sec 4,Cathey Holding Co LLC,.4 miles N of SW 16th St .5 miles E of Hwy 76,Newcastle,OK,73065,McClain,35.23901,-97.64408,OKR1033353,11/3/2023,10/17/2027,1522,Residential Construction,N,,,,,,,,,,,
Eufaula Nine Boat & RV Storage,AKH Investments,North of St Hwy 9 and 0.1 mi east of Fire Station Ln,Longtown,OK,74432,Pittsburg,35.2396,-95.5151,OKR1034774,9/25/2023,10/17/2027,1542,Nonresidential Construction,N,,,,,,,,,,,
7Brew Coffee Shop,Prestige Construction,1811 24th Ave NW,Oklahoma City,OK,73069,Cleveland,35.2398117,-97.4814956,OKR1038090,8/17/2026,10/17/2027,1542,Nonresidential Construction,N,,,,,,,,,,,
ODOT JP 36724 04,Parathon Construction,12th Ave NE and W Brooks St,Norman,OK,73071,Cleveland,35.2402778,-97.4236111,OKR1037044,10/3/2025,10/17/2027,1542,Nonresidential Construction,N,,,,,,,,,,,
Traditions,Cottonwood Phase II LLC,E of County Street 2910 .4 miles S of County Road 1220,Tuttle,OK,73089,Grady,35.240477,-97.811911,OKR1033897,1/26/2023,10/17/2027,1521,Single-Family Housing Construction,N,,,,,,,,,,,
UTC Area 5 Infrastructure,Silver Star Construction Co Inc,NE Corner of 24th Ave NW and Legacy Dr,Norman,OK,73069,Cleveland,35.2405889,-97.4788889,OKR1033308,7/15/2023,10/17/2027,1542,Nonresidential Construction,N,,,,,,,,,,,
Heritage Hills Estates,C3 Cullins Construction LLC,.4 miles S of CR 1220 .4 miles E of CR 2930/Frisco Rd,Tuttle,OK,73089,Grady,35.2414809,-97.7705295,OKR1035536,6/12/2024,10/17/2027,1522,Residential Construction,N,,,,,,,,,,,
Oklahoma Aviation Academy,Manhattan Construction Company LLC,1500 Lexington Avenue,Norman,OK,73069,Cleveland,35.2417729,-97.4642348,OKR1036331,2/19/2025,10/17/2027,1542,Nonresidential Construction,N,,,,,,,,,,,
Brookhaven Place Addition A Planned Unit Development,"Cies Properties, Inc.",0.16miles South of the Intersection of W Rock Creek Rd,Norman,OK,73072,Cleveland,35.2444444,-97.4977778,OKR1023056,7/25/2023,10/17/2027,1521,Single-Family Housing Construction,N,,,,,,,,,,,
SSC Baseball Fields,Seminole State College,NW QTR SEC 19  T-9-N  R-6-E,Seminole,OK,74868,Seminole,35.2447829,-96.7167741,OKR1032106,9/18/2023,10/17/2027,,,N,,,,,,,,,,,
SSC Baseball Fields,Seminole State College,NW QTR SEC 19  T-9-N  R-6-E,Seminole,OK,74868,Seminole,35.2447829,-96.7167741,OKR1032106,9/18/2023,10/17/2027,1542,Nonresidential Construction,N,,,,,,,,,,,
2281 Hampton Homes,Fred Thomas IV,2281 36th Avenue NW,Norman,OK,73072,Cleveland,35.2458,-97.4928528,OKR1036451,3/28/2025,10/17/2027,1542,Nonresidential Construction,N,,,,,,,,,,,
Hallbrooke Addition,Hallbrooke Development Group LLC,Rock Creek Rd & 24th Ave NE,Norman,OK,73071,Cleveland,35.2466667,-97.4138889,OKR1022650,6/5/2023,10/17/2027,1521,Single-Family Housing Construction,Y,,,,,,,,,,,
Hallbrooke Addition,Hallbrooke Development Group LLC,Rock Creek Rd & 24th Ave NE,Norman,OK,73071,Cleveland,35.2466667,-97.4138889,OKR1022650,6/5/2023,10/17/2027,1521,Single-Family Housing Construction,N,,,,,,,,,,,
Chick-fil-A Norman OK - 6031,Chick-fil-A,2360 24th Ave NW,Norman,OK,73069,Cleveland,35.246739,-97.480083,OKR1037455,2/20/2026,10/17/2027,1542,Nonresidential Construction,N,,,,,,,,,,,
UTC Area 2B Infrastructure,Silver Star Construction Co Inc,S of W Rock Creek Rd .08 miles W of 24th Ave NW,Norman,OK,73069,Cleveland,35.2470694,-97.4804806,OKR1036163,12/30/2024,10/17/2027,1542,Nonresidential Construction,N,,,,,,,,,,,
Shake Shack - Norman OK,Silver Star Constrution Co Inc,W Rock Creek Rd and 24th Ave NW,Norman,OK,73069,Cleveland,35.2471,-97.4782,OKR1036929,8/28/2025,10/17/2027,1542,Nonresidential Construction,N,,,,,,,,,,,
Seminole Town Center,Seminole Ch LLC,35395 OK 9,Seminole,OK,74868,Seminole,35.24716,-96.709169,OKR1033263,7/20/2023,10/17/2027,1521,Single-Family Housing Construction,N,,,,,,,,,,,
Seminole Town Center,Seminole Ch LLC,35395 OK 9,Seminole,OK,74868,Seminole,35.24716,-96.709169,OKR1033263,7/20/2023,10/17/2027,1542,Nonresidential Construction,N,,,,,,,,,,,
ODOT JP 17127 28,Duit Construction Co,On US-59 from .25 mile west of Hudson Corner Rd east,Bokoshe,OK,74930,LeFlore,35.2475898,-94.7477172,OKR1037430,2/10/2026,10/17/2027,1611,Highway And Street Construction,N,,,,,,,,,,,
Newcastle High School Addition,Nabholz Construction,101 N Main St,Newcastle,OK,73065,McClain,35.248157,-97.601826,OKR1035794,8/23/2024,10/17/2027,1542,Nonresidential Construction,N,,,,,,,,,,,
Victory Family Church,Preston Construction and Consulting,112 NE 2nd St.,Newcastle,OK,73065,McClain,35.2483,-97.5992,OKR1038053,8/10/2026,10/17/2027,8661,Religious Organizations,N,,,,,,,,,,,
Trailwoods Addition Section 4,Somers Woods LLC,Rock Creek Road at Stubberman Ave,Norman,OK,73069,Cleveland,35.2483333,-97.4552778,OKR1028557,6/20/2023,10/17/2027,,,N,,,,,,,,,,,
Bancfirst,Bancfirst,W of SH-99 and .1 miles N of W Wrangler Blvd,Seminole,OK,74868,Seminole,35.248896,-96.671495,OKR1036555,5/14/2025,10/17/2027,1542,Nonresidential Construction,N,,,,,,,,,,,
Max Westheimer Airport - Silver Star Const Co,Silver Star Construction Company Inc,1700 Lexington Ave #109,Norman,OK,73069,Cleveland,35.249377,-97.473054,OKR1037566,3/24/2026,10/17/2027,1542,Nonresidential Construction,Y,,,,,,,,,,,
Rock Creek Entertainment District Phase 1,H&H Plumbing & Utilities Inc,Northwest of 24th Ave NW and W Rock Creek Rd,Norman,OK,73069,Cleveland,35.249843,-97.483058,OKR1037738,5/4/2026,10/17/2027,1542,Nonresidential Construction,N,,,,,,,,,,,
Villas at Ashton Grove Section 1,Ashton Grove Development Company LLC,E of 48th Ave NW .2 miles N of W Rock Creek Rd,Norman,OK,73072,Cleveland,35.2502778,-97.5108333,OKR1031753,7/18/2023,10/17/2027,1522,Residential Construction,N,,,,,,,,,,,
Wyndemere Phase 5,Wyndemere Newcastle Development LLC,.2 mi north of SH 130 .1 mi east of N Country Club Rd,Newcastle,OK,73065,McClain,35.2513889,-97.6152778,OKR1034712,9/6/2023,10/17/2027,1521,Single-Family Housing Construction,N,,,,,,,,,,,
12th Ave NW Industrial,Jackson Freedom Farms LLC,.5 mi south of W Tecumseh Rd west of 12th Ave NW,Norman,OK,73069,Cleveland,35.2527778,-97.4611111,OKR1036408,3/17/2025,10/17/2027,1542,Nonresidential Construction,Y,,,,,,,,,,,
Wyndemere Phase VII,Wyndemere Newcastle Development LLC,.5 mi south of NW 16th St east of N Country Club Rd,Newcastle,OK,73065,McClain,35.253329,-97.617267,OKR1034714,9/6/2023,10/17/2027,1521,Single-Family Housing Construction,N,,,,,,,,,,,
Wyndemere,DR Horton - Texas Ltd,Southeast of N Country Club Rd and NW 8th St,New Castle,OK,73065,McClain,35.253334,-97.613747,OKR1034899,11/14/2023,10/17/2027,1521,Single-Family Housing Construction,N,,,,,,,,,,,
FTTH ReConnect 2 Fiber Optic Project,Cross Cable Television LLC,Between N Lookout Dr and E 1265 Rd and between,Stigler,OK,74462,Haskell,35.2533583,-95.1496917,OKR1035560,6/18/2024,10/17/2027,1542,Nonresidential Construction,N,,,,,,,,,,,
36th N. Business Park,"BG Roofing and Construction, LLC",East of 36th Ave NW and 0.6 miles South of Tecumseh Rd.,Norman,OK,73072,Cleveland,35.2536639,-97.4926611,OKR1037821,6/5/2026,10/17/2027,5231,"Paint, Glass, And Wallpaper Stores",N,,,,,,,,,,,
36th N. Business Park,"BG Roofing and Construction, LLC",East of 36th Ave NW and 0.6 miles South of Tecumseh Rd.,Norman,OK,73072,Cleveland,35.2536639,-97.4926611,OKR1037821,6/5/2026,10/17/2027,1522,Residential Construction,N,,,,,,,,,,,
Ashton Grove Addition Section 3,BFW LLC,.4 miles E of 48th Ave NW .4 miles N of Rock Creek Rd,Norman,OK,73072,Cleveland,35.2538889,-97.5036111,OKR1030355,6/2/2023,10/17/2027,6552,Subdividers And Developers,N,,,,,,,,,,,
Trailwoods Addition Section 11,Somers Woods LLC,Rock Creek RD at Stubbeman AVE,Norman,OK,73069,Cleveland,35.255,-97.4516667,OKR1029815,6/20/2023,10/17/2027,,,N,,,,,,,,,,,
Stigler Elementary,Stout Construction Inc,302 NE 5th St,Stigler,OK,74462,Haskell,35.2552944,-95.1192278,OKR1034989,12/20/2023,10/17/2027,1542,Nonresidential Construction,N,,,,,,,,,,,
Las Colinas Addition - Sections 1&2,"Sunset Hills, LLC",0.45mi South of 48th Ave NW & E of Tecumseh Rd,Norman,OK,73072,Cleveland,35.2558333,-97.5088889,OKR1021021,9/5/2023,10/17/2027,1521,Single-Family Housing Construction,N,,,,,,,,,,,
Stigler Subdivision,Sunview Development,"Northwest of E Main St, south of W City St's E/W portion,",Stigler,OK,74462,Haskell,35.2561056,-95.1091222,OKR1034162,3/24/2023,10/17/2027,1521,Single-Family Housing Construction,N,,,,,,,,,,,
Stigler Group 3 IE Housing,Major League Tribes LLC,N of NE D St .3 miles W of E Main St,Stigler,OK,74462,Haskell,35.2571689,-95.1116166,OKR1036219,1/10/2025,10/17/2027,1522,Residential Construction,N,,,,,,,,,,,
The Curve at University North Park - Lot 5,James and Linda Fields Trustees,Lot 5 Block 1 Curve at University North Prk 24th Ave NW,Norman,OK,73069,Cleveland,35.2572222,-97.4761111,OKR1037653,6/5/2026,10/17/2027,1542,Nonresidential Construction,N,,,,,,,,,,,
Norman Medical Office & Pharmacy,CADE Construction,3217 24th Ave NW,Norman,OK,73069,Cleveland,35.257528,-97.476528,OKR1037193,11/20/2025,10/17/2027,1542,Nonresidential Construction,Y,,,,,,,,,,,
Wyndemere Phase 6,Lohman Investments LLC,.3 miles S of NW 16th St .3 miles E of N Country Club Rd,Newcastle,OK,73065,McClain,35.2577778,-97.6130556,OKR1032322,6/2/2023,10/17/2027,1521,Single-Family Housing Construction,N,,,,,,,,,,,
The Ranch at Lost Creek,The Ranch Development LLC,3200 72nd Ave NW,Norman,OK,73072,Cleveland,35.258009,-97.550822,OKR1032060,6/23/2023,10/17/2027,1521,Single-Family Housing Construction,Y,,,,,,,,,,,
Stigler Independent Elder Housing Addition � Infrastructure Extension,TTA Construction LLC ,500 Hina Issi St,Stigler,OK,74462,Haskell,35.2585997,-95.1110947,OKR1037764,5/14/2026,10/17/2027,1521,Single-Family Housing Construction,N,,,,,,,,,,,
Wyndemere Srorage Phase 2,Meek Development LLC,.2 miles S of NW 16th St .1 miles E of N Country Club Rd,Newcastle,OK,73065,McClain,35.2593,-97.6152,OKR1032873,4/21/2023,10/17/2027,1542,Nonresidential Construction,N,,,,,,,,,,,
Keota AD1,Keota AD1 LLC,21405 OK-9,Keota,OK,74941,Haskell,35.260163,-94.867357,OKR1035897,10/2/2024,10/17/2027,1542,Nonresidential Construction,N,,,,,,,,,,,
Wyndemere Duplexes,Newcastle Duplexes LLC,.1 miles S of NW 16th St E side of Country Club Rd,Newcastle,OK,73065,McClain,35.2602,-97.617,OKR1029387,8/1/2023,10/17/2027,1522,Residential Construction,N,,,,,,,,,,,
The Grove Newcastle,Meek Development LLC,1210 NW 16th St,Newcastle,OK,73065,McClain,35.2602778,-97.6130556,OKR1036958,9/18/2025,10/17/2027,1521,Single-Family Housing Construction,N,,,,,,,,,,,
Monte Vista Estates Section 1,Landmark Fine Homes,.5 mi east of 12th Ave NE south of E Tecumseh Rd,Norman,OK,73071,Cleveland,35.2605556,-97.4136111,OKR1035718,8/9/2024,10/17/2027,1522,Residential Construction,Y,,,,,,,,,,,
ONEOK Highway 9 Replacement,ONEOK NGL Pipeline LLC,Begin .03 miles N of Hwy 9 and .2 miles W of  Red Bud Ln ext,Tecumseh,OK,74873,Pottawatomie,35.260813,-96.99046,OKR1036063,11/15/2024,10/17/2027,1542,Nonresidential Construction,N,,,,,,,,,,,
Norman Urology Associates,Miller-Tippens Construction Company,3980 W Tecumseh Rd,Norman,OK,73072,Cleveland,35.261111,-97.5,OKR1036676,6/20/2025,10/17/2027,1542,Nonresidential Construction,Y,,,,,,,,,,,
Wyndemere Phase VIII,The Builders Collective LLC,Southeast of NW 16th St and N Country Club Rd,Newcastle,OK,73065,McClain,35.2613583,-97.616175,OKR1036635,6/4/2025,10/17/2027,1521,Single-Family Housing Construction,N,,,,,,,,,,,
Napa Valley Section 1,Farzaneh Development LLLP,NW Corner of Tecumseh and County Line Road,Blanchard,OK,73010,Grady,35.262533,-97.671496,OKR1036284,2/6/2025,10/17/2027,1521,Single-Family Housing Construction,N,,,,,,,,,,,
Red Canyon Ranch East,Landmark Fine Homes,NE corner of Tecumseh Road & 12th Ave NE,Norman,OK,73071,Cleveland,35.2630556,-97.4252778,OKR1035571,6/20/2024,10/17/2027,1521,Single-Family Housing Construction,N,,,,,,,,,,,
Springs at Flint Hills Section 1,Landmark Land  LLC,Tecumseh Rd & 12th Ave NW,Norman,OK,73069,Cleveland,35.2638889,-97.46,OKR1032087,7/16/2023,10/17/2027,1521,Single-Family Housing Construction,N,,,,,,,,,,,
Springs at Flint Hills Section 1,Landmark Land  LLC,Tecumseh Rd & 12th Ave NW,Norman,OK,73069,Cleveland,35.2638889,-97.46,OKR1032087,7/16/2023,10/17/2027,1522,Residential Construction,N,,,,,,,,,,,
Vintage Creek Addition,"Aria Development, LLC",12th Ave NW and Tecumseh Rd,Norman,OK,73072,Cleveland,35.2638889,-97.4505556,OKR1026344,6/8/2023,10/17/2027,1522,Residential Construction,N,,,,,,,,,,,
Vintage Creek Addition Section 1,Denali Homes,"504 Maybury, 708 Fox Hollow, 704 Maple Hill, 808 Legacy,",Norman,OK,73069,Cleveland,35.264674,-97.454373,OKR1031537,7/18/2023,10/17/2027,6552,Subdividers And Developers,N,,,,,,,,,,,
Flint Hills Addition Section,IH Development,Tecumseh Rd & 12th Ave NW,Norman,OK,73069,Cleveland,35.2647222,-97.4652778,OKR1032618,6/15/2023,10/17/2027,1521,Single-Family Housing Construction,N,,,,,,,,,,,
Dollar General 31876,Rupe Building Companies,Highway 62 and NE 16th Street,Newcastle,OK,73065,McClain,35.264744,-97.599547,OKR1037894,6/22/2026,10/17/2027,1542,Nonresidential Construction,N,,,,,,,,,,,
Carroll Farm Addition Section 5,Silver Star Construction Co Inc,West of Journey Pkwy .2 mi north of W Tecumseh Rd,Norman,OK,73072,Cleveland,35.264916,-97.493743,OKR1036540,4/30/2025,10/17/2027,1521,Single-Family Housing Construction,Y,,,,,,,,,,,
Springs at Flint Hills Section 2,Landmark Land LLC,.2 miles N of W Tecumseh Road & .2 miles W of 12th Avenue NW,Norman,OK,73069,Cleveland,35.265,-97.4627778,OKR1035635,7/10/2024,10/17/2027,1521,Single-Family Housing Construction,N,,,,,,,,,,,
Pocola Subdivision-Chukka Village,Sunview Construction LLC,.3 mi north of E Pryor Ave east of N Pocola Blvd,Pocola,OK,74902,LeFlore,35.26503,-94.47548,OKR1037770,5/20/2026,10/17/2027,1521,Single-Family Housing Construction,N,,,,,,,,,,,
Pine Creek Section 1,IH Development,1320 N Porter/ Porter Avenue and Tecumseh Road,Norman,OK,73071,Cleveland,35.2655556,-97.4252778,OKR1032916,6/27/2023,10/17/2027,1521,Single-Family Housing Construction,N,,,,,,,,,,,
Pine Creek Section 1,IH Development,1320 N Porter/ Porter Avenue and Tecumseh Road,Norman,OK,73071,Cleveland,35.2655556,-97.4252778,OKR1032916,6/27/2023,10/17/2027,1522,Residential Construction,N,,,,,,,,,,,
SDA Veterans Affairs Out Patient Clinic,JC Roberts Construction Company Inc,3860 Journey Pkwy,Norman,OK,73072,Cleveland,35.2656861,-97.4901639,OKR1036869,8/27/2025,10/17/2027,1542,Nonresidential Construction,N,,,,,,,,,,,
Seminole Batch Plant,Van Eaton Ready Mix Inc,12073 N Hwy 99,Seminole,OK,74868,Seminole,35.265816,-96.67347,OKR1037227,12/8/2025,10/17/2027,1541,Industrial Buildings And Warehouses,N,,,,,,,,,,,
Jones Addition,Jones Home Builders LLC,E of Hwy 112  .3 miles S of E Walls Rd,Pocola,OK,74902,LeFlore,35.266099,-94.477906,OKR1035979,10/22/2024,10/17/2027,1521,Single-Family Housing Construction,N,,,,,,,,,,,
Primrose Funeral Service,SCI,3901 N Flood Avenue,Norman,OK,73069,Cleveland,35.2663889,-97.4772222,OKR1035776,9/16/2024,10/17/2027,1542,Nonresidential Construction,Y,,,,,,,,,,,
Red Canyon Ranch Section 8,"Sweetgrass Communities, LLC",12th Ave NE and Tecumseh Road,Norman,OK,73071,Cleveland,35.2663889,-97.425,OKR1032902,8/10/2023,10/17/2027,1521,Single-Family Housing Construction,N,,,,,,,,,,,
Hughes Residence,Lakeview Consulting LLC,4003 93rd Ave NE,Norman,OK,73026,Cleveland,35.267114,-97.302367,OKR1033926,1/26/2023,10/17/2027,1521,Single-Family Housing Construction,N,,,,,,,,,,,
Flint Hills Addition Section 3,IH Development,.4 mi north of W Tecumseh Rd and .4 mi west of 12th Ave NW,Norman,OK,73069,Cleveland,35.2677,-97.4669444,OKR1034300,5/11/2023,10/17/2027,1521,Single-Family Housing Construction,N,,,,,,,,,,,
ODOT JP 29671 04  STP-244C 079 PM,Haskell Lemon Group LLC,SH-76 from Junction SH-130 N 3.0 miles to Junction SH-37,Newcastle,OK,73065,McClain,35.2683,-97.6533,OKR1036319,2/12/2025,10/17/2027,1611,Highway And Street Construction,N,,,,,,,,,,,
Flint Hills Addition Section 2,IH Development,West of 12th Avenue NW and 0.4 mi north of W Tecumseh Rd,Norman,OK,73069,Cleveland,35.2683333,-97.4619444,OKR1034260,4/28/2023,10/17/2027,1521,Single-Family Housing Construction,N,,,,,,,,,,,
O'Reilly Auto Parts  - Tecumseh OK TEM,O'Reilly Automotive Stores Inc,1015 N Broadway St,Tecumseh,OK,74873,Pottawatomie,35.268772,-96.932326,OKR1035359,4/10/2024,10/17/2027,1542,Nonresidential Construction,N,,,,,,,,,,,
Victory Family Church 2024 Parking,Victory Family Church Inc,4343 N Flood Ave,Norman,OK,73069,Cleveland,35.2696333,-97.4770833,OKR1036485,4/14/2025,10/17/2027,1542,Nonresidential Construction,N,,,,,,,,,,,
Caseys General Store - Newcastle OK,Caseys Marketing Company,East of Hwy 62  .4 mi south of NE 24th St,Newcastle,OK,73065,McClain,35.2702098,-97.5993156,OKR1037432,2/11/2026,10/17/2027,1542,Nonresidential Construction,N,,,,,,,,,,,
Castle Court Development,RNY LLC,East of N Main St .4 mi south of NE 24th St,Newcastle,OK,73065,McClain,35.2702201,-97.5995115,OKR1037513,3/18/2026,10/17/2027,1542,Nonresidential Construction,N,,,,,,,,,,,
Stone Ridge Estates - Overlook Development LLC,Overlook Development LLC,120298 S 4200 Rd,Eufaula,OK,74432,McIntosh,35.2716667,-95.5397222,OKR1026342,8/25/2023,10/17/2027,,,N,,,,,,,,,,,
Seminole Regional Airport,Tri City Seal Co Inc,12021 OK-99,Seminole,OK,74868,Seminole,35.272287,-96.673091,OKR1035462,5/17/2024,10/17/2027,1542,Nonresidential Construction,N,,,,,,,,,,,
Snow Enterprises LLC,Snow Enterprise,East of 2166 N Main St,Newcastle,OK,73065,McClain,35.272492,-97.598888,OKR1035968,10/21/2024,10/17/2027,1542,Nonresidential Construction,N,,,,,,,,,,,
San Marcos Mexican Restaurant,Roberto Deloera,.3 mi south of NW 24th St west of Hwy 62,Newcastle,OK,73065,McClain,35.2725506,-97.6006525,OKR1032630,10/13/2023,10/17/2027,1542,Nonresidential Construction,N,,,,,,,,,,,
Carrington Place Addition Section 13,"Carrington Place, LLC",36th Ave NW and Franklin Rd,Norman,OK,73072,Cleveland,35.2727778,-97.5033333,OKR1028459,6/12/2023,10/17/2027,,,N,,,,,,,,,,,
Franklin Business Park Section 3,Franklin Business Park LLC,"South of Franklin Rd, east of I-35, and west of N Flood Ave.",Norman,OK,73069,Cleveland,35.2730556,-97.4827778,OKR1028040,5/23/2023,10/17/2027,,,N,,,,,,,,,,,
Hills Whispering Trails Phase 3,Hills Land & Construction Company,S of E Rock Creek Rd .6 miles E of S Sara Rd,Tuttle,OK,73089,Grady,35.2732083,-97.6956528,OKR1032941,9/5/2023,10/17/2027,1521,Single-Family Housing Construction,N,,,,,,,,,,,
Carrington Place Addition Section 14,"Carrington Place, LLC",48th Ave NW and Franklin Road,Norman,OK,73072,Cleveland,35.2733333,-97.5075,OKR1030147,6/12/2023,10/17/2027,,,N,,,,,,,,,,,
Carrington Place Addition Section 14,"Carrington Place, LLC",,,,,Cleveland,35.2733333,-97.5075,OKR1030147,6/12/2023,10/17/2027,,,N,,,,,,,,,,,
Moore Norman Technology Center - Construction Trades,Manhattan Construction Company,4701 12th Avenue Northwest,Norman,OK,73069,Cleveland,35.2736111,-97.4566667,OKR1037877,7/1/2026,10/17/2027,1542,Nonresidential Construction,N,,,,,,,,,,,
Lincoln Ridge Section 2,Landmark Land Company LLC,.1 mile S of Rock Creek Rd. .2 miles E of Cemetery Rd.,Tuttle,OK,73089,Grady,35.2747222,-97.7552778,OKR1032773,2/1/2024,10/17/2027,1522,Residential Construction,N,,,,,,,,,,,
Armstrong Bank - Newcastle,Oklahoma Construction Managers,south of NE 24th St and east of N Main St,Newcastle,OK,73065,McClain,35.2754333,-97.5983083,OKR1037357,1/30/2026,10/17/2027,1542,Nonresidential Construction,N,,,,,,,,,,,
Lincoln Ridge Section 1,Landmark Land Company LLC,SE corner of E Rock Creek Road and County Street 2940,Tuttle,OK,73089,Grady,35.2755556,-97.7580556,OKR1033369,7/1/2023,10/17/2027,1521,Single-Family Housing Construction,N,,,,,,,,,,,
Franklin Business Park Section 4,Franklin Business Park LLC,"East of I-35, south of W Franklin Rd and west of N Flood Ave",Norman,OK,73069,Cleveland,35.2758333,-97.4838889,OKR1033105,5/24/2023,10/17/2027,1542,Nonresidential Construction,N,,,,,,,,,,,
Newcastle Borrow Pit OTA Karl Nail,F5 Welding & Dozer,NE of intersection NE 24th Street & North Portland Ave,Newcastle,OK,73065,McClain,35.27844,-97.5780755,OKR1038140,9/1/2026,10/17/2027,1611,Highway And Street Construction,Y,,,,,,,,,,,
Eufaula High School Event Center Addition,Beshears Construction,1 Anderson Bell Dr,Eufaula,OK,74432,McIntosh,35.280684,-95.585534,OKR1037327,12/31/2025,10/17/2027,1542,Nonresidential Construction,N,,,,,,,,,,,
ODOT JP 29974 04,K&R Builders Inc,On Rhino Rd from .4 mi south of County Road E1190,Cowlington,OK,74941,LeFlore,35.2827778,-94.7336111,OKR1036683,7/2/2025,10/17/2027,1611,Highway And Street Construction,N,,,,,,,,,,,
OTA JP 37100 09,"Allen Contracting, INC.",EWC TPKE from 3700' S of NE 24th St to 7500' E and 2800' N,Newcastle,OK,73065,McClain,35.283941,-97.600103,OKR1037985,7/20/2026,10/17/2027,1611,Highway And Street Construction,N,,,,,,,,,,,
Huettner Industrial Park,High Flyer Holdings Inc,east side of Huettner Dr - approx 0.10 mi east of York Dr,Norman,OK,73069,Cleveland,35.2845,-97.4828,OKR1037717,4/27/2026,10/17/2027,1542,Nonresidential Construction,N,,,,,,,,,,,
Raven Investments Pond Grading,Sherwood Construction Company Inc,40050 48th Ave NW,Norman,OK,73170,Cleveland,35.2847222,-97.5183333,OKR1037325,12/31/2025,10/17/2027,1611,Highway And Street Construction,N,,,,,,,,,,,
Glenridge,D.R. Horton - Texas Ltd,.3 mi east of 48th Ave NW .4 mi south of W Indian Hills Rd;,Norman,OK,73072,Cleveland,35.285318,-97.506418,OKR1035978,10/18/2024,10/17/2027,1521,Single-Family Housing Construction,Y,,,,,,,,,,,
Indian Hills Norman Borrow Pit,F5 Welding & Dozer,.3 miles S of W Indian Hills Rd .5 miles W of 60th Ave NW,Norman,OK,73072,Cleveland,35.2859931,-97.5372478,OKR1037571,3/19/2026,10/17/2027,1611,Highway And Street Construction,N,,,,,,,,,,,
Absentee Shawnee AST Replacement Clinic,Absentee Shawnee Tribe,39665 Benson Park Road,Shawnee,OK,74801,Pottawatomie,35.288179,-96.955669,OKR1036352,3/10/2025,10/17/2027,1542,Nonresidential Construction,N,,,,,,,,,,,
Don Ward Borrow Pit,F5 Welding & Dozer,South of W Indian Hills .3 mi west of N Pennsylvania Ave,Norman,OK,73072,Cleveland,35.2901351,-97.5532041,OKR1037682,4/17/2026,10/17/2027,1611,Highway And Street Construction,Y,,,,,,,,,,,
Willow Bend Commercial Center,Snow Enterprise- Alivia Snow,"South of NW 32nd St, west of N Willow Dr. & 0.25 mi east of",Newcastle,OK,73065,McClain,35.290786,-97.646466,OKR1034218,5/3/2023,10/17/2027,1542,Nonresidential Construction,N,,,,,,,,,,,
OTA JP 37100 14 EWC-28803A,L & N Bridge LLC,Indian Hills Road .15 miles east of Penn Ave,Oklahoma City,OK,73170,Cleveland,35.2911659,-97.5395074,OKR1037388,1/27/2026,10/17/2027,1611,Highway And Street Construction,Y,,,,,,,,,,,
Caseys General Store - 1812 East Main Street,Caseys Marketing Company,1812 East Main Street,Tuttle,OK,73089,Grady,35.291229,-97.778905,OKR1035217,2/29/2024,10/17/2027,1542,Nonresidential Construction,N,,,,,,,,,,,
OTA JP 37100 12 and 13,Crossland Construction Co Inc,1.05 miles east of I-44 SH-37 Int extend east 1.810 miles,Oklahoma City,OK,73170,Cleveland,35.291267,-97.57666,OKR1037316,12/30/2025,10/17/2027,1622,"Bridge, Tunnel, & Elevated Highway",Y,,,,,,,,,,,
ODOT JP 27914 07,Caswell Contracting Inc,SH-152 From 0.15 miles E of SH-44 and Extend E 5.05 miles,Dill City,OK,73641,Washita,35.2913194,-99.1224306,OKR1036533,4/23/2025,10/17/2027,1622,"Bridge, Tunnel, & Elevated Highway",N,,,,,,,,,,,
ODOT JP 34239 04,"Caswell Contracting, INC.",Widen Resurface and Bridge along SH 152 between Hwy 34,Carter,OK,73627,Beckham,35.2913444,-99.452725,OKR1037959,7/14/2026,10/17/2027,1542,Nonresidential Construction,N,,,,,,,,,,,
Snow Commercial - 3473 NW 32nd St,Snow Enterprise,3473 NW 32nd,Newcastle,OK,73065,McClain,35.29135,-97.659691,OKR1036771,7/18/2025,10/17/2027,1542,Nonresidential Construction,N,,,,,,,,,,,
Hollow Brook Square Retail,Scissortail Development Group,N of E Hwy 37 .6 miles E of N Mustang Rd,Tuttle,OK,73089,Grady,35.2913556,-97.7132417,OKR1037386,2/6/2026,10/17/2027,1542,Nonresidential Construction,N,,,,,,,,,,,
Snow Commercial - 3521 NW 32nd St,Snow Enterprise,3521 NW 32nd St,Newcastle,OK,73065,McClain,35.291497,-97.66081,OKR1036653,7/14/2025,10/17/2027,1542,Nonresidential Construction,N,,,,,,,,,,,
ASAP General Stores Cordell,ASAP Energy Inc.,321 E. Main St.,New Cordell,OK,73632,Washita,35.291839,-98.986965,OKR1038011,7/24/2026,10/17/2027,1542,Nonresidential Construction,N,,,,,,,,,,,
Hollow Brook Phase 8,Hollow Brook Holdings LLC,.6 miles east of N Mustang Rd and north of SH 37,Tuttle,OK,73089,Grady,35.291993,-97.713135,OKR1037255,12/11/2025,10/17/2027,1542,Nonresidential Construction,N,,,,,,,,,,,
EWC-28103B Pond Project,Sherwood Construction Co Inc,5301 W Indian Hills Rd,Norman,OK,73072,Cleveland,35.2920383,-97.5193262,OKR1037245,12/9/2025,10/17/2027,1611,Highway And Street Construction,N,,,,,,,,,,,
Villas at Hollow Brook Square,Hollow Brook MR LLC,.4 mi east of SH-4 .08 mi north of East Hwy 37,Tuttle,OK,73089,Grady,35.2922472,-97.7174889,OKR1037118,11/13/2025,10/17/2027,1542,Nonresidential Construction,N,,,,,,,,,,,
WWTP Effluent Forcemain Relocation 48th Ave NW to Tributary of Little River,Sherwood Construction Co Inc,North of Indian Hills Rd from S Santa Fe Ave ext 1.4 mi east,Moore,OK,73160,Cleveland,35.2923038,-97.4972168,OKR1037574,3/26/2026,10/17/2027,1623,"Water, Sewer, And Utility Lines",Y,,,,,,,,,,,
EWC-28103A WWTP Effluent Forcemain Relocation West of Lost Creek to 48th Ave NW,Sherwood Construction Co Inc,N Indian Hills Rd from 1500 ft W of Penn Ave to 48th Ave NW,Oklahoma City,OK,73114,Cleveland,35.2925,-97.5404,OKR1037573,3/18/2026,10/17/2027,1623,"Water, Sewer, And Utility Lines",N,,,,,,,,,,,
Haston Recycling,SAB Inc,102 Osage Rd,Pocola,OK,74902,LeFlore,35.29253,-94.44494,OKR1037141,2/18/2026,10/17/2027,1542,Nonresidential Construction,N,,,,,,,,,,,
Road Ranger 288,Road Ranger LLC,1301 E Main St,Sayre,OK,73662,Beckham,35.2933333,-99.6175,OKR1033278,4/25/2023,10/17/2027,1542,Nonresidential Construction,N,,,,,,,,,,,
Hollow Brook Square - Residential,Sayo LLC,.6 miles E of S Mustang Rd/SH-4 and N of East Hwy-37,Tuttle,OK,73089,Grady,35.2933333,-97.7130556,OKR1037119,11/18/2025,10/17/2027,1542,Nonresidential Construction,N,,,,,,,,,,,
Storage and Booster Sta,Grady McClain County Utility Trust,.25 mile north of SH 37 on County Line Rd.,Tuttle,OK,73089,Grady,35.2936816,-97.6722095,OKR1038106,8/31/2026,10/17/2027,1623,"Water, Sewer, And Utility Lines",N,,,,,,,,,,,
Riverview Estates Mixed Use Phase 1,R&R Homes LLC,.1 mi north of NW 32nd St west of Riverfront Dr,Newcastle,OK,73065,McClain,35.2940222,-97.6328417,OKR1033798,12/9/2022,10/17/2027,1521,Single-Family Housing Construction,N,,,,,,,,,,,
Hollow Brook Phase 6,Hollow Brook Development,.5 miles East of N Mustang Road and .3 miles North of SH-37,Tuttle,OK,73089,Grady,35.295,-97.7144444,OKR1036489,4/21/2025,10/17/2027,1521,Single-Family Housing Construction,N,,,,,,,,,,,
Warm Springs,Willard Barnett,4000 Block of E Hwy 37,Tuttle,OK,73089,Grady,35.2958,-97.7339,OKR1032808,7/18/2023,10/17/2027,1521,Single-Family Housing Construction,Y,,,,,,,,,,,
Estates of Belmar Section III,Belmar Golf LLC,Indian Hills RD and Sooner RD,Moore,OK,73170,Cleveland,35.2963889,-97.4266667,OKR1029502,1/9/2024,10/17/2027,,,N,,,,,,,,,,,
ODOT JP 32545 04,WL McNatt & Co,118102 Highway 27,Wetumka,OK,74883,Okfuskee,35.296584,-96.281915,OKR1036726,7/9/2025,10/17/2027,1611,Highway And Street Construction,N,,,,,,,,,,,
WWTP Effluent Forcemain Relocation,Sherwood Construction Co Inc,East side of I-35 at the Tributary of Little River,Moore,OK,73072,Cleveland,35.2967451,-97.4876586,OKR1037643,4/6/2026,10/17/2027,1623,"Water, Sewer, And Utility Lines",N,,,,,,,,,,,
Hollow Brook Phase 4,Hollowbrook Development LLC,.3 mi north of E Hwy 37  .3 mi east of N Mustang Rd,Tuttle,OK,73089,Grady,35.297255,-97.718566,OKR1036867,8/18/2025,10/17/2027,1521,Single-Family Housing Construction,N,,,,,,,,,,,
Hollow Brook Phase 4,Hollowbrook Development LLC,.3 mi north of E Hwy 37  .3 mi east of N Mustang Rd,Tuttle,OK,73089,Grady,35.297255,-97.718566,OKR1036867,8/18/2025,10/17/2027,1522,Residential Construction,N,,,,,,,,,,,
Hollow Brook Phase 4 - Lennar Homes,Lennar Homes of Oklahoma LLC,.4 mi north of E Hwy 37  .3 mi east of N Mustang Rd,Tuttle,OK,73089,Grady,35.297255,-97.718566,OKR1037100,10/21/2025,10/17/2027,1521,Single-Family Housing Construction,N,,,,,,,,,,,
Riverview Estates,"R & R Land Development, LLC",1.6 miles W of I44 and Highway 37 on NSOR,Newcastle,OK,73065,McClain,35.297314,-97.629949,OKR1025423,11/15/2023,10/17/2027,,,Y,,,,,,,,,,,
Riverview Estates Section 2,R & R Land Development LLC,1.50miles West of I44 on NW 32nd St SH 37,Newcastle,OK,73065,McClain,35.2975,-97.6325,OKR1026517,10/23/2023,10/17/2027,,,Y,,,,,,,,,,,
Hollow Brook Phase 5,Ideal Homes Development Co Inc,West of N Sara Rd and 0.5 mi north of Hwy 37,Tuttle,OK,73089,Grady,35.297667,-97.707984,OKR1034478,6/21/2023,10/17/2027,1522,Residential Construction,N,,,,,,,,,,,
Minick Materials,Van Hoose Construction,6665 Interstate Dr,Norman,OK,73069,Cleveland,35.2981,-97.4892,OKR1037567,6/15/2026,10/17/2027,1542,Nonresidential Construction,N,,,,,,,,,,,
Mahogany Hills Estates Section 2,Gray Sea LLC,West of S Broadway Ave .6 mi south of SE 34th St,Moore,OK,73069,Cleveland,35.2981861,-97.4628972,OKR1037466,3/2/2026,10/17/2027,1521,Single-Family Housing Construction,Y,,,,,,,,,,,
25102 Plant Site,Duit Construction Co,.3 mi south of Beaty Ave .4 mi west of Hwy 112,Pocola,OK,74902,LeFlore,35.2984237,-94.4498202,OKR1036894,9/4/2025,10/17/2027,1611,Highway And Street Construction,N,,,,,,,,,,,
Sendera Lakes Section IV,Odom Northwest LLC,.3 miles E of S Santa Fe Ave .4 miles S of SW 34th St,Moore,OK,73160,Cleveland,35.2991,-97.5071,OKR1034503,7/3/2023,10/17/2027,1522,Residential Construction,N,,,,,,,,,,,
Sienna Ridge,Epona LLC,.5 mi north of NW 32nd St east of N Council Rd,Newcastle,OK,73065,McClain,35.2992611,-97.6526222,OKR1023265,12/12/2023,10/17/2027,1542,Nonresidential Construction,N,,,,,,,,,,,
ODOT JP 38346 04,Lopp Construction,SH-71 over Belle Star Creek,Porum,OK,74455,Muskogee,35.2996,-95.3331,OKR1037091,10/29/2025,10/17/2027,1622,"Bridge, Tunnel, & Elevated Highway",N,,,,,,,,,,,
Oklahoma City Borrow Pit Cleveland 030 Project,F5 Welding & Dozer,East of S May Ave 1.25 mi south of SW 149th St,Oklahoma City,OK,73170,Cleveland,35.3001466,-97.5624328,OKR1037444,2/12/2026,10/17/2027,1542,Nonresidential Construction,Y,,,,,,,,,,,
Rumble Transmission Line Project,Ferreira Power South LLC,From CR 2790 .3 miles south of E 1180 Rd ext north and,Minco,OK,73059,Grady,35.300716,-98.026935,OKR1037517,3/16/2026,10/17/2027,1542,Nonresidential Construction,N,,,,,,,,,,,
Minco to Pleasant Valley to Draper 345 kV Transmission Line Project,NextEra Energy Transmission Southwest LLC,.3 mi south of County Road 1180 west of County Street 2790,Minco,OK,73059,Grady,35.301,-98.027,OKR1034186,4/7/2023,10/17/2027,1542,Nonresidential Construction,N,,,,,,,,,,,
Sanabria - 16101 Catalonia Place,Brookfield Custom Homes LLC,16020 Zamora Lane,Oklahoma City,OK,73170,Cleveland,35.301272,-97.51056,OKR1036655,1/13/2026,10/17/2027,1521,Single-Family Housing Construction,N,,,,,,,,,,,
Tuttle Duplexes,Silva Development LLC,5112 Brooke Rd,Tuttle,OK,73089,Grady,35.3012978,-97.7214046,OKR1036941,10/31/2025,10/17/2027,,,N,,,,,,,,,,,
Hollow Brook Phase 3,Shadow Valley Development LLC,Part of the NW4 Section 34 - T10N - R5W - IM,Tuttle,OK,73089,Grady,35.3014,-97.7172,OKR1032433,10/7/2024,10/17/2027,1521,Single-Family Housing Construction,N,,,,,,,,,,,
Sendera Lakes - Phase III,"Odom Northwest, LLC",SW 34th and S Santa Fe Ave,Moore,OK,73170,Cleveland,35.301793,-97.508332,OKR1029783,9/12/2023,10/17/2027,1521,Single-Family Housing Construction,N,,,,,,,,,,,
Peebly320,Outback Investments LLC,.9 mi north of E Indian Hills Rd west of Valley View Rd,Newalla,OK,74857,Cleveland,35.302824,-97.186558,OKR1035166,2/12/2024,10/17/2027,1522,Residential Construction,N,,,,,,,,,,,
Riverview Estates Section 3,The Builders Collective LLC,.8 miles North of Hwy 37 and  .7  miles W of N Country Club,Newcastle,OK,73065,McClain,35.3033333,-97.63,OKR1036955,10/6/2025,10/17/2027,1542,Nonresidential Construction,N,,,,,,,,,,,
WC-0879 Atoka Pipeline Raw Water Transmission Line - Phase 1,McKee Utility Contractors LLC,Macomb Pump Station to Stanley Draper Reservoir begin .5 mil,Oklahoma City,OK,73165,Cleveland,35.303389,-97.247508,OKR1037525,3/19/2026,10/17/2027,1542,Nonresidential Construction,Y,,,,,,,,,,,
Minco II BESS,Michels Power Inc,30242 S County Rd. 208,Grand County,OK,73059,Grady,35.3033993,-98.0324784,OKR1035728,8/12/2024,10/17/2027,1623,"Water, Sewer, And Utility Lines",N,,,,,,,,,,,
The Hills at Timber Creek Phase 1,"Mongold Properties, LLC",a part of the NW4 Section 33 T10N R2W IM,Moore,OK,73165,Cleveland,35.3038889,-97.4213889,OKR1032977,6/23/2023,10/17/2027,1521,Single-Family Housing Construction,N,,,,,,,,,,,
JOSHUA'S LANDING,R&R Land Development LLC,APPR 750' E OF SUNNYLANE RD ON SW 34TH ST,Moore,OK,73160,Cleveland,35.303889,-97.437499,OKR108014,6/16/2023,10/17/2027,1521,Single-Family Housing Construction,N,,,,,,,,,,,
Wildwood Phase 3,Hutton Inc,Southwest of E Grand Ave and N Electra St,Sayre,OK,73662,Beckham,35.304129,-99.629225,OKR1036864,8/18/2025,10/17/2027,1522,Residential Construction,N,,,,,,,,,,,
Sanabria,PB Odom III Land Development Company,SW 164th St & S Pennsylvania Ave,Oklahoma City,OK,73170,Cleveland,35.3055,-97.5523,OKR1032816,4/28/2023,10/17/2027,1521,Single-Family Housing Construction,Y,,,,,,,,,,,
Bosch Auto - Moore,Tatco Construction,Northeast of SW 34th St and S Santa Fe Ave,Moore,OK,73160,Cleveland,35.3058056,-97.5101806,OKR1037010,9/25/2025,10/17/2027,1542,Nonresidential Construction,Y,,,,,,,,,,,
The Well Church,The Well Church OK Inc,3400 S Eastern Ave,Moore,OK,73160,Cleveland,35.3063539,-97.476394,OKR1036605,5/23/2025,10/17/2027,1542,Nonresidential Construction,Y,,,,,,,,,,,
Broadmoore Heights Section 3,Premium Land LLC,.1 mi north of SE 34th St .3 mi west of S Bryant Ave,Moore,OK,73160,Cleveland,35.306649,-97.464174,OKR1036084,2/5/2025,10/17/2027,1521,Single-Family Housing Construction,Y,,,,,,,,,,,
Deer Ridge Run Phase III,Scott Brothers Development LLC,4100 E Tyler Dr,Tuttle,OK,73089,Grady,35.3072222,-97.7397222,OKR1030477,6/12/2023,10/17/2027,6552,Subdividers And Developers,Y,,,,,,,,,,,
Springs at Native Plains Section 4,Landmark Land Company LLC,SW 164th and Pennsylvania Ave,Oklahoma City,OK,73170,Cleveland,35.3072222,-97.5411111,OKR1036980,9/16/2025,10/17/2027,1521,Single-Family Housing Construction,N,,,,,,,,,,,
Case Moore,"Case South OKC Holding, LLC",NE Corner of South Western and SW 164th,Oklahoma City,OK,73170,Cleveland,35.3080028,-97.527075,OKR1037859,6/8/2026,10/17/2027,1522,Residential Construction,N,,,,,,,,,,,
Sanabria - 2216 SW 160th St,Harbor Homes Inc,Lots west of S Pennsylvania Ave .7 mi south of SW 149th St,Oklahoma City,OK,73170,Cleveland,35.308565,-97.54892,OKR1036715,7/15/2025,10/17/2027,1521,Single-Family Housing Construction,N,,,,,,,,,,,
Native Plains Addition Section 5,Terra Verde Development LLC,.2 miles N of SW 164th and .3 miles E of Pennsylvania Ave,Oklahoma City,OK,73170,Cleveland,35.3086111,-97.5405556,OKR1033755,11/30/2022,10/17/2027,1521,Single-Family Housing Construction,N,,,,,,,,,,,
Sanabria Phase 2,Apple Construction dba 1st Oklahoma Homes,S Pennsylvania Ave and SW 16th St,Oklahoma City,OK,73170,Cleveland,35.308729,-97.547702,OKR1037780,5/27/2026,10/17/2027,1521,Single-Family Housing Construction,N,,,,,,,,,,,
The Montford Section 1,"Montford, LLC.",NW corner of State Hwy 4 & East Tyler Road,Tuttle,OK,73089,Grady,35.3090389,-97.7251083,OKR1026775,5/8/2023,10/17/2027,1542,Nonresidential Construction,N,,,,,,,,,,,
SOUTH CANADIAN WWTP,Crossland Heavy Contractors Inc,15924 S May Ave,Oklahoma City,OK,73170,Cleveland,35.3098676,-97.5609729,OKR1033362,8/11/2023,10/17/2027,1542,Nonresidential Construction,Y,,,,,,,,,,,
SOUTH CANADIAN WWTP,Crossland Heavy Contractors Inc,15924 S May Ave,Oklahoma City,OK,73170,Cleveland,35.3098676,-97.5609729,OKR1033362,8/11/2023,10/17/2027,4952,Sewerage Systems,Y,,,,,,,,,,,
McClendon Property - Tuttle,Hills Land & Construction Co,E Tyler Dr and N County Line Rd,Tuttle,OK,73089,Grady,35.310004,-97.677554,OKR1028429,9/5/2023,10/17/2027,,,N,,,,,,,,,,,
The Montford Phase II,Riata Ranch Holdings LLC,SH4 and Tyler Rd,Tuttle,OK,73089,Grady,35.310975,-97.7254389,OKR1030480,5/29/2024,10/17/2027,6552,Subdividers And Developers,Y,,,,,,,,,,,
Native Plains Addition Section 4,Terra Verde Development LLC,.4 miles N of SW 164th St .3 miles E of S Pennsylvania Ave,Oklahoma City,OK,73170,Cleveland,35.3111,-97.5429,OKR1031865,6/1/2023,10/17/2027,1521,Single-Family Housing Construction,N,,,,,,,,,,,
Native Plains Addition Section 2,Terra Verde Development LLC,SW 164th and Pennsylvania Ave,Oklahoma City,OK,73170,Cleveland,35.3111111,-97.5455556,OKR1023703,6/1/2023,10/17/2027,6552,Subdividers And Developers,N,,,,,,,,,,,
1907 S Sooner Dr Land Clearing & Subdivision,Patriot Custom Homes,1907 S Sooner Dr,Moore,OK,73165,Cleveland,35.311495,-97.432109,OKR1034951,12/19/2023,10/17/2027,1542,Nonresidential Construction,N,,,,,,,,,,,
Broadmoore Heights Section 2,"Premium Land, LLC",Bryant Ave between SE 34th and SE 19th,Moore,OK,73160,Cleveland,35.3118833,-97.4593167,OKR1032648,6/22/2023,10/17/2027,1522,Residential Construction,N,,,,,,,,,,,
Cardinal Landing Section 1,"IH Development, LLC",SE 19th Street and Bryant Avenue,Moore,OK,73160,Cleveland,35.3152778,-97.4572222,OKR1033063,6/12/2023,10/17/2027,1611,Highway And Street Construction,N,,,,,,,,,,,
Belmont Cove South,"Gary Owen Construction, LLC",SW 149th and Western,Oklahoma City,OK,73170,Cleveland,35.3186083,-97.5311833,OKR1037973,8/4/2026,10/17/2027,1522,Residential Construction,N,,,,,,,,,,,
Cable Placement ATT Project A050NRR - 26OK14,Southwestern Bell Telephone Co. dba AT&T Oklahoma,2001 S Telephone Rd south to 3101 S Telephone Rd,Moore,OK,73160,Cleveland,35.318841,-97.494836,OKR1038114,8/24/2026,10/17/2027,1623,"Water, Sewer, And Utility Lines",Y,,,,,,,,,,,
Ridge Road Substation,PSO Transmission,3105 E Silver City Ridge,Tuttle,OK,73089,Grady,35.318981,-97.757209,OKR1036747,7/15/2025,10/17/2027,1623,"Water, Sewer, And Utility Lines",Y,,,,,,,,,,,
Anderson Food Mart,First Services LLC,12032 SE 149th St,Oklahoma City,OK,73165,Cleveland,35.319242,-97.317684,OKR1037570,3/25/2026,10/17/2027,1542,Nonresidential Construction,Y,,,,,,,,,,,
Cardinal Landing Phase 1,Calara Land OK LLC,South of SE 19th St .1 miles East of S Bryant Ave,Moore,OK,73160,Cleveland,35.3194,-97.4566,OKR1037737,5/5/2026,10/17/2027,1521,Single-Family Housing Construction,N,,,,,,,,,,,
Edgewater Section 2,R&R Land Development LLC,SE 19th St  between Bryant Ave and Sunnylane Rd,Moore,OK,73165,Cleveland,35.3194444,-97.4494667,OKR1029244,6/29/2023,10/17/2027,1521,Single-Family Housing Construction,N,,,,,,,,,,,
Dollar General - 14809 SE 149th St,4D Construction LLC,14809 SE 149th St,Oklahoma City,OK,74857,Cleveland,35.3196,-97.2679,OKR1037295,2/6/2026,10/17/2027,1542,Nonresidential Construction,Y,,,,,,,,,,,
Cable Placement AT&T Project A05DP7B 26OK09,Southwestern Bell Telephone Co. dba AT&T Oklahoma,S Pennsylvania and SW 149th St,Oklahoma City,OK,73170,Cleveland,35.319602,-97.5563,OKR1037908,7/15/2026,10/17/2027,1623,"Water, Sewer, And Utility Lines",N,,,,,,,,,,,
Cypress Creek Section 1,Farzaneh Development LLLP,Located NW of the int of SE 19th St and S Sunnylane Rd,Moore,OK,73160,Oklahoma,35.3200083,-97.4472639,OKR1033109,4/21/2023,10/17/2027,1521,Single-Family Housing Construction,N,,,,,,,,,,,
Eagle Lane Duplexes,Omni Holdings LLC,.2 mi north of SW 19th St .4 mi east of S Santa Fe Ave,Moore,OK,73160,Cleveland,35.322154,-97.50412,OKR1035754,8/26/2024,10/17/2027,1542,Nonresidential Construction,N,,,,,,,,,,,
Urbansky Farms Section 1,Farzaneh Development LLLP,Located northwest at the intersection of SE 19th St and,Moore,OK,73160,Oklahoma,35.322339,-97.445144,OKR1034552,7/20/2023,10/17/2027,1521,Single-Family Housing Construction,N,,,,,,,,,,,
Urbansky Farms Section 1,Farzaneh Development LLLP,Located northwest at the intersection of SE 19th St and,Moore,OK,73160,Oklahoma,35.322339,-97.445144,OKR1034552,7/20/2023,10/17/2027,1522,Residential Construction,N,,,,,,,,,,,
Proposed Building - Parking and Detention,Guerrero Electrical,1620 S Eastern Ave,Moore,OK,73160,Cleveland,35.3225167,-97.4760944,OKR1037611,6/15/2026,10/17/2027,1542,Nonresidential Construction,Y,,,,,,,,,,,
Mason Industrial Park,Kyle Mason,14441 S Meridian Ave,Oklahoma City,OK,73173,Cleveland,35.324464,-97.607383,OKR1034565,8/3/2023,10/17/2027,1542,Nonresidential Construction,N,,,,,,,,,,,
Orr Family Farm Clubhouse and Mini Golf Course,Orr Family Farms,14400 S Western Ave,Oklahoma City,OK,73170,Cleveland,35.3245,-97.527996,OKR1038092,8/13/2026,10/17/2027,1542,Nonresidential Construction,N,,,,,,,,,,,
Shiraz Vineyard Section 1,Farzaneh Development LLLP,.6 miles S of SW 134th St E of S Portland Ave,Oklahoma City,OK,73170,Cleveland,35.3255472,-97.5816361,OKR1036191,1/8/2025,10/17/2027,1521,Single-Family Housing Construction,N,,,,,,,,,,,
Clearwell Improvements Phase 1A Project No WT-0224-1,Archer Western - The Walsh Group,13700 S Douglas Blvd,Oklahoma City,OK,73165,Cleveland,35.327275,-97.3660944,OKR1037586,3/27/2026,10/17/2027,1542,Nonresidential Construction,N,,,,,,,,,,,
Palermo Place Section 2,Home Creations Inc.,.1 miles W of S Western Ave and .4 miles S of SW 134th St,Oklahoma City,OK,73170,Cleveland,35.3275,-97.5313,OKR1028626,6/16/2023,10/17/2027,1522,Residential Construction,N,,,,,,,,,,,
Palermo Place Commercial Tract 1,Palermo Place Office Park LLC,13901 S Western Ave,Oklahoma City,OK,73170,Cleveland,35.3294444,-97.5302778,OKR1031789,6/16/2023,10/17/2027,6552,Subdividers And Developers,N,,,,,,,,,,,
Palermo Place Commercial Tract 1,Palermo Place Office Park LLC,13901 S Western Ave,Oklahoma City,OK,73170,Cleveland,35.3294444,-97.5302778,OKR1031789,6/16/2023,10/17/2027,1522,Residential Construction,N,,,,,,,,,,,
Palermo Section 6,Farzaneh Development LLLP,.3 mi south of SW 134th St .1 mi west of S Western Ave,Oklahoma City,OK,73170,Cleveland,35.33,-97.5319444,OKR1032440,5/10/2023,10/17/2027,1521,Single-Family Housing Construction,N,,,,,,,,,,,
ODOT JP 32255 04,Allen Contracting Inc,Kickapoo St from Farrall St to Kickapoo Spur,Shawnee,OK,74801,Pottawatomie,35.330645,-96.929908,OKR1036893,9/2/2025,10/17/2027,1611,Highway And Street Construction,N,,,,,,,,,,,
Palermo Place Business Park - Phase 2,Shaz Investment Group LLC,Southwest of SW 138th St and S Western Ave,Oklahoma City,OK,73170,Cleveland,35.333777,-97.53045,OKR1035350,4/8/2024,10/17/2027,1542,Nonresidential Construction,N,,,,,,,,,,,
Moore Car Wash,L Wallace Construction Company Inc,112 SW 134th Street,Oklahoma City,OK,73170,Cleveland,35.334106,-97.514077,OKR1036387,3/7/2025,10/17/2027,1542,Nonresidential Construction,Y,,,,,,,,,,,
ODOT JP 33025 04,Allen Contracting Inc,SH-37 4th St From S Broadway St to Turner Ave,Moore,OK,73160,Cleveland,35.334292,-97.484506,OKR1036165,12/23/2024,10/17/2027,1611,Highway And Street Construction,N,,,,,,,,,,,
Cogar Substation,Western Farmers Electric Cooperative,North of Hwy 152  .5 mi west of County Street 2750,Cogar,OK,73059,Caddo,35.334358,-98.105049,OKR1036979,9/10/2025,10/17/2027,1623,"Water, Sewer, And Utility Lines",N,,,,,,,,,,,
Residential Home - 12201 SE 134th St,Troy Roesler,12201 SE 134th St,Oklahoma City,OK,73165,Cleveland,35.334378,-97.314751,OKR1035751,9/17/2024,10/17/2027,1521,Single-Family Housing Construction,N,,,,,,,,,,,
COGAR TO CLEVELAND 138 kV TRANSMISSION LINE REBUILD,Western Farmers Electric Cooperative,The northern end is located near the Cogar Substation,Cogar,OK,73059,Caddo,35.3344206,-98.1044646,OKR1037992,7/20/2026,10/17/2027,1542,Nonresidential Construction,N,,,,,,,,,,,
EL RENO JUNCTION TO COGAR SUBSTATION,Western Farmers Electric Cooperative,"From 30141 Hwy 152, Cogar, OK extending 10 mi north",Cogar,OK,73059,Caddo,35.3346303,-98.1043694,OKR1037262,12/10/2025,10/17/2027,1542,Nonresidential Construction,Y,,,,,,,,,,,
Falcon Point: Phase 1,"AR Development, LLC",NE Corner of S. Pottawatomie Rd. and Lake Rd.,Shawnee,OK,74851,Pottawatomie,35.335063,-97.137389,OKR1030495,8/30/2023,10/17/2027,1542,Nonresidential Construction,N,,,,,,,,,,,
Sandoval,"Sandoval Group, LLC","SE�, Section 13, T10N, R4W",Oklahoma City,OK,73170,Cleveland,35.3352778,-97.5680556,OKR1032919,9/21/2023,10/17/2027,1521,Single-Family Housing Construction,N,,,,,,,,,,,
ODOT JP 12972 04,C-Gawf Construction Inc,US-75 from 0.4 miles west of the SH-84 junction,Weleetka,OK,74880,Okfuskee,35.3355726,-96.1418288,OKR1037803,5/27/2026,10/17/2027,1611,Highway And Street Construction,N,,,,,,,,,,,
SW 134th St and Meridian Ave Borrow Pit,K & M Services LLC,West of S Meridian Ave and north of SW 134th St,Oklahoma City,OK,73173,Cleveland,35.3364,-97.6064,OKR1037916,7/13/2026,10/17/2027,1611,Highway And Street Construction,N,,,,,,,,,,,
The Preserve at Parkside Phase 3,Landmark Land Company,.4 mi north of SW 134th St .5 mi east of S Meridian Ave,Oklahoma City,OK,73173,Cleveland,35.3394444,-97.5922222,OKR1031674,6/9/2023,10/17/2027,6552,Subdividers And Developers,N,,,,,,,,,,,
MPS Old School Replacement,OMNI Construction LLC,201 N Broadway Ave.,Moore,OK,73160,Cleveland,35.3398962,-97.4871261,OKR1037536,3/10/2026,10/17/2027,1542,Nonresidential Construction,Y,,,,,,,,,,,
Rivendell 14,P.B. Odom III Land Development Company,Terminus of SW 131st St east of S Leslie Way,Oklahoma City,OK,73170,Cleveland,35.340084,-97.554246,OKR1036881,8/26/2025,10/17/2027,1521,Single-Family Housing Construction,N,,,,,,,,,,,
Central Junior High Classroom Addition,OMNI Construction LLC,400 N Broadway Ave,Moore,OK,73160,Cleveland,35.3423386,-97.4872684,OKR1036883,8/18/2025,10/17/2027,1542,Nonresidential Construction,N,,,,,,,,,,,
7 AC-Wright,Bryan D Wright,12600 S Pennsylvania Ave,Oklahoma City,OK,73170,Cleveland,35.3423833,-97.5465111,OKR1034079,3/6/2023,10/17/2027,1542,Nonresidential Construction,N,,,,,,,,,,,
Rumble Solar,Blattner Energy,Between County Road 1140 and County Road 1170 and,Minco,OK,73059,Grady,35.3428728,-97.9801507,OKR1036622,5/29/2025,10/17/2027,1542,Nonresidential Construction,Y,,,,,,,,,,,
M4-NPS10 South Lakes Park Improvements,Shiloh Enterprises Inc,4210 SW 119th St,Oklahoma City,OK,73173,Cleveland,35.343399,-97.596396,OKR1037256,12/5/2025,10/17/2027,1542,Nonresidential Construction,N,,,,,,,,,,,
12327 S Pennsylvania Ave - SRH Commercial,SRH Commercial,12327 S Pennsylvania Ave,Oklahoma City,OK,73170,Cleveland,35.3443028,-97.5483917,OKR1034982,12/14/2023,10/17/2027,1542,Nonresidential Construction,N,,,,,,,,,,,
Flying Hawk Ranch,STK Developments LLC,5320 SW 119th Street,Oklahoma City,OK,73173,Cleveland,35.344751,-97.61204,OKR1033414,10/24/2023,10/17/2027,1522,Residential Construction,N,,,,,,,,,,,
Ashleaf Farms Section 1,Premium Land LLC,SE Corner of SW 119th Street and S Council Rd,Oklahoma City,OK,73173,Cleveland,35.3455389,-97.6514,OKR1033323,5/15/2023,10/17/2027,1521,Single-Family Housing Construction,Y,,,,,,,,,,,
Porum Landing Boat & RV Storage,Rocky Property Management Inc,426685 Texanna Road,Checotah,OK,74426,McIntosh,35.347313,-95.416825,OKR1034065,3/6/2023,10/17/2027,1542,Nonresidential Construction,N,,,,,,,,,,,
Shawnee City Lake No1 Dam Rehabilitation Clearing and Grubbing,LandShape LLC,Belcher Rd north of Shawnee Reservoir,Shawnee,OK,74801,Pottawatomie,35.34746,-97.06074,OKR1037469,2/23/2026,10/17/2027,1542,Nonresidential Construction,N,,,,,,,,,,,
Georg Fischer Central Plastics - Berri McFarland,Georg Fischer Central Plastics,39605 W Independence,Shawnee,OK,74801,Pottawatomie,35.347553,-96.95318,OKR1034881,2/6/2024,10/17/2027,1542,Nonresidential Construction,N,,,,,,,,,,,
24 Kitchens,Rose Rock LLC,1225 N Santa Fe Ave,Moore,OK,73170,Cleveland,35.347772,-97.513924,OKR1037020,9/26/2025,10/17/2027,1542,Nonresidential Construction,Y,,,,,,,,,,,
Dollar General Store 32001,"4D Construction, LLC",937' West of Meridian on S. Side of SW 119th St.,Oklahoma City,OK,73173,Cleveland,35.348014,-97.604048,OKR1037937,7/2/2026,10/17/2027,1542,Nonresidential Construction,N,,,,,,,,,,,
Manning Estates Section 1,Landmark Fine Homes,North of SW 119th St .8 mi east of S Rockwell Blvd,Oklahoma City,OK,73173,Cleveland,35.348893,-97.620442,OKR1033860,1/13/2023,10/17/2027,1521,Single-Family Housing Construction,N,,,,,,,,,,,
625 SW 119th St,O and A Land Limited Partnership,625 SW 119th St.,Oklahoma City,OK,73170,Cleveland,35.3498,-97.5247,OKR1037839,6/15/2026,10/17/2027,1794,Excavation Work,N,,,,,,,,,,,
Riverstone Phase 1,Creekside 1 LLC,N of NW 12th Street and W of Santa Fe Ave,Oklahoma City,OK,73170,Cleveland,35.349834,-97.520372,OKR1036905,9/2/2025,10/17/2027,1521,Single-Family Housing Construction,N,,,,,,,,,,,
Riverstone Villas,"Riverstone Villas, LLC",North of NW 12th Street and west of Santa Fe Ave,Moore,OK,73170,Cleveland,35.3498944,-97.5154778,OKR1037967,8/10/2026,10/17/2027,1522,Residential Construction,N,,,,,,,,,,,
Flicker Ridge,Mongold Properties LLC,1504 Flicker Ridge,Moore,OK,73160,Cleveland,35.3501435,-97.4795323,OKR1034188,4/5/2023,10/17/2027,1521,Single-Family Housing Construction,N,,,,,,,,,,,
Calvary Cemetery,Quad Construction,4201 SW 119th St,Oklahoma City,OK,73173,Cleveland,35.3502,-97.5945,OKR1037515,5/27/2026,10/17/2027,1542,Nonresidential Construction,N,,,,,,,,,,,
Abide Commercial,Abide Commercial and Residential,1600 North Service Road,Moore,OK,73160,Cleveland,35.3511,-97.494166,OKR1034196,5/31/2023,10/17/2027,1542,Nonresidential Construction,N,,,,,,,,,,,
Deer Field Estates,Kishwaukee Enterprises LLC,NW Corner of N Elm Ave & E Bradley St,Shawnee,OK,74804,Pottawatomie,35.352698,-96.902023,OKR1025287,5/10/2023,10/17/2027,1521,Single-Family Housing Construction,N,,,,,,,,,,,
Meadowlake Industrial Park Phase 2,11401 Meridian LLC,.7 miles S of SW 104th St  W of S Meridian Avenue,Oklahoma City,OK,73173,Cleveland,35.35275,-97.6018056,OKR1036430,3/19/2025,10/17/2027,1542,Nonresidential Construction,N,,,,,,,,,,,
Shawnee Family YMCA,AC Owen Construction,700 W Saratoga St,Shawnee,OK,74804,Pottawatomie,35.3536167,-96.9325139,OKR1037494,3/2/2026,10/17/2027,1542,Nonresidential Construction,N,,,,,,,,,,,
Oklahoma Baptist Homes for Children,Oklahoma Baptist Homes for Children Inc,11400 S Pennsylvania Ave,Oklahoma City,OK,73170,Cleveland,35.3538889,-97.5461111,OKR1037623,4/6/2026,10/17/2027,1542,Nonresidential Construction,N,,,,,,,,,,,
Ace of Moore,Ben Robbins,1912 N Eastern Ave,Moore,OK,73160,Cleveland,35.3539565,-97.476427,OKR1036936,9/2/2025,10/17/2027,1542,Nonresidential Construction,Y,,,,,,,,,,,
Meadowlake Industrial Park,11401 Meridian LLC,11401 S Meridian Ave,Oklahoma City,OK,73173,Cleveland,35.354325,-97.605425,OKR1030904,8/29/2023,10/17/2027,1542,Nonresidential Construction,N,,,,,,,,,,,
Redcliff Canyon,"Redcliff Development, LP",.3 miles N of SW 118th St on E side of Mustang Rd,Oklahoma City,OK,73064,Canadian,35.3543472,-97.7203667,OKR1029699,6/30/2023,10/17/2027,1522,Residential Construction,N,,,,,,,,,,,
Sonoma Lakes Addition Phase III,Sonoma Development Group LLC,.3 miles W of S Sunnylane Rd .4 miles N of NE 12th St,Moore,OK,73160,Oklahoma,35.355,-97.4472222,OKR1036455,4/2/2025,10/17/2027,1521,Single-Family Housing Construction,Y,,,,,,,,,,,
Buck Thomas Park Grade and Fill,"Silver Star Construction Company, Inc",,,,,Cleveland,35.3551556,-97.4637222,OKR1030016,6/26/2023,10/17/2027,1542,Nonresidential Construction,N,,,,,,,,,,,
Buck Thomas Park Grade and Fill,"Silver Star Construction Company, Inc",1901 NE 12th St.,Moore,OK,73160,Cleveland,35.3551556,-97.4637222,OKR1030016,6/26/2023,10/17/2027,1542,Nonresidential Construction,N,,,,,,,,,,,
ODOT JP 31872 04,Duit Construction Co,US-270/Hwy 177 from 2.6 mi south of I-40 ext 2.3 mi,Shawnee,OK,74801,Pottawatomie,35.35518,-96.960914,OKR1036130,12/6/2024,10/17/2027,1611,Highway And Street Construction,N,,,,,,,,,,,
OMD Shawnee Readiness Center,LD Kerns Contractors,2301 N Leo Avenue,Shawnee,OK,74804,Pottawatomie,35.3571909,-96.9466491,OKR1037977,7/15/2026,10/17/2027,1542,Nonresidential Construction,N,,,,,,,,,,,
Shawnee Reg Airport - J Lee Ent,J Lee Enterprises LLC,2202 N Airport Dr,Shawnee,OK,74804,Pottawatomie,35.357293,-96.939124,OKR1037496,2/26/2026,10/17/2027,4581,"Airports, Flying Fields, & Services",N,,,,,,,,,,,
PM-0312 Residential - Local and Collector Street Resurfacing WO PC-0815 Phase II,Ellsworth Construction OKC LLC dba A-Tech Paving,area bound by S Penn - S Western - SW 119th - SW 104th,Oklahoma City,OK,73170,Cleveland,35.3582389,-97.5381972,OKR1036988,9/16/2025,10/17/2027,1611,Highway And Street Construction,N,,,,,,,,,,,
Belmont Creek,Gary Owens Development Inc,SW Corner of SW 104th Street and Czech Hall Road,Oklahoma City,OK,73064,Canadian,35.3602778,-97.7472222,OKR1023325,8/1/2023,10/17/2027,1521,Single-Family Housing Construction,N,,,,,,,,,,,
OBU Raley Chapel Renovation,Oklahoma Baptist University,2501 Raley Drive,Shawnee,OK,74804,Pottawatomie,35.3603999,-96.9340736,OKR1036907,9/3/2025,10/17/2027,1542,Nonresidential Construction,N,,,,,,,,,,,
Deer Hollow Addition,"Terrahoma, Inc.",A part of the W/2 NE/4 SEC 8 T10N R1E IM,Oklahoma City,OK,74857,Cleveland,35.3608,-97.21914,OKR1031235,3/24/2023,10/17/2027,6552,Subdividers And Developers,N,,,,,,,,,,,
Future Site 4 - Bugg Property,Future Inc,21300 SE 104th Street,Mcloud,OK,74851,Cleveland,35.360813,-97.155161,OKR1035018,8/16/2024,10/17/2027,1521,Single-Family Housing Construction,N,,,,,,,,,,,
Whispering Trails Roadway Project,Noble Land Investments LLC,N of MacArthur Rd .2 miles W of Coker Rd,Shawnee,OK,74804,Pottawatomie,35.361967,-96.98612,OKR1031125,7/16/2023,10/17/2027,1622,"Bridge, Tunnel, & Elevated Highway",N,,,,,,,,,,,
Gentry Crossing - Phase 2,Rio 79 LLC,.3 mi north of SW 104th St west of S Rockwell Ave,Oklahoma City,OK,73169,Cleveland,35.362886,-97.635966,OKR1031816,8/9/2023,10/17/2027,1522,Residential Construction,N,,,,,,,,,,,
SW 104th St and I-44 Restaurant and Retail,I-44 and South May LLC,.3 mi east of S I44 Service Rd north of SW 104th St,Oklahoma City,OK,73159,Cleveland,35.363483,-97.575019,OKR1036418,3/17/2025,10/17/2027,1542,Nonresidential Construction,N,,,,,,,,,,,
South May Avenue Restaurant & Retail,NE 104th and May Retail Center LLC,Northeast of SW 104th St and S May Ave,Oklahoma City,OK,73159,Cleveland,35.3636111,-97.5647222,OKR1033106,9/18/2023,10/17/2027,1521,Single-Family Housing Construction,N,,,,,,,,,,,
Harbor South,"RFA Land, LLC",Northwest of SW 104th St and S May Ave,Oklahoma City,OK,73159,Cleveland,35.3639667,-97.5672139,OKR1033486,9/5/2023,10/17/2027,1542,Nonresidential Construction,N,,,,,,,,,,,
The Colony at Shadowlake,Bird in Hand Development LLC,North of SW 104th St and 0.1 mi west of S Pennsylvania Ave,Oklahoma City,OK,73159,Cleveland,35.364733,-97.550476,OKR1034494,6/28/2023,10/17/2027,1522,Residential Construction,N,,,,,,,,,,,
Tradition Estates,Tradition Construction Inc,11929 SW 104th Street,Mustang,OK,73064,Canadian,35.3652778,-97.7366667,OKR1035722,8/9/2024,10/17/2027,1522,Residential Construction,N,,,,,,,,,,,
Pickel Ball,Butler Roofing,3715 N Kickapoo Ave,Shawnee,OK,74804,Pottawatomie,35.367935,-96.928982,OKR1036452,4/1/2025,10/17/2027,1542,Nonresidential Construction,N,,,,,,,,,,,
The Waters Phase 1 - Premium Land,Premium Land LLC,A part of the SW4 Sec 1 T 10N R 3W IM,Moore,OK,73160,Cleveland,35.3680556,-97.4730556,OKR1028878,6/27/2023,10/17/2027,,,N,,,,,,,,,,,
Western Cottages,Mansions Senior Living,10002 S Western Avenue,Oklahoma City,OK,73139,Cleveland,35.3682,-97.5293,OKR1034652,9/13/2023,10/17/2027,1522,Residential Construction,N,,,,,,,,,,,
South Portland Commercial Park - Phase II,I-Forty Four LLC,1500 ft north of int of S I-44 Service Rd and SW 104th St,Oklahoma City,OK,73160,Cleveland,35.368424,-97.576543,OKR1037559,6/3/2026,10/17/2027,1542,Nonresidential Construction,N,,,,,,,,,,,
Easley Property,Justin Easley,14801 SE 98th St,Choctaw,OK,73020,Cleveland,35.369127,-97.268512,OKR1037736,9/2/2026,10/17/2027,1521,Single-Family Housing Construction,N,,,,,,,,,,,
Easley Property,Justin Easley,14801 SE 98th St,Choctaw,OK,73020,Cleveland,35.369127,-97.268512,OKR1037736,9/2/2026,10/17/2027,1521,Single-Family Housing Construction,Y,,,,,,,,,,,
The Waters Duplexes,"Premium Land, LLC",NE of the intersection of N. Eastern Ave. and NE 34th St.,Moore,OK,73160,Oklahoma,35.3692167,-97.4752667,OKR1038022,7/30/2026,10/17/2027,1522,Residential Construction,Y,,,,,,,,,,,
Cedar Ridge Addition,Cedar Ridge Investments,.4 miles S of E 45th St .2 miles E of N Harrison St,Shawnee,OK,74804,Pottawatomie,35.369369,-96.908283,OKR1032063,6/26/2023,10/17/2027,1542,Nonresidential Construction,N,,,,,,,,,,,
The Grove at Shawnee Phase 2,Meek Development LLC,3900 N Union St,Shawnee,OK,74804,Pottawatomie,35.3695,-96.9237,OKR1036780,7/23/2025,10/17/2027,1521,Single-Family Housing Construction,N,,,,,,,,,,,
The Grove at Shawnee,"Meek Development, LLC",.4 miles S of W 45th St W side of N Union Ave,Shawnee,OK,74804,Pottawatomie,35.3697056,-96.9229833,OKR1029826,9/14/2023,10/17/2027,6552,Subdividers And Developers,N,,,,,,,,,,,
Retail Shop,Collin Park LLC,9940 S I44 Service Rd,Oklahoma City,OK,73159,Cleveland,35.370378,-97.576693,OKR1037665,4/28/2026,10/17/2027,1542,Nonresidential Construction,N,,,,,,,,,,,
I-35 Commerce Center,Scannell Properties #767 LLC,0 N I-35 Service Rd,Moore,OK,73160,Cleveland,35.3703889,-97.4856472,OKR1037577,3/24/2026,10/17/2027,1542,Nonresidential Construction,N,,,,,,,,,,,
Plummer Custom Home,Turner & Son Homes,13524 SE 95th St,Oklahoma City,OK,73165,Cleveland,35.37057,-97.2904,OKR1036291,4/2/2025,10/17/2027,1521,Single-Family Housing Construction,N,,,,,,,,,,,
Plummer Custom Home,Turner & Son Homes,13524 SE 95th St,Oklahoma City,OK,73165,Cleveland,35.37057,-97.2904,OKR1036291,4/2/2025,10/17/2027,1521,Single-Family Housing Construction,Y,,,,,,,,,,,
Blackberry Ridge,Tinker Villas LLC,.4 miles S of Memorial Rd/SE 89th Street and E of Walker Rd,Mcloud,OK,74851,Pottawatomie,35.3708333,-97.1047222,OKR1034241,4/27/2023,10/17/2027,1542,Nonresidential Construction,N,,,,,,,,,,,
Blackberry Ridge Phase 1,Lennar Homes of Oklahoma LLC,East of Walker Road .3 mi south of Memorial Rd,Mcloud,OK,74851,Pottawatomie,35.371867,-97.10576,OKR1037056,10/9/2025,10/17/2027,1521,Single-Family Housing Construction,N,,,,,,,,,,,
Eastern Mini Storage Phase 2,"JYM Investments, LLC.",9401 S Eastern Ave,Oklahoma City,OK,73160,Cleveland,35.3719694,-97.4771694,OKR1037913,6/24/2026,10/17/2027,1542,Nonresidential Construction,N,,,,,,,,,,,
Winsupply Building Expansion,ARCO Design Build,269' east of S I-35 Service Rd .3 mi south of SE 89th St,Oklahoma City,OK,73149,Oklahoma,35.3722,-97.4937,OKR1037312,4/9/2026,10/17/2027,1542,Nonresidential Construction,Y,,,,,,,,,,,
Beckham County Substation Project,Oklahoma Gas and Electric Company,.65 miles N of intersection E1140 Rd and N 1810 Rd W of N,Sayre,OK,73662,Beckham,35.372914,-99.753175,OKR1035366,4/16/2024,10/17/2027,1542,Nonresidential Construction,N,,,,,,,,,,,
BNSF Flynn Yard Expansion,BNSF Railway,8401 S Eastern Avenue extending south to NE 27th St,Oklahoma City,OK,73149,Oklahoma,35.374287,-97.48025,OKR1028000,8/19/2024,10/17/2027,1611,Highway And Street Construction,Y,,,,,,,,,,,
BNSF Flynn Yard Expansion,BNSF Railway,8401 S Eastern Avenue extending south to NE 27th St,Oklahoma City,OK,73149,Oklahoma,35.374287,-97.48025,OKR1028000,8/19/2024,10/17/2027,1611,Highway And Street Construction,N,,,,,,,,,,,
Prairie Estates Phase 2,Landmark Fine Homes,.2 miles South of SW 89th St .1 miles West of S County Line,Oklahoma City,OK,73064,Canadian,35.3743,-97.6738,OKR1037310,8/10/2026,10/17/2027,1521,Single-Family Housing Construction,N,,,,,,,,,,,
Cohesive Managment,Godwin Feh,.1 miles S of 45th St .2 miles E of N Bryant Ave,Shawnee,OK,74804,Pottawatomie,35.3747,-96.89147,OKR1034954,12/11/2023,10/17/2027,1542,Nonresidential Construction,N,,,,,,,,,,,
Bison Curve Retail Center,Bison Curve LLC,South of E 45th St .2 mi west of N Union Ave,Shawnee,OK,74804,Pottawatomie,35.375156,-96.92381,OKR1034676,8/31/2023,10/17/2027,1542,Nonresidential Construction,N,,,,,,,,,,,
Sweetwater Section 1,Farzaneh Development LLLP,S Side of SE 89th Street E Eastern Ave,Oklahoma City,OK,73160,Oklahoma,35.3760167,-97.4734778,OKR1032847,5/3/2023,10/17/2027,1522,Residential Construction,N,,,,,,,,,,,
Prairie Estates Phase 1,Landmark Land Company LLC,South of SW 89th St .6 mi east of S Morgan Rd,Oklahoma City,OK,73064,Canadian,35.3766667,-97.6722222,OKR1032296,8/29/2023,10/17/2027,1521,Single-Family Housing Construction,N,,,,,,,,,,,
1324 Okemah Bldg 1-6,Yong Shou Wang,Southeast of EW 113 Rd and NS 367 Rd,Chandler,OK,74834,Seminole,35.3768516,-96.4760911,OKR1037278,12/18/2025,10/17/2027,1541,Industrial Buildings And Warehouses,N,,,,,,,,,,,
U Store It - 33600 45th St,U Store It LLC,33600 45th St,Mcloud,OK,74804,Pottawatomie,35.37715,-97.059037,OKR1036348,2/28/2025,10/17/2027,1542,Nonresidential Construction,N,,,,,,,,,,,
The Farm,Greg Brown Homes,N of 45th St .3 miles E of Brangus Rd,Shawnee,OK,74804,Pottawatomie,35.3772222,-96.8713889,OKR1031271,5/23/2024,10/17/2027,1522,Residential Construction,N,,,,,,,,,,,
Dollar Tree - 3109 SW 89th,SRH Commercial,3109 SW 89th,Oklahoma City,OK,73159,Oklahoma,35.37731,-97.569745,OKR1033758,12/9/2022,10/17/2027,1542,Nonresidential Construction,N,,,,,,,,,,,
OK 577 Locke Supply,OK 577 LLC,Northwest of SE 89th Street and S Bryant Avenue,Oklahoma City,OK,73129,Oklahoma,35.3775,-97.4595,OKR1034424,6/9/2023,10/17/2027,1541,Industrial Buildings And Warehouses,N,,,,,,,,,,,
Chisholm OGE Tap,AEP Oklahoma Transmission Company - Chisholm OGE TAP,Begin at Southwestern Corner of N 1830 Rd and E1130 Rd ext,Sayre,OK,73662,Beckham,35.377663,-99.719812,OKR1035891,9/23/2024,10/17/2027,1542,Nonresidential Construction,N,,,,,,,,,,,
Home Depot Shawnee,The Home Depot USA Inc,4510 Marketplace Blvd,Shawnee,OK,74804,Pottawatomie,35.3777084,-96.9322157,OKR1037375,1/21/2026,10/17/2027,1542,Nonresidential Construction,N,,,,,,,,,,,
Adcock Addition,TJT Holding,700 E 45th St,Shawnee,OK,74804,Pottawatomie,35.377925,-96.915317,OKR1035361,4/12/2024,10/17/2027,1522,Residential Construction,N,,,,,,,,,,,
MB-1649 Driving Facility At The Public Safety Training Facility,Silver Star Construction Company Inc,8501 S Midwest Blvd,Oklahoma City,OK,73135,Oklahoma,35.377973,-97.389481,OKR1036105,12/12/2024,10/17/2027,1542,Nonresidential Construction,N,,,,,,,,,,,
Village Place Town Homes Sections 1 and 2,A & A Development LLC,North of SW 88th St .1 mi west of S Western Ave,Oklahoma City,OK,73139,Oklahoma,35.378589,-97.531638,OKR1034904,11/17/2023,10/17/2027,1542,Nonresidential Construction,N,,,,,,,,,,,
Gabes Crossing,Zac Woodcock,NW corner of SW 89th St and S Mustang Rd,Mustang,OK,73064,Canadian,35.3787667,-97.7258333,OKR1033433,6/5/2023,10/17/2027,1522,Residential Construction,N,,,,,,,,,,,
Riverwood,Hiawassee80 LLC,North of SW 89th St .3 mi east of S Mustang Rd,Mustang,OK,73064,Canadian,35.378892,-97.718472,OKR1036524,4/21/2025,10/17/2027,1521,Single-Family Housing Construction,N,,,,,,,,,,,
Shawnee Marketplace - Phase 3 Block1 Lot2,Santa Fe Properties LLC,4640 Marketplace Boulevard,Shawnee,OK,74804,Pottawatomie,35.3790278,-96.9324167,OKR1037467,2/27/2026,10/17/2027,1542,Nonresidential Construction,N,,,,,,,,,,,
Abbott Lake Addition Section 3,IH Holdings LLC,N of SE 89th Street .5 miles W of  Air Depot Blvd,Oklahoma City,OK,73135,Oklahoma,35.3797222,-97.4141667,OKR1034165,3/31/2023,10/17/2027,1521,Single-Family Housing Construction,N,,,,,,,,,,,
Abbott Lake Addition Section 2,"IH Holdings, LLC",SE 89th St and Air Depot,Oklahoma City,OK,73135,Oklahoma,35.3797222,-97.4077778,OKR1032343,6/6/2023,10/17/2027,1521,Single-Family Housing Construction,N,,,,,,,,,,,
Union Avenue Townhomes,Union Street Apartments LLC,4731 N Union Ave,Shawnee,OK,74804,Pottawatomie,35.3799,-96.9209,OKR1036781,8/8/2025,10/17/2027,1521,Single-Family Housing Construction,N,,,,,,,,,,,
Harrison Wings,Mark S Group,4785 N Harrison Street,Shawnee,OK,74804,Pottawatomie,35.38015,-96.91131,OKR1035681,7/22/2024,10/17/2027,1542,Nonresidential Construction,N,,,,,,,,,,,
TWAS - Shawnee C00443,SHJ Construction Group,4734 N Kickapoo Ave,Shawnee,OK,74804,Pottawatomie,35.3803667,-96.9304222,OKR1034235,4/25/2023,10/17/2027,1542,Nonresidential Construction,N,,,,,,,,,,,
Tidal Wave Auto Spa - 4734 North Kickapoo Ave,Project Builders Inc,4734 North Kickapoo Ave,Shawnee,OK,74804,Pottawatomie,35.380551,-96.93051,OKR1036446,4/2/2025,10/17/2027,1542,Nonresidential Construction,N,,,,,,,,,,,
Highland Village,Justin Rhodes Homes LLC,8612 S Walker Ave,Oklahoma City,OK,73139,Oklahoma,35.3806,-97.5194,OKR1037670,4/30/2026,10/17/2027,1521,Single-Family Housing Construction,N,,,,,,,,,,,
Loves Travel Stop & Country Store 219,Loves Travel Stop & Country Store,11268 OK-99,Seminole,OK,74868,Seminole,35.3817,-96.671,OKR1036013,1/2/2025,10/17/2027,1542,Nonresidential Construction,N,,,,,,,,,,,
Liberty Villas,Liberty Villas LLC,.3 miles N of SE 89th Street & W of S Air Depot Blvd,Oklahoma City,OK,73135,Oklahoma,35.3819444,-97.4091667,OKR1037434,2/25/2026,10/17/2027,1542,Nonresidential Construction,Y,,,,,,,,,,,
Hammer Office,Hammer Construction,8510 S Sunnylane Rd,Oklahoma City,OK,73165,Cleveland,35.3832,-97.4402,OKR1037606,4/6/2026,10/17/2027,1542,Nonresidential Construction,N,,,,,,,,,,,
Mustang High School Expansion,Timberlake Construction,801 S Snyder Dr,Mustang,OK,73064,Canadian,35.38355,-97.7283333,OKR1035386,4/19/2024,10/17/2027,1542,Nonresidential Construction,N,,,,,,,,,,,
Mustang Flex Space,Mustang South LLC,E of S Sara Rd .5 miles N of E SW 89th St,Mustang,OK,73064,Canadian,35.384,-97.7058,OKR1031997,9/18/2023,10/17/2027,1542,Nonresidential Construction,N,,,,,,,,,,,
Wild Horse Canyon,D.R. Horton - Texas Ltd,0.3 mi east of Sara Rd .5 miles S of SW 74th St/Hwy 152,Mustang,OK,73064,Canadian,35.38401,-97.70133,OKR1036239,1/21/2025,10/17/2027,1521,Single-Family Housing Construction,N,,,,,,,,,,,
ODOT JP 26422 05 and ODOT JP 21007 07,Sherwood Construction Co,.75 miles west of I-40  and Harrah Road Interchange OK Co,McCloud,OK,74851,Oklahoma,35.384167,-97.138472,OKR1038058,8/27/2026,10/17/2027,1611,Highway And Street Construction,N,,,,,,,,,,,
Red Barn Acres,Jacks Properties LLC,.3 mi west of S Morgan Rd and .6 mi north of SW 89th St,Mustang,OK,73064,Canadian,35.3854778,-97.6940083,OKR1037061,10/14/2025,10/17/2027,1521,Single-Family Housing Construction,N,,,,,,,,,,,
Sunnyvale Estates Phase 1,Best Choice Homes LLC,West of Sunnylane Road .5 miles N of SE 89th St,Oklahoma City,OK,73135,Oklahoma,35.38567,-97.4416,OKR1034187,4/7/2023,10/17/2027,1521,Single-Family Housing Construction,N,,,,,,,,,,,
Pratt & Whitney Oklahoma City Sustainment Center P&W OCSC,Seefried Industrial Properties,8200 S Air Depot Blvd,Oklahoma City,OK,73135,Oklahoma,35.3857866,-97.3986379,OKR1033979,2/15/2023,10/17/2027,1541,Industrial Buildings And Warehouses,N,,,,,,,,,,,
Pratt & Whitney Oklahoma City Sustainment Center P&W OCSC,Seefried Industrial Properties,8200 S Air Depot Blvd,Oklahoma City,OK,73135,Oklahoma,35.3857866,-97.3986379,OKR1033979,2/15/2023,10/17/2027,1542,Nonresidential Construction,N,,,,,,,,,,,
Spitler Lake Estates Section 4,Ellison Investments LLC,Approx .30 mi S of SW 74th St  .25 mi E of Frisco Rd,Mustang,OK,73064,Canadian,35.3863,-97.7726,OKR1032019,5/15/2023,10/17/2027,1521,Single-Family Housing Construction,N,,,,,,,,,,,
OnCue 144,OnCue Marketing LLC,7901 S Peebly Road,Oklahoma City,OK,73020,Oklahoma,35.3866667,-97.2144444,OKR1035426,5/3/2024,10/17/2027,1542,Nonresidential Construction,N,,,,,,,,,,,
Motel Demolition - Former Regency Inn and Suites,City of Elk City,102 Hughes Access Rd,Elk City,OK,73644,Beckham,35.386667,-99.398333,OKR1037439,2/19/2026,10/17/2027,1542,Nonresidential Construction,N,,,,,,,,,,,
Home2 Suites,3DS Lodging LLC,.2 mi north of I 40 east of N Harrison St,Shawnee,OK,74804,Pottawatomie,35.386787,-96.911739,OKR1035916,10/4/2024,10/17/2027,1542,Nonresidential Construction,N,,,,,,,,,,,
Meadow Hills Estates,DAP Ventures,E of S Lewis Ln .3 miles S of E Hwy 152/SW 74th St,Mustang,OK,73064,Canadian,35.3871,-97.7221,OKR1036195,1/8/2025,10/17/2027,1521,Single-Family Housing Construction,N,,,,,,,,,,,
Thunderbird Business Center,DEMCO LLC,720 S Sara Rd,Mustang,OK,73064,Canadian,35.3871111,-97.7050556,OKR1030368,8/30/2023,10/17/2027,1542,Nonresidential Construction,N,,,,,,,,,,,
Deerfield West Section 2,Ridgedale Land Inc,.3 miles S of SE 74th St and Leoma Ln,Oklahoma City,OK,73150,Oklahoma,35.3871306,-97.2807111,OKR1028943,10/23/2023,10/17/2027,1522,Residential Construction,Y,,,,,,,,,,,
OK 577,OK 577 LLC,Approx .25mi S of I-240 E side of S Eastern Ave,Oklahoma City,OK,73129,Oklahoma,35.3873,-97.477,OKR1033816,1/19/2023,10/17/2027,1611,Highway And Street Construction,N,,,,,,,,,,,
Sunnyvale Estates Phase 2,Best Choice Homes LLC,I-240 Service Rd and Sunnylane Rd,Oklahoma City,OK,73135,Oklahoma,35.3875,-97.4472222,OKR1037914,7/1/2026,10/17/2027,1611,Highway And Street Construction,N,,,,,,,,,,,
Prairie 74,TAF Construction,South of SW 74th St .3 mi east of S Council Rd,Oklahoma City,OK,73169,Oklahoma,35.3875444,-97.648525,OKR1037358,2/3/2026,10/17/2027,1542,Nonresidential Construction,N,,,,,,,,,,,
OK 577 Boulevard Spine Road Phase II,OK 577 LLC,Begin on S Bryant Ave.5 miles S of I-240 ext .8 miles S then,Oklahoma City,OK,73129,Oklahoma,35.3877,-97.4701,OKR1034225,6/21/2023,10/17/2027,1611,Highway And Street Construction,N,,,,,,,,,,,
Wel Trucking,Todd Martin,510 S Industrial Ln,Mustang,OK,73064,Canadian,35.3885361,-97.6989833,OKR1036473,4/2/2025,10/17/2027,1542,Nonresidential Construction,N,,,,,,,,,,,
Sterling 3 North Canadian River Erosion Project,ONEOK NGL Pipeline LLC,Along the east side of the railroad tracks from south of,Dale,OK,74851,Pottawatomie,35.38873,-97.041404,OKR1033084,7/28/2023,10/17/2027,1542,Nonresidential Construction,N,,,,,,,,,,,
DEERFIELD WEST,Dale Shumway,14217 SE 76th Pl,Oklahoma City,OK,73150,Oklahoma,35.388736,-97.278075,OKR105570,11/6/2023,10/17/2027,,,Y,,,,,,,,,,,
Mid America Office Park,Vertical Construction,7919 Mid America Blvd,Oklahoma City,OK,73135,Oklahoma,35.3887528,-97.4139472,OKR1037314,12/31/2025,10/17/2027,1542,Nonresidential Construction,N,,,,,,,,,,,
OK 577 Frontage Road to be added to original OK 577,OK 577 LLC,Directly S of Interstate 240 btwn Eastern Ave and Bryant Ave,Oklahoma City,OK,73129,Oklahoma,35.38966,-97.47658,OKR1034224,6/21/2023,10/17/2027,1611,Highway And Street Construction,N,,,,,,,,,,,
Reign Athletics,Calm Construction,600 E. Highway 152,Mustang,OK,73064,Canadian,35.390123,-97.71394,OKR1036625,5/23/2025,10/17/2027,1541,Industrial Buildings And Warehouses,N,,,,,,,,,,,
Redbud Villas,Beacon Leasing LLC,8200 SW 74th St,Oklahoma City,OK,73169,Oklahoma,35.3905556,-97.6583333,OKR1032796,1/8/2024,10/17/2027,1522,Residential Construction,N,,,,,,,,,,,
OK 577 Tract 1,OK 577 LLC,South of & Adj to I-240 frontage road east of Eastern Ave,Oklahoma City,OK,73129,Oklahoma,35.3908,-97.4736,OKR1035229,3/5/2024,10/17/2027,1542,Nonresidential Construction,N,,,,,,,,,,,
Cypress Forest,Les Chateaux LLC,South of SE 74th St .3 mi east of S Hiwassee Rd,Oklahoma City,OK,73150,Oklahoma,35.391012,-97.294546,OKR1037144,11/18/2025,10/17/2027,1521,Single-Family Housing Construction,Y,,,,,,,,,,,
Cypress Forest,Les Chateaux LLC,South of SE 74th St .3 mi east of S Hiwassee Rd,Oklahoma City,OK,73150,Oklahoma,35.391012,-97.294546,OKR1037144,11/18/2025,10/17/2027,1611,Highway And Street Construction,Y,,,,,,,,,,,
Mustang Townhomes,Mustang Townhomes LLC,950 W State Highway 152,Mustang,OK,73064,Canadian,35.3911111,-97.7438889,OKR1033990,2/15/2023,10/17/2027,1542,Nonresidential Construction,N,,,,,,,,,,,
Tommys Express Car Wash,RRC Washes LLC,432 E State Highway 152,Mustang,OK,73064,Canadian,35.3911111,-97.7163889,OKR1033962,1/30/2023,10/17/2027,1542,Nonresidential Construction,N,,,,,,,,,,,
ODOT JP 27901 04 & ODOT JP 27901 09,TJ CAMPBELL CONSTRUCTION CO,SH-152 from Cemetery Rd in Mustang,Mustang,OK,73099,Canadian,35.391667,-97.805278,OKR1035075,1/17/2024,10/17/2027,1542,Nonresidential Construction,N,,,,,,,,,,,
PC-0926 WC-1023 Post Road Widening and Waterline Relocation,Rudy Construction Company,Along S Post Rd from SE 59th St to SE 74th St and west to,Oklahoma City,OK,73150,Oklahoma,35.391722,-97.353202,OKR1035552,6/7/2024,10/17/2027,1542,Nonresidential Construction,Y,,,,,,,,,,,
ODOT JP 09032 05,Allen Contracting Inc,I-35 from SE 82nd St ext .7 miles N I-240 begin .1 miles W,Oklahoma City,OK,73149,Oklahoma,35.3917778,-97.495075,OKR1034061,2/27/2023,10/17/2027,1611,Highway And Street Construction,N,,,,,,,,,,,
Panda Express D24283,Panda Express Inc,N of Hwy 152 .2 miles W of N Hunker Terrace,Mustang,OK,73064,Canadian,35.391983,-97.700328,OKR1034201,4/17/2023,10/17/2027,1542,Nonresidential Construction,N,,,,,,,,,,,
74th ST Lots,"Hog Creek Homes, LLC",11825 SE 74th St and 11901 SE 74th St,Oklahoma City,OK,73150,Oklahoma,35.3924526,-97.3199295,OKR1037881,6/15/2026,10/17/2027,1521,Single-Family Housing Construction,N,,,,,,,,,,,
I-240 Warehouse Bldg,"Falcon Construction, LLC",3701 E I-240 Svc Rd,Oklahoma City,OK,73135,Oklahoma,35.392525,-97.4493472,OKR1037930,7/24/2026,10/17/2027,1542,Nonresidential Construction,N,,,,,,,,,,,
Sunnylane Boat and RV Storage,Big Guy Properties,3701 E I-240 Service Rd,Oklahoma City,OK,73129,Oklahoma,35.3925417,-97.449075,OKR1035187,3/11/2024,10/17/2027,1542,Nonresidential Construction,N,,,,,,,,,,,
Carmax Store Number 4047,Carmax Auto Superstores Inc,3501 E I-240 Service Road,Oklahoma City,OK,73129,Oklahoma,35.3926167,-97.4512917,OKR1034827,10/12/2023,10/17/2027,1542,Nonresidential Construction,N,,,,,,,,,,,
PV System Quesada Dr West,Mike Bradsher,North of SW 74th St in between S Regina Ave and Quesada Dr,Oklahoma City,OK,73169,Oklahoma,35.392675,-97.626432,OKR1034786,9/28/2023,10/17/2027,1611,Highway And Street Construction,N,,,,,,,,,,,
OCAT 2534 Taxilane G-2 and A,Rudy Construction Co,7100 Terminal Drive,Oklahoma City,OK,73159,Oklahoma,35.3926829,-97.5812136,OKR1037810,6/26/2026,10/17/2027,1542,Nonresidential Construction,N,,,,,,,,,,,
KMP Structural Buildings LLC,KMP Structural Buildings LLC,North of SW 74th St .2 mi west of S Rockwell Ave,Oklahoma City,OK,73169,Oklahoma,35.392742,-97.640814,OKR1034034,2/24/2023,10/17/2027,1542,Nonresidential Construction,N,,,,,,,,,,,
The Patriot,Gardner Tannenbaum,S. Sunnylane Road and I-240,Oklahoma City,OK,73135,Oklahoma,35.39275,-97.4352222,OKR1037903,6/24/2026,10/17/2027,1522,Residential Construction,N,,,,,,,,,,,
Tom Morgan Truck & Trailer,Truck N Trailer,Northeast of I 240 Service Road and Eastern Ave,Oklahoma City,OK,73129,Oklahoma,35.3927778,-97.4677778,OKR1028898,5/23/2023,10/17/2027,1542,Nonresidential Construction,N,,,,,,,,,,,
Mustang Marketplace,Linear Homes,North of E SH 152 and west of N Hunker Ter,Oklahoma City,OK,73064,Canadian,35.3927861,-97.699725,OKR1033724,11/4/2022,10/17/2027,1542,Nonresidential Construction,N,,,,,,,,,,,
Mustang Flex - Sara Rd,Ashton Gray,West of S Sara Rd .1 mi north of E SH 152,Mustang,OK,73064,Canadian,35.3930194,-97.7074806,OKR1036390,4/21/2025,10/17/2027,1542,Nonresidential Construction,N,,,,,,,,,,,
Setenta Grove,Les Chateaux LLC,Northwest of SE 74th St and S Anderson Rd,Oklahoma City,OK,73150,Oklahoma,35.3930556,-97.3202778,OKR1032428,5/2/2023,10/17/2027,1542,Nonresidential Construction,N,,,,,,,,,,,
Wal-Mart 517-251,MYCON General Contractors,951 E State Hwy 152,Mustang,OK,73064,Canadian,35.3933611,-97.7041472,OKR1032415,10/19/2023,10/17/2027,1542,Nonresidential Construction,N,,,,,,,,,,,
Mustang Retail Center,"Hwy 152 Marketplace, LLC",North of E SH 152 and west of Hunker Terrace,Mustang,OK,73064,Canadian,35.393475,-97.6993722,OKR1037936,7/7/2026,10/17/2027,1542,Nonresidential Construction,N,,,,,,,,,,,
Clear Springs Senior Independent Living,JJC Mustang LLC,1617 N Clear Springs Pkwy,Mustang,OK,73064,Canadian,35.3935056,-97.759325,OKR1037125,11/19/2025,10/17/2027,1521,Single-Family Housing Construction,N,,,,,,,,,,,
Shields Plaza,"Shields Plaza, LLC",7401 S Shield Boulevard,Oklahoma City,OK,73149,Oklahoma,35.3937531,-97.5095074,OKR1038042,8/17/2026,10/17/2027,,,N,,,,,,,,,,,
Sauerwald,SWM & Sons,18515 SE 74th St,Newalla,OK,74857,Oklahoma,35.39381,-97.20333,OKR1037359,3/17/2026,10/17/2027,1521,Single-Family Housing Construction,N,,,,,,,,,,,
WRIA Reconstruct Terminal Apron Phase II,Rudy Construction Co,7100 Terminal Dr,Oklahoma City,OK,73179,Oklahoma,35.394542,-97.595948,OKR1037000,10/13/2025,10/17/2027,1542,Nonresidential Construction,N,,,,,,,,,,,
Astoria Creek Apartments Phase 1,Astoria Creek LLC,.2 mi north of E I240 Serv Rd .24 mi east of S Walker Ave,Oklahoma City,OK,73139,Oklahoma,35.39486,-97.516844,OKR1037040,10/21/2025,10/17/2027,1521,Single-Family Housing Construction,N,,,,,,,,,,,
FAA Mike Monroney Aeronautical Center MMAC PV Array 2,Prairie Construction & Excavation,6500 S Macarthur Blvd,Oklahoma City,OK,73169,Oklahoma,35.3950934,-97.6268508,OKR1037319,12/31/2025,10/17/2027,1542,Nonresidential Construction,N,,,,,,,,,,,
Freedom OKC,"Miller-Tippens Construction, LLC",6615 S Portland Ave,Oklahoma City,OK,73159,Oklahoma,35.395339,-97.579158,OKR1037519,3/16/2026,10/17/2027,1542,Nonresidential Construction,N,,,,,,,,,,,
Livewire Holdings New Building,Livewire Holdings LLC,6917 S Air Depot Blvd,Oklahoma City,OK,73135,Oklahoma,35.395744,-97.4122222,OKR1034472,6/19/2023,10/17/2027,1542,Nonresidential Construction,N,,,,,,,,,,,
Heritage Plains Addition,JC Woods Investments LLC,W of N Kickapoo St .7 miles S of Garretts Lake Rd,Shawnee,OK,74804,Pottawatomie,35.3957482,-96.9324521,OKR1034273,5/10/2023,10/17/2027,1522,Residential Construction,N,,,,,,,,,,,
East Side Free Will Baptist Church,Beshears Construction Inc,1302 South Main St,Muldrow,OK,74948,Sequoyah,35.39605,-94.59955,OKR1037023,10/1/2025,10/17/2027,1542,Nonresidential Construction,N,,,,,,,,,,,
B9201 Software Integration Lab,B.L. Harbert International LLC,S Air Depot Blvd Bldg. 9201,Oklahoma City,OK,73145,Oklahoma,35.3962251,-97.3969708,OKR1037642,4/16/2026,10/17/2027,1541,Industrial Buildings And Warehouses,N,,,,,,,,,,,
Hunters Hill Section 5,Manco Enterprises LLC,0.3 mi north of W SH 152 and 0.4 mi W of N Clear Springs Rd,Mustang,OK,73064,Canadian,35.396364,-97.766725,OKR1033725,11/21/2022,10/17/2027,1542,Nonresidential Construction,N,,,,,,,,,,,
Commercial Vehicle Inspection Facility,"SGS, LLC","East of S Air Depot Blvd, 0.5 mi north of Hwy 77",Oklahoma City,OK,73135,Oklahoma,35.396473,-97.4045686,OKR1033770,12/8/2022,10/17/2027,,,N,,,,,,,,,,,
B9201 Parking Lot,Gideon Contracting LLC,Bldg. 9201,Tinker AFB,OK,73135,Oklahoma,35.3971105,-97.3968601,OKR1036511,4/14/2025,10/17/2027,1611,Highway And Street Construction,N,,,,,,,,,,,
Rockwell Heights Industrial,JOBO LLC,SW74th & S Rockwell Ave,Oklahoma City,OK,73169,Oklahoma,35.39712,-97.63657,OKR1027756,4/17/2023,10/17/2027,1542,Nonresidential Construction,N,,,,,,,,,,,
KC46-A Pavements,Harper Construction Company Inc,6800 S Air Depot Blvd,Tinker AFB,OK,73135,Oklahoma,35.397273,-97.3886133,OKR1036261,2/20/2025,10/17/2027,1542,Nonresidential Construction,N,,,,,,,,,,,
Trails End Section 1,Live Orange LLC,E of N Kickapoo St .5 miles S of Garretts Lake Rd,Shawnee,OK,74804,Pottawatomie,35.3973,-96.9275,OKR1031987,1/8/2024,10/17/2027,1521,Single-Family Housing Construction,N,,,,,,,,,,,
Oklahoma City Public Schools - Jefferson Middle School,Timberlake Construction,6800 South Blackwelder Avenue,Oklahoma City,OK,73139,Oklahoma,35.397323,-97.538904,OKR1036345,2/25/2025,10/17/2027,1542,Nonresidential Construction,N,,,,,,,,,,,
Lee Storage,Lee Storage LLC,West of N Clear Springs Rd and .3 mi north of W SH 152,Mustang,OK,73064,Canadian,35.3975472,-97.7608278,OKR1035692,8/2/2024,10/17/2027,1542,Nonresidential Construction,N,,,,,,,,,,,
Summit Land & Development - Summit Land & Dev,Summit Land & Development,Extending Prairie Ridge Ct and utility install .5 mi north,Shawnee,OK,74804,Pottawatomie,35.397565,-97.013283,OKR1035960,10/11/2024,10/17/2027,1521,Single-Family Housing Construction,N,,,,,,,,,,,
Will Rogers International Airport Parking Garage,Lingo Construction,6800 Terminal Drive,Oklahoma City,OK,73159,Oklahoma,35.3980611,-97.5928444,OKR1038052,8/10/2026,10/17/2027,1542,Nonresidential Construction,N,,,,,,,,,,,
KC-46A Kitting Facility,Diversified Construction,.4 mi north of SE 74th St .1 mi west of S Midwest Blvd,Tinker AFB,OK,73135,Oklahoma,35.3982898,-97.3908101,OKR1036184,1/13/2025,10/17/2027,1541,Industrial Buildings And Warehouses,N,,,,,,,,,,,
Soil Storage Facility,Central Bridge Company,3330 SE 67th St,Oklahoma City,OK,73135,Oklahoma,35.39866,-97.452738,OKR1035471,5/14/2024,10/17/2027,1542,Nonresidential Construction,N,,,,,,,,,,,
General Motors Substation,Oklahoma Gas & Electric,.75 mi east of S Air Depot Blvd 1 mi north of SE 74th St,Oklahoma City,OK,73135,Oklahoma,35.3986667,-97.395,OKR1035496,5/13/2024,10/17/2027,1542,Nonresidential Construction,N,,,,,,,,,,,
WRWA Rehab AAR Ramp,Rudy Construction Co,7100 Terminal Dr,Oklahoma City,OK,73179,Oklahoma,35.399176,-97.603481,OKR1036853,8/19/2025,10/17/2027,1542,Nonresidential Construction,N,,,,,,,,,,,
KC-46A 2 Bay PDM Hangar,Harper Construction Company Inc,6800 S Air Depot Blvd,Tinker AFB,OK,73135,Oklahoma,35.3994545,-97.3959184,OKR1036439,3/20/2025,10/17/2027,1542,Nonresidential Construction,N,,,,,,,,,,,
Magnolia Trace Phase 5,Cury Development LP,.4 miles S of SW 59th and .4 miles W of Czech Hall Rd,Mustang,OK,73064,Canadian,35.3999167,-97.7482778,OKR1022406,7/16/2023,10/17/2027,1521,Single-Family Housing Construction,N,,,,,,,,,,,
SE 67th Data Center,2040 Energy,.4 mi south of SE 59th St .3 mi east of S Bryant Ave,Oklahoma City,OK,73135,Oklahoma,35.400385,-97.452585,OKR1035918,10/10/2024,10/17/2027,1542,Nonresidential Construction,N,,,,,,,,,,,
PC-0602 Reconstruct - repair and improve Harrah Rd btwn I40 and city limits,TJ Campbell Construction Company,On S Harrah Rd from north of I40 ext north 1.75 mi,Harrah,OK,74857,Oklahoma,35.4009694,-97.1597278,OKR1036986,11/4/2025,10/17/2027,1611,Highway And Street Construction,N,,,,,,,,,,,
Covell Ranch Phase 2 - Rausch Coleman,Rausch Coleman Homes OKC LLC,northeast corner of Air Depot Blvd and Danforth Rd,Edmond,OK,73034,Oklahoma,35.401,-97.241,OKR1033452,11/9/2023,10/17/2027,1522,Residential Construction,N,,,,,,,,,,,
V-PAR,Maguire O'Hara Construction LLC,NE Intersection of McLucas St and Shaffer St,Oklahoma City,OK,73105,Oklahoma,35.401056,-97.631906,OKR1037792,6/1/2026,10/17/2027,1542,Nonresidential Construction,N,,,,,,,,,,,
Midwest Scrap Management - 5200 SE 59th St,Midwest Scrap Management,5200 SE 59th St. 0.3 mi south of SE 59th St & 0.4 mi west of,Oklahoma City,OK,73135,Oklahoma,35.40167,-97.43083,OKR1034124,3/15/2023,10/17/2027,,,N,,,,,,,,,,,
Midwest Scrap Managment,Midwest Scrap Management,5200 SE 59TH ST,Oklahoma City,OK,73135,Oklahoma,35.40222,-97.42888,OKR1034370,5/26/2023,10/17/2027,1542,Nonresidential Construction,N,,,,,,,,,,,
Newalla Church of Christ,Reed Hamman,20811 Katy Ave,Newalla,OK,74857,Oklahoma,35.4024486,-97.1618843,OKR1036614,5/22/2025,10/17/2027,1542,Nonresidential Construction,N,,,,,,,,,,,
Soil Disposal CAMI Wind and Waves,Flintco Construction,.3 mi south of SW 59th St .1 mi east of S Rockwell Ave,Oklahoma City,OK,73169,Oklahoma,35.4025556,-97.6348889,OKR1032970,5/15/2023,10/17/2027,1542,Nonresidential Construction,N,,,,,,,,,,,
Shiloh Multifamily,Elmington Construction LLC,6401 Shiloh Blvd,Oklahoma City,OK,73179,Oklahoma,35.403,-97.6633,OKR1036835,8/26/2025,10/17/2027,1521,Single-Family Housing Construction,N,,,,,,,,,,,
RamJack Office - South Tract,American Leveling Co,6225 Shiloh Blvd,Oklahoma City,OK,73179,Oklahoma,35.4040278,-97.6638889,OKR1034002,2/10/2023,10/17/2027,1542,Nonresidential Construction,N,,,,,,,,,,,
Quik Trip 7016,Quik Trip Corporation,101 4770 Road,Roland,OK,74954,Sequoyah,35.4041047,-94.5299717,OKR1037741,5/20/2026,10/17/2027,1542,Nonresidential Construction,N,,,,,,,,,,,
10th Flight Test Squadron Operations Facilities Tinker AFB,National Native American Construction Inc,Tinker Air Force Base,Tinker AFB,OK,73150,Oklahoma,35.4043806,-97.3607361,OKR1035675,7/18/2024,10/17/2027,1542,Nonresidential Construction,N,,,,,,,,,,,
Oklahoma City Airport Trust - Hangar 4 & New Fuel Workshop,JE Dunn Construction,6131 & 6135 S Meridian Avenue,Oklahoma City,OK,73179,Oklahoma,35.4044,-97.6017,OKR1035302,4/3/2024,10/17/2027,1542,Nonresidential Construction,N,,,,,,,,,,,
Magnolia Trace Phase 6,Cury Development LP,SW Corner of SW 59th and Czech Hall Rd,Mustang,OK,73064,Canadian,35.405,-97.7438889,OKR1023658,8/27/2024,10/17/2027,1521,Single-Family Housing Construction,N,,,,,,,,,,,
Big Country Lawns,Big Country Lawns,6050 S Harrah Rd,Newalla,OK,74857,Oklahoma,35.4053,-97.1594,OKR1031947,6/20/2023,10/17/2027,1542,Nonresidential Construction,N,,,,,,,,,,,
Construct Hangars,Sagemill Construction LLC,South of E 1110 Rd .2 mi west of Hwy 27,Okemah,OK,74859,Okfuskee,35.405352,-96.303614,OKR1036606,8/27/2025,10/17/2027,1542,Nonresidential Construction,N,,,,,,,,,,,
Oneblock - SE 59th Street,Evolve,SW corner of Southeast 59th Street and Bryant Avenue,Oklahoma City,OK,73129,Oklahoma,35.4054,-97.4614,OKR1032804,8/27/2024,10/17/2027,1542,Nonresidential Construction,N,,,,,,,,,,,
Northside Wastewater Treatment Plant,Downey Contracting LLC,43100 Garrett's Lake Rd,Shawnee,OK,74804,Pottawatomie,35.405531,-96.892831,OKR1033831,12/23/2022,10/17/2027,1542,Nonresidential Construction,N,,,,,,,,,,,
Northside Wastewater Treatment Plant,Downey Contracting LLC,43100 Garrett's Lake Rd,Shawnee,OK,74804,Pottawatomie,35.405531,-96.892831,OKR1033831,12/23/2022,10/17/2027,4952,Sewerage Systems,N,,,,,,,,,,,
Northside Wastewater Treatment Plant,Downey Contracting LLC,43100 Garrett's Lake Rd,Shawnee,OK,74804,Pottawatomie,35.405531,-96.892831,OKR1033831,12/23/2022,10/17/2027,1021,Copper Ores,N,,,,,,,,,,,
AST Horseshoe Bend After School Program Building,Absentee Shawnee Tribe of Indians of Oklahoma,46309 Garretts Lake Road,Shawnee,OK,74804,Pottawatomie,35.40583,-96.834385,OKR1035097,2/5/2024,10/17/2027,1542,Nonresidential Construction,N,,,,,,,,,,,
ODOT JP 34914 04,Silver Star Construction Company Inc,On SW 59th St from S Pennsylvania Ave to and onto SW 54th St,Oklahoma City,OK,73119,Oklahoma,35.4061333,-97.5666667,OKR1035672,7/17/2024,10/17/2027,1611,Highway And Street Construction,N,,,,,,,,,,,
ODOT JP 34912 04,Silver Star Construction Company Inc,On SW 59th St from S Pennsylvania Ave to S High Ave,Oklahoma City,OK,73159,Oklahoma,35.4062278,-97.5213056,OKR1035673,7/18/2024,10/17/2027,1611,Highway And Street Construction,N,,,,,,,,,,,
Whispering Creek Phase 3,R&R Land Development LLC,NE corner of SW 59th St and S County Line Rd,Oklahoma City,OK,73179,Oklahoma,35.406498,-97.671129,OKR1033937,1/26/2023,10/17/2027,6552,Subdividers And Developers,N,,,,,,,,,,,
New Life Assembly,PCC Builds,4121 SE 59th St,Oklahoma City,OK,73135,Oklahoma,35.4066056,-97.4448583,OKR1036841,8/14/2025,10/17/2027,1542,Nonresidential Construction,N,,,,,,,,,,,
Shawnee Mini-Storage,"Davis Land Company, LLC",36936 Garretts Lake Rd,Mcloud,OK,74851,Pottawatomie,35.4066586,-97.0020935,OKR1036029,11/4/2024,10/17/2027,1542,Nonresidential Construction,N,,,,,,,,,,,
"7-Eleven Mustang, OK","VRE Mustang, LLC",11365 SW 59th St,Mustang,OK,73064,Canadian,35.406742,-97.724059,OKR1033772,12/9/2022,10/17/2027,1542,Nonresidential Construction,N,,,,,,,,,,,
EnviroDispose,Platinum Property Investments LLC,.1 mi east of S Byers Ave north of SE 59th St,Oklahoma City,OK,73129,Oklahoma,35.4069,-97.5026,OKR1035142,2/6/2024,10/17/2027,1541,Industrial Buildings And Warehouses,N,,,,,,,,,,,
OCCHD Southwest OKC Drive-Thru,Oklahoma City-County Health Department,5900 S May Avenue,Oklahoma City,OK,73119,Oklahoma,35.4069444,-97.5647222,OKR1034075,3/6/2023,10/17/2027,1542,Nonresidential Construction,N,,,,,,,,,,,
Arrowood Mobile Home Park,Stonetown Arrowwood LLC,2401 SE 59th St,Oklahoma City,OK,73129,Oklahoma,35.4069444,-97.4708333,OKR1037518,3/3/2026,10/17/2027,6552,Subdividers And Developers,N,,,,,,,,,,,
Elk City Retail Center,SRH Commercial,2100 E 7TH ST,Elk City,OK,73644,Beckham,35.4071,-99.379,OKR1034322,5/24/2023,10/17/2027,1542,Nonresidential Construction,N,,,,,,,,,,,
Elk City Foam Wash,Wagon Creek Holdings LLC,2100 E 7th St,Elk City,OK,73644,Beckham,35.4071111,-99.378811,OKR1034953,12/7/2023,10/17/2027,1542,Nonresidential Construction,N,,,,,,,,,,,
The T,Express Development Inc,3925 SE 59th St,Oklahoma City,OK,73135,Oklahoma,35.40735,-97.44874,OKR1032657,6/12/2023,10/17/2027,1521,Single-Family Housing Construction,N,,,,,,,,,,,
Ledgestone Development,Ledgestone Holdings LLC,Northwest corner of SW 59th St and Mustang Rd,Oklahoma City,OK,73064,Canadian,35.4075639,-97.7259417,OKR1036457,4/2/2025,10/17/2027,1542,Nonresidential Construction,N,,,,,,,,,,,
ODOT JP 38096 04,TJ Campbell Construction,Eastern Ave and SE 59th St,Oklahoma City,OK,73129,Oklahoma,35.4077714,-97.476823,OKR1037778,6/25/2026,10/17/2027,1542,Nonresidential Construction,N,,,,,,,,,,,
Wild Horse Ranch III,Redcliff Development LP,NE corner of S Mustang Rd and SW 59th Street,Oklahoma City,OK,73064,Canadian,35.408297,-97.72289,OKR1035115,1/29/2024,10/17/2027,1542,Nonresidential Construction,N,,,,,,,,,,,
Frisco Park,Premium Land LLC,.2 miles N of SW 59th Street and .4 miles W of S Frisco Road,Oklahoma City,OK,73099,Canadian,35.4083333,-97.7843333,OKR1036551,4/30/2025,10/17/2027,1521,Single-Family Housing Construction,N,,,,,,,,,,,
Whispering Creek Phase 2,R & R Land Development Company LLC,NE of SW 59th St and S County Line Rd,Oklahoma City,OK,73179,Oklahoma,35.4084306,-97.6696944,OKR1027714,6/12/2023,10/17/2027,1522,Residential Construction,N,,,,,,,,,,,
The Canyons Phase 2,Bixby Canyons Development LLC,.2 mi north of E SW 59th St .4 mi east of S Sara Rd,Oklahoma City,OK,73064,Canadian,35.40847,-97.700313,OKR1032564,3/16/2023,10/17/2027,1521,Single-Family Housing Construction,N,,,,,,,,,,,
ODOT JP 32882 08,Allen Contracting Inc,On SH-152 from S Meridian Ave to and onto I44 to SW 74th St,Oklahoma City,OK,73159,Oklahoma,35.410278,-97.578333,OKR1036164,12/20/2024,10/17/2027,1611,Highway And Street Construction,N,,,,,,,,,,,
Hiwassee Ridge,BR Custom Homes,5500 S Hiwassee Road,Choctaw,OK,73020,Oklahoma,35.410668,-97.296328,OKR1035758,8/22/2024,10/17/2027,1522,Residential Construction,Y,,,,,,,,,,,
The Canyons Phase 3,Bixby Canyons Development LLC,.2 mi east of S Sara Rd .3 mi north of E SW 59th St,Oklahoma City,OK,73064,Canadian,35.4112,-97.7021,OKR1036260,2/12/2025,10/17/2027,1521,Single-Family Housing Construction,N,,,,,,,,,,,
Carvana Inspection Center,Kolb Grading LLC,5500 S Rockwell Ave,Oklahoma City,OK,73179,Oklahoma,35.4114,-97.6355,OKR1036541,4/23/2025,10/17/2027,1542,Nonresidential Construction,N,,,,,,,,,,,
WWYK900028A Repair Taxiway D,MOWA Barlovento Joint Venture A,.4 miles W of East Dr 1.2 miles N of Patrol Rd/ Alert Rd,Tinker Afb,OK,73145,Oklahoma,35.411884,-97.380903,OKR1036169,1/21/2025,10/17/2027,1542,Nonresidential Construction,N,,,,,,,,,,,
The Canyons Phase 4,Bixby Canyon Development LLC,.2 miles E of S Sara Rd  .4 miles N of SW 59th St,Oklahoma City,OK,73099,Canadian,35.411926,-97.703514,OKR1037153,11/14/2025,10/17/2027,1522,Residential Construction,N,,,,,,,,,,,
Cottonwood Estates - OKC,Cottonwood Group LLC,.5 mi north of SW 59th St west of S County Line Road,Oklahoma City,OK,73179,Oklahoma,35.414,-97.671,OKR1033172,9/5/2023,10/17/2027,1521,Single-Family Housing Construction,N,,,,,,,,,,,
Babol Apartments,BG Roofing and Construction LLC,5101 S County Line,Oklahoma City,OK,73064,Canadian,35.4141213,-97.6728923,OKR1033892,1/13/2023,10/17/2027,1522,Residential Construction,N,,,,,,,,,,,
Canyon Ridge Estates Section,A&T Development Inc,South Sara Road between SW44th Street and SW 59th Street,Oklahoma City,OK,73064,Canadian,35.4142556,-97.7054806,OKR1033057,5/8/2023,10/17/2027,1521,Single-Family Housing Construction,N,,,,,,,,,,,
ODOT JP 28992 04 and ODOT JP 31011 05,Allen Contracting Inc,I-40 from S Douglas Blvd interchange to I-240 and I-40,Oklahoma City,OK,73150,Oklahoma,35.4147222,-97.3177778,OKR1033959,1/30/2023,10/17/2027,1611,Highway And Street Construction,N,,,,,,,,,,,
Hobby Lobby Properties - 4901 S Rockwell Ave,Hobby Lobby Corporation,4901 S Rockwell Ave,Oklahoma City,OK,73179,Oklahoma,35.4148,-97.63845,OKR1036210,1/21/2025,10/17/2027,1542,Nonresidential Construction,N,,,,,,,,,,,
US grant STEM Addition,Crossland Construction Company,5016 S Pennsylvania Ave,Oklahoma City,OK,73119,Oklahoma,35.4152274,-97.5451626,OKR1036265,2/3/2025,10/17/2027,1542,Nonresidential Construction,N,,,,,,,,,,,
Asheville - Lot 10 Block 18,DK Homes,15409 SE 50th Terr,Choctaw,OK,73020,Oklahoma,35.415339,-97.258814,OKR1035652,9/13/2024,10/17/2027,1522,Residential Construction,Y,,,,,,,,,,,
Tinker Generating Units Stockpile Removal Project,Oklahoma Gas and Electric Company,9333 SE 49th Street,Oklahoma City,OK,73150,Oklahoma,35.415753,-97.36438,OKR1036787,8/5/2025,10/17/2027,1542,Nonresidential Construction,N,,,,,,,,,,,
Asheville - Lot 7 Block 17,Lilley Signature Homes,5068 Montford Way,Choctaw,OK,73020,Oklahoma,35.415806,-97.256649,OKR1035585,9/12/2024,10/17/2027,1521,Single-Family Housing Construction,N,,,,,,,,,,,
Fieldstone Section 4,Skyridge Homes LLC,E of S County Line Road .3 miles S of SW 44th Street,Oklahoma City,OK,73179,Oklahoma,35.4158333,-97.6683333,OKR1033227,9/17/2024,10/17/2027,1521,Single-Family Housing Construction,N,,,,,,,,,,,
Asheville Phase V,TD Investments LLC,East of S Choctaw Rd .2 mi south of SE 44th St,Oklahoma City,OK,73020,Oklahoma,35.416094,-97.258935,OKR1036526,9/18/2023,10/17/2027,1521,Single-Family Housing Construction,Y,,,,,,,,,,,
Mustang Park Section 2,"Mustang Park Development, LLC",.3 mi south of SW 44th St .4 mi west of S Mustang Rd,Oklahoma City,OK,73064,Canadian,35.4161111,-97.7316667,OKR1032152,6/9/2023,10/17/2027,1542,Nonresidential Construction,N,,,,,,,,,,,
Mustang Park Section 2,"Mustang Park Development, LLC",.3 mi south of SW 44th St .4 mi west of S Mustang Rd,Oklahoma City,OK,73064,Canadian,35.4161111,-97.7316667,OKR1032152,6/9/2023,10/17/2027,6552,Subdividers And Developers,N,,,,,,,,,,,
Tinker Generating Units Stormwater Pond Project,Oklahoma Gas and Electric Company,5204 S Douglas Blvd,Oklahoma City,OK,73150,Oklahoma,35.41622,-97.368609,OKR1036937,9/3/2025,10/17/2027,1542,Nonresidential Construction,N,,,,,,,,,,,
Mustang Lake Section 1,WB Land Investments LLC,NW of S County Line Rd & the John Kilpatrick Tpke. 0.3 mi S,Oklahoma City,OK,73064,Oklahoma,35.4166889,-97.6715667,OKR1033694,11/7/2022,10/17/2027,1521,Single-Family Housing Construction,N,,,,,,,,,,,
GF Plastics Warehouse Expansion,Georg Fischer Central Plastics LLC,South of Wolverine Rd  East of N Kickapoo St,Shawnee,OK,74804,Pottawatomie,35.417049,-96.922222,OKR1034906,11/13/2023,10/17/2027,1541,Industrial Buildings And Warehouses,N,,,,,,,,,,,
ONEGas Shawnee,Miller Tippens Construction,8008 N. Harrison Avenue,Shawnee,OK,74804,Pottawatomie,35.4172083,-96.913375,OKR1038051,8/10/2026,10/17/2027,1542,Nonresidential Construction,N,,,,,,,,,,,
Villas at Cavallo,"WP Land, LLC.",SE of SW 44th Street and S Mustang Rd,Oklahoma City,OK,73064,Canadian,35.4181111,-97.721975,OKR1033520,8/8/2023,10/17/2027,1521,Single-Family Housing Construction,N,,,,,,,,,,,
Barnes Park,TAF Construction,.4 mi south of SW 44th St .1 mi west of S Pennsylvania Ave,Oklahoma City,OK,73119,Oklahoma,35.418475,-97.5509611,OKR1037530,3/9/2026,10/17/2027,1542,Nonresidential Construction,N,,,,,,,,,,,
Oakcliff Shopping Center - Stockpiles,Oak Cliff LLC,4700 S Bryant Ave,Oklahoma City,OK,73135,Oklahoma,35.4186111,-97.4577778,OKR1036564,5/9/2025,10/17/2027,1542,Nonresidential Construction,N,,,,,,,,,,,
4600 Anderson,Evolution Development Group,4600 S ANDERSON RD,Oklahoma City,OK,73150,Oklahoma,35.418889,-97.317222,OKR1034587,8/4/2023,10/17/2027,1542,Nonresidential Construction,N,,,,,,,,,,,
Hobby Lobby FIT Building West Addition,Hobby Lobby Corporation,7720 SW 44th Street,Oklahoma City,OK,73179,Oklahoma,35.4190556,-97.6508889,OKR1035847,9/16/2024,10/17/2027,1542,Nonresidential Construction,N,,,,,,,,,,,
Mustang Park 3,Mustang Park Development LLC,SW of S Mustang Rd and SW 44th St,Oklahoma City,OK,73064,Canadian,35.4202,-97.7292,OKR1037866,6/18/2026,10/17/2027,1521,Single-Family Housing Construction,N,,,,,,,,,,,
Lincoln Landing,Lincoln Landing Development LLC,"South of SE 44th Street, 0.3 Mile E of S Harrah Road",Harrah,OK,74857,Oklahoma,35.4202664,-97.1543084,OKR1032039,6/16/2023,10/17/2027,1521,Single-Family Housing Construction,N,,,,,,,,,,,
44th & County Line Storage,44 Storage LLC,SE corner of SW 44th and County Line Rd,Oklahoma City,OK,73179,Oklahoma,35.4203167,-97.6703556,OKR1035603,7/8/2024,10/17/2027,1542,Nonresidential Construction,N,,,,,,,,,,,
7-Eleven - 4501 S MacArthur Blvd,Vaquero OKC MacArthur Partners LP,4501 S MacArthur Blvd,Oklahoma City,OK,73179,Oklahoma,35.4204387,-97.6190868,OKR1036819,8/12/2025,10/17/2027,1542,Nonresidential Construction,N,,,,,,,,,,,
Prairie Ranch,Rausch Coleman Homes OKC LLC,NEC of N Bryan Rd and Wolverine Rd,Shawnee,OK,74804,Pottawatomie,35.420499,-96.894228,OKR1035883,9/26/2024,10/17/2027,1521,Single-Family Housing Construction,N,,,,,,,,,,,
Mustang Lake Section 2,WB Land Investments LLC,South of SW 44th St and 0.4 mi east of S Morgan Rd. North of,Oklahoma City,OK,73064,Canadian,35.4205306,-97.682425,OKR1033695,11/7/2022,10/17/2027,6552,Subdividers And Developers,N,,,,,,,,,,,
QNC 44th & Sooner,Quick N Clean 10 LLC,5500 SE 44th Street,Oklahoma City,OK,73135,Oklahoma,35.420548,-97.42408,OKR1034995,12/17/2023,10/17/2027,1542,Nonresidential Construction,N,,,,,,,,,,,
MIRABELLA ADDITION,Invest in Edmond LLC,North of SW 44th St & .2 miles East of S Morgan Rd,Oklahoma City,OK,73179,Canadian,35.4205556,-97.685833,OKR108049,6/6/2023,10/17/2027,1521,Single-Family Housing Construction,N,,,,,,,,,,,
Canyon Ridge Offsite Sewer,Scissortail District LP,South of SW 44th St from S Sara Rd ext west .6 mi,Oklahoma City,OK,73064,Canadian,35.4205806,-97.7165639,OKR1034012,2/17/2023,10/17/2027,1542,Nonresidential Construction,N,,,,,,,,,,,
Mustang Park Section 1,"Mustang Park Development, LLC",SW 44th St between Mustang Rd and Czech Hall,Oklahoma City,OK,73064,Canadian,35.4207028,-97.7278444,OKR1028903,6/9/2023,10/17/2027,1521,Single-Family Housing Construction,N,,,,,,,,,,,
Mustang Park Section 1,"Mustang Park Development, LLC",SW 44th St between Mustang Rd and Czech Hall,Oklahoma City,OK,73064,Canadian,35.4207028,-97.7278444,OKR1028903,6/9/2023,10/17/2027,6552,Subdividers And Developers,N,,,,,,,,,,,
Blackberry Ridge - BR Custom Homes,BR Custom Homes,S of SE 44th St .3 miles W of S Hiwassee Rd,Oklahoma City,OK,73150,Oklahoma,35.420763,-97.305218,OKR1034553,8/21/2023,10/17/2027,1522,Residential Construction,N,,,,,,,,,,,
Repair Base Perimeter Spillways Inlets 2 & 3 - Tinker AFB,Waldrop Construction Inc,Site One-1 mi north of SE 59th St east of S Sooner Rd,Tinker Afb,OK,73145,Oklahoma,35.420833,-97.416111,OKR1032716,4/26/2023,10/17/2027,1542,Nonresidential Construction,N,,,,,,,,,,,
Project No PC-0926/WC-1023 Phase 2 Roadway Widening and Waterline Relocation,McKee Utility Contractors LLC,Begin at SE 44th St and S Douglas ext to S Post Rd then S to,Oklahoma City,OK,73150,Oklahoma,35.42095,-97.370517,OKR1036254,2/21/2025,10/17/2027,1611,Highway And Street Construction,N,,,,,,,,,,,
ACD Parking Lot,Advanced Construction Development,5555 SW 44th Street,Oklahoma City,OK,73179,Oklahoma,35.420964,-97.612898,OKR1034152,3/31/2023,10/17/2027,1542,Nonresidential Construction,N,,,,,,,,,,,
Cedar Ridge at Morgan Creek Section 4 - Various,Mirage Homes LLC,North of SW 44th St .2 mi west of S County Line Rd,Mustang,OK,73064,Canadian,35.421188,-97.674506,OKR1034016,2/24/2023,10/17/2027,1521,Single-Family Housing Construction,N,,,,,,,,,,,
Cedar Ridge at Morgan Creek Section 4 - 9360 9208 9225,Vintage Custom Homes LLC,N of SW 44th Street .1 miles W of County Line Rd,Oklahoma City,OK,73064,Canadian,35.421796,-97.673827,OKR1033973,2/7/2023,10/17/2027,1521,Single-Family Housing Construction,N,,,,,,,,,,,
Morgan Glen Phase 1,Ascend Development Group,.1 mi north of SW 44th St .2 mi west of S Morgan Rd,Oklahoma City,OK,73064,Canadian,35.422,-97.693,OKR1032780,5/1/2023,10/17/2027,1521,Single-Family Housing Construction,N,,,,,,,,,,,
ODOT JP 30995 04,J&R Constructors Group LLC,SH-152 in Beckham Co. from SH-30 East 4.1 miles,Sweetwater,OK,73666,Beckham,35.4220917,-99.9066417,OKR1037775,5/19/2026,10/17/2027,1611,Highway And Street Construction,N,,,,,,,,,,,
LA King Warehouse,LA King Co,1900 SE 42nd Street,Oklahoma City,OK,73129,Oklahoma,35.4224507,-97.479022,OKR1035618,7/11/2024,10/17/2027,1542,Nonresidential Construction,N,,,,,,,,,,,
Cedar Ridge - 9332 9328 9324,Rodney D Conant,"9332,9328,9324 SW 42nd",okc,OK,73149,Canadian,35.4227714,-97.6766978,OKR1038097,8/31/2026,10/17/2027,1521,Single-Family Housing Construction,N,,,,,,,,,,,
"Drive, Hobby Lobby 6",Hobby Lobby Corporation,6701 SW 44th Street,Oklahoma City,OK,73179,Oklahoma,35.4227778,-97.6302222,OKR1037912,6/23/2026,10/17/2027,1542,Nonresidential Construction,N,,,,,,,,,,,
Cedar Ridge at Morgan Creek Section 4 - 9308 9312,SR Homes LLC,"9308 & 9312 SW 42nd St, Block 14 Lots 13 & 14",Mustang,OK,73064,Canadian,35.42282,-97.67571,OKR1034015,2/17/2023,10/17/2027,1521,Single-Family Housing Construction,N,,,,,,,,,,,
Cedar Ridge at Morgan Creek Section 4 - American Creative Homes,American Creative Homes LLC,4204 and 4208  Chesterfield Pl,Oklahoma City,OK,73064,Canadian,35.422996,-97.672004,OKR1034050,11/1/2023,10/17/2027,1521,Single-Family Housing Construction,N,,,,,,,,,,,
Cedar Ridge at Morgan Creek Section 4 - 9225 9229 9301,Realtimax Inc,"9212,9225,9229,9301,9305, and 9309 SW 42nd St",Mustang,OK,73064,Canadian,35.423023,-97.675741,OKR1033970,2/24/2023,10/17/2027,1521,Single-Family Housing Construction,N,,,,,,,,,,,
Cedar Ridge at Morgan Creek Section 4 - Beacon 5,Beacon 5 LLC,.2 mi north of SW 44th St .1 mi west of S County Line Rd,Oklahoma City,OK,73064,Canadian,35.4230556,-97.6738889,OKR1032502,5/3/2023,10/17/2027,1522,Residential Construction,N,,,,,,,,,,,
WHPS Bond Projects - Baseball & Softball Fields,Joe D Hall Contractors,8435 SW 44th Street,Oklahoma City,OK,73179,Oklahoma,35.4235056,-97.6579056,OKR1037116,10/29/2025,10/17/2027,1542,Nonresidential Construction,N,,,,,,,,,,,
SE 44th St and Harrah Rd,Dequasie Development LLC,northeast corner of SE 44th St and Harrah Rd,Harrah,OK,73045,Oklahoma,35.4236111,-97.1544444,OKR1029235,8/16/2023,10/17/2027,,,N,,,,,,,,,,,
Morgan Glen Phase 2,Ascend Development Group LLC,.2 mi north of SW 44th St .2 mi west of S Morgan Rd,Oklahoma City,OK,73064,Canadian,35.423803,-97.693191,OKR1034768,9/22/2023,10/17/2027,1522,Residential Construction,N,,,,,,,,,,,
Morgan Glen Phase 2 - Lennar Homes,Lennar Homes of Oklahoma LLC,.3 mi north of SW 44th St .2 mi west of S Morgan Rd,Oklahoma City,OK,73064,Canadian,35.424117,-97.693919,OKR1037102,10/23/2025,10/17/2027,1521,Single-Family Housing Construction,N,,,,,,,,,,,
WWYK150025 Repair AWACS Apron Phase II,MOWA Barlovento Joint Venture A,Tinker Air Force Base  .5 mi north of Turbine Dr .5 mi west,Oklahoma City,OK,73145,Oklahoma,35.4244444,-97.39,OKR1031064,8/31/2023,10/17/2027,1542,Nonresidential Construction,N,,,,,,,,,,,
Montage Section 3 - D.R. Horton - Texas Ltd,D.R. Horton - Texas Ltd,West of S Mustang Rd and SW 40th St,Oklahoma City,OK,73064,Canadian,35.42448,-97.72709,OKR1037189,11/18/2025,10/17/2027,1521,Single-Family Housing Construction,N,,,,,,,,,,,
Tinker AFB Repair W ALC Phase I & II,AECOM,.4 miles east of S Air Depot Blvd and .4 miles south,Oklahoma City,OK,73145,Oklahoma,35.4245833,-97.3989167,OKR1027957,7/15/2023,10/17/2027,1542,Nonresidential Construction,N,,,,,,,,,,,
SWM Lots Huntington Addition,Stan Malaske,4400 Huntington Parkway,Choctaw,OK,73020,Oklahoma,35.4248056,-97.2584722,OKR1021730,9/15/2023,10/17/2027,6552,Subdividers And Developers,N,,,,,,,,,,,
Cedar Ridge at Morgan Creek Sec 5,Vintage Custom Homes LLC,9308 SW 38th St through 9308 SW 39th St,Oklahoma City,OK,73179,Canadian,35.4248783,-97.6765959,OKR1037409,2/9/2026,10/17/2027,1521,Single-Family Housing Construction,N,,,,,,,,,,,
Montage Section 4,Montage OKC LLC,NW of intersection of SW 44th and S Mustang Rd,Oklahoma City,OK,73064,Canadian,35.4250889,-97.7258778,OKR1037363,1/21/2026,10/17/2027,1521,Single-Family Housing Construction,N,,,,,,,,,,,
Montage Section 4,Montage OKC LLC,NW of intersection of SW 44th and S Mustang Rd,Oklahoma City,OK,73064,Canadian,35.4250889,-97.7258778,OKR1037363,1/21/2026,10/17/2027,6552,Subdividers And Developers,N,,,,,,,,,,,
Cedar Ridge - Topmark Homes,Topmark Homes LLC,Cedar Ridge Addition Block 20 Lot 19-41 Block 18 Lot 8-11,Oklahoma City,OK,73179,Oklahoma,35.425266,-97.67581,OKR1037429,2/25/2026,10/17/2027,1521,Single-Family Housing Construction,N,,,,,,,,,,,
Arrow Heights,Les Chateaux LLC,S Henney Road,Midwest City,OK,73130,Oklahoma,35.4252778,-97.2808333,OKR1031980,4/25/2023,10/17/2027,1522,Residential Construction,N,,,,,,,,,,,
New Townsend Elementary,Willowbrook Construction,4000 Epperly Dr,Del City,OK,73115,Oklahoma,35.4255324,-97.4361348,OKR1036616,5/23/2025,10/17/2027,1542,Nonresidential Construction,N,,,,,,,,,,,
Cedar Ridge at Morgan Creek Section 5 - JI Homes LLC,JI Homes LLC,W 39th St and Wedgewood Creek Dr,Oklahoma City,OK,73064,Canadian,35.42585,-97.676867,OKR1037477,2/23/2026,10/17/2027,1521,Single-Family Housing Construction,N,,,,,,,,,,,
Persimmon Valley Phase 1 - Lennar Homes,Lennar Homes of Oklahoma LLC,W of S Luther Rd .4 miles N of SE 44th St,Harrah,OK,72703,Oklahoma,35.425894,-97.196625,OKR1037447,3/3/2026,10/17/2027,1521,Single-Family Housing Construction,N,,,,,,,,,,,
Capitol Hill High School,Flintco LLC,500 SW 36th Street,Oklahoma City,OK,73109,Oklahoma,35.4259056,-97.5243056,OKR1035373,5/14/2024,10/17/2027,1542,Nonresidential Construction,N,,,,,,,,,,,
Persimmon Valley,IH Development LLC,.5 mi north of SE 44th St .1 mi west of S Luther Road,Harrah,OK,74857,Oklahoma,35.426,-97.1972,OKR1033305,7/5/2023,10/17/2027,1521,Single-Family Housing Construction,N,,,,,,,,,,,
Cedar Ridge at Morgan Creek Section 5,CR5 Development LLC,.4 mi north of SW 44th St west of S County Line Rd,Oklahoma City,OK,73064,Canadian,35.4266111,-97.6773444,OKR1035490,5/22/2024,10/17/2027,6552,Subdividers And Developers,N,,,,,,,,,,,
Cedar Ridge at Morgan Creek Section 5,CR5 Development LLC,.4 mi north of SW 44th St west of S County Line Rd,Oklahoma City,OK,73064,Canadian,35.4266111,-97.6773444,OKR1035490,5/22/2024,10/17/2027,1542,Nonresidential Construction,N,,,,,,,,,,,
"Cedar Ridge at Morgan Creek Section 5 - CR5 Development, LLC","CR5 Development, LLC",Northwest of SW 44th St and S County Line Rd,Oklahoma City,OK,73179,Canadian,35.4266111,-97.6773444,OKR1037944,7/7/2026,10/17/2027,6552,Subdividers And Developers,N,,,,,,,,,,,
Huntington,Sycamore Custom Homes,"3915 Huntington Pkwy, Lot 37 Blk 2. 0.2 mi east of",Choctaw,OK,73020,Oklahoma,35.426638,-97.261003,OKR1033810,3/6/2023,10/17/2027,1521,Single-Family Housing Construction,N,,,,,,,,,,,
Morgan Glen Phase 3 - Lennar Homes of Oklahoma LLC,"Lennar Homes of Oklahoma, LLC",4017 Reese Dr,Oklahoma City,OK,73099,Canadian,35.426888,-97.695421,OKR1038076,8/17/2026,10/17/2027,1521,Single-Family Housing Construction,N,,,,,,,,,,,
9317 SW 38th St,Negib Moreno,9317 SW 38th St,Oklahoma City,OK,73064,Canadian,35.426961,-97.676479,OKR1037707,5/4/2026,10/17/2027,1521,Single-Family Housing Construction,N,,,,,,,,,,,
Cedar Ridge - Griffin Homes LLC,Griffin Homes LLC,w of Wedgewood Creek Dr N of SW 40th St,Mustang,OK,73064,Canadian,35.4271785,-97.6771747,OKR1037379,2/9/2026,10/17/2027,1521,Single-Family Housing Construction,N,,,,,,,,,,,
Hobby Lobby Property Along MacArthur Blvd,Hobby Lobby Corporation,South of SW 29th St west of S MacArthur Blvd,Oklahoma City,OK,73179,Oklahoma,35.4272917,-97.6240556,OKR1029627,5/10/2024,10/17/2027,1542,Nonresidential Construction,N,,,,,,,,,,,
Cedar Creek - 9204,Peaceful Homes Construction,9204 SW 37th St,Oklahoma City,OK,73179,Canadian,35.4273306,-97.6748944,OKR1038049,8/12/2026,10/17/2027,1521,Single-Family Housing Construction,N,,,,,,,,,,,
Cedar Ridge - West Bound Homes,West Bound Homes,Bluff Oak Dr on either side of SW 37th St,Mustang,OK,73064,Canadian,35.42735,-97.677074,OKR1037378,1/23/2026,10/17/2027,1521,Single-Family Housing Construction,N,,,,,,,,,,,
Morgan Glen Phase 3,Ascend Development Group LLC,.4 mi north of SW 44th St .3 mi west of S Morgan Rd,Oklahoma City,OK,73064,Canadian,35.427563,-97.695418,OKR1035600,6/27/2024,10/17/2027,1522,Residential Construction,N,,,,,,,,,,,
1730 Grand TIC,1730 Grand TIC,1730 SE Grand Blvd,Oklahoma City,OK,73129,Oklahoma,35.427863,-97.480717,OKR1035732,10/11/2024,10/17/2027,1542,Nonresidential Construction,N,,,,,,,,,,,
Hobby Lobby Dispatch Building & Big Rig Blvd,Hobby Lobby Corporation,3701 S MacArthur Blvd,Oklahoma City,OK,73179,Oklahoma,35.4279361,-97.6240556,OKR1032328,9/7/2023,10/17/2027,1542,Nonresidential Construction,N,,,,,,,,,,,
Cedar Creek - Peaceful Homes Construction,Peaceful Homes Construction,9337 SW 36th St and 9308 SW 36th St,Oklahoma City,OK,73064,Canadian,35.428127,-97.677308,OKR1037722,5/7/2026,10/17/2027,1521,Single-Family Housing Construction,N,,,,,,,,,,,
Cedar Ridge Sec 5 Arcwood Homes,Arcwood Homes,9204 9300 9304 SW 36th St,Oklahoma City,OK,73064,Canadian,35.428173,-97.676493,OKR1037541,4/7/2026,10/17/2027,1521,Single-Family Housing Construction,N,,,,,,,,,,,
Cedar Ridge Sec 5  Arcwood Homes,Arcwood Homes,3701 Angle Oak Dr. Lot 1 Block 19,Oklahoma City,OK,73179,Canadian,35.428242,-97.679736,OKR1037848,6/10/2026,10/17/2027,1522,Residential Construction,N,,,,,,,,,,,
Demo Dormitory Building 5904,Maguire O'Hara Construction,Tinker Air Force Base B5904,Tinker Afb,OK,73145,Oklahoma,35.4284306,-97.4200528,OKR1036124,1/16/2025,10/17/2027,1542,Nonresidential Construction,N,,,,,,,,,,,
Cedar Ridge at Morgan Creek Section 5  - Nestle Homes LLC,Nestle Homes LLC,9201 9205 9200 SW 36th Street,Oklahoma City,OK,73064,Canadian,35.428525,-97.676385,OKR1037428,2/9/2026,10/17/2027,1521,Single-Family Housing Construction,N,,,,,,,,,,,
Snider Heights II,Earl Snider,West of Bryan Rd .3 mile south of Moccasin Trail Rd,Shawnee,OK,74804,Pottawatomie,35.4288889,-96.8963242,OKR1027388,5/2/2023,10/17/2027,1522,Residential Construction,N,,,,,,,,,,,
ODOT JP 1297208 / STP-254B055PM,Wyatt Contracting/Central Bridge Company,On Hwy 75 begin at Old Hwy 62 extending to .12 miles from,Clearview,OK,74880,Okfuskee,35.429387,-96.123132,OKR1033745,11/16/2022,10/17/2027,1611,Highway And Street Construction,N,,,,,,,,,,,
Creekside Village Phase 2 and 3 - Lennar Homes,Lennar Homes of Oklahoma LLC,0.2mi South of SW 29th St and 0.4 mi East of S Czech Hall Rd,Oklahoma City,OK,73064,Canadian,35.42971,-97.739091,OKR1037103,10/27/2025,10/17/2027,1521,Single-Family Housing Construction,N,,,,,,,,,,,
Sycamore Landing Blvd,Norman Seaberg,419 Sycamore Landing Blvd,Mcloud,OK,74851,Pottawatomie,35.430071,-97.088339,OKR1036174,1/2/2025,10/17/2027,1522,Residential Construction,N,,,,,,,,,,,
Buffalo Farms Phase 2,Buffalo Development Group LLC,SW 29th St and County Line Road,Oklahoma City,OK,73179,Oklahoma,35.4305556,-97.6691667,OKR1037923,6/29/2026,10/17/2027,1611,Highway And Street Construction,N,,,,,,,,,,,
Persimmon Valley Phase 2,OKC L DEV LLC,West of S Luther Rd .3 miles South of SE 29th St,Harrah,OK,74857,Oklahoma,35.431167,-97.194997,OKR1037749,5/7/2026,10/17/2027,1521,Single-Family Housing Construction,N,,,,,,,,,,,
Scissortail Crossing Phase 3,Scissortail Development Group LLC,SW 29th St and Czech Hall Rd,Oklahoma City,OK,73099,Canadian,35.4313889,-97.7430556,OKR1037082,10/16/2025,10/17/2027,1611,Highway And Street Construction,N,,,,,,,,,,,
"Area Bound By Western, Penn, SW 44th and SW 29th",Ellsworth Construction OKC LLC dba A-Tech Paving,Street repair between S Western Ave and S Penn Ave and,Oklahoma City,OK,73119,Oklahoma,35.43175,-97.5391111,OKR1036172,1/2/2025,10/17/2027,1611,Highway And Street Construction,N,,,,,,,,,,,
Creekside Village Phase 4,OKC L DEV LLC,.2 mi south of SW 29th St .3 mi east of S Czech Hall Rd,Oklahoma City,OK,73046,Canadian,35.43189,-97.73789,OKR1037168,12/1/2025,10/17/2027,1521,Single-Family Housing Construction,N,,,,,,,,,,,
Midwest City Multi-Purpose Athletic Complex Phase 3,"Lippert Bros., Inc.",9400 SE 29th St,Oklahoma City,OK,73130,Oklahoma,35.432171,-97.36201,OKR1037888,6/18/2026,10/17/2027,7999,Amusement And Recreation,N,,,,,,,,,,,
Brookstone Village,PrecorRuffin,Southeast of Mustang Road & SW 29th Street intersection,Oklahoma City,OK,73064,Canadian,35.4322222,-97.7238889,OKR1033566,10/23/2024,10/17/2027,1542,Nonresidential Construction,N,,,,,,,,,,,
Buffalo Farms Development,Buffalo Development Group LLC,S of SW 29th St and E of S County Line Rd,Oklahoma City,OK,73179,Oklahoma,35.4322222,-97.6694444,OKR1035657,7/11/2024,10/17/2027,1611,Highway And Street Construction,N,,,,,,,,,,,
3808 SW 29th Circle,London Construction & Development LLC,3808 SW 29th Circle,Oklahoma City,OK,73119,Oklahoma,35.4325313,-97.5876933,OKR1037772,5/15/2026,10/17/2027,1541,Industrial Buildings And Warehouses,N,,,,,,,,,,,
Harrah Pointe Section 2,Farzaneh Development LLLP,S of SE 29th St .5 miles E of S Harrah Rd,Harrah,OK,73045,Oklahoma,35.4326722,-97.1511333,OKR1035637,7/11/2024,10/17/2027,1542,Nonresidential Construction,N,,,,,,,,,,,
Railpark Development,London Construction & Development,3816 SW 29th Circle,OKC,OK,73119,Oklahoma,35.4328669,-97.5866104,OKR1037771,5/15/2026,10/17/2027,1541,Industrial Buildings And Warehouses,N,,,,,,,,,,,
SW 29th St and Mustang Rd - ERC Const Grp,ERC Construction Group LLC,.2 mi south of SW 29th St east of S Mustang Rd,Oklahoma City,OK,73064,Canadian,35.4329,-97.7229,OKR1033442,5/3/2023,10/17/2027,1542,Nonresidential Construction,N,,,,,,,,,,,
Scissortail Crossing Phase 2,Scissortail Development Group,South of SW 29th St west of S Czech Hall Rd,Oklahoma City,OK,73099,Canadian,35.4330556,-97.7444444,OKR1034946,12/7/2023,10/17/2027,1542,Nonresidential Construction,N,,,,,,,,,,,
S Portland Rail Park,South Rail Port LLC,14225 S Portland Ave,Oklahoma City,OK,73119,Oklahoma,35.4331167,-97.5865806,OKR1035851,10/1/2024,10/17/2027,1542,Nonresidential Construction,N,,,,,,,,,,,
Buffalo Farms,D.R. Horton - Texas Ltd.,South County Line Rd 300 ft South of SW 29th St,Oklahoma City,OK,73179,Oklahoma,35.433151,-97.671018,OKR1036727,7/14/2025,10/17/2027,1521,Single-Family Housing Construction,N,,,,,,,,,,,
The Enclave at Creekside Village Phase 2 - Lennar Homes,Lennar Homes of Oklahoma LLC,.2 mi south of SW 29th Street .4 mi east of S Czech Hall Rd,Oklahoma City,OK,73064,Canadian,35.433193,-97.735586,OKR1037472,2/25/2026,10/17/2027,1521,Single-Family Housing Construction,N,,,,,,,,,,,
Harrah Pointe Section 1,Farzaneh Development LLLLP,South of SE 29th St and 0.3 mi east of S Harrah Rd,Harrah,OK,73045,Oklahoma,35.4332444,-97.1538806,OKR1034677,8/23/2023,10/17/2027,1542,Nonresidential Construction,N,,,,,,,,,,,
The Enclave at Creekside Village Phase 2 and 3,Creekside Village Development LLC,South of SW 29th St .4 mi east of S Czech Hall Rd,Oklahoma City,OK,73064,Canadian,35.4337611,-97.7341619,OKR1035380,4/19/2024,10/17/2027,1522,Residential Construction,N,,,,,,,,,,,
Canadian County Landfill Channel Relocation,Weeks Farms LLC,20435 SW 29th St,Union City,OK,73090,Canadian,35.433978,-97.917175,OKR1036702,6/23/2025,10/17/2027,1542,Nonresidential Construction,N,,,,,,,,,,,
CNP West Elementary,AC-Owen,South of SE 29th St .4 mi east of S Westminster Rd,Oklahoma City,OK,73150,Oklahoma,35.4343,-97.3281,OKR1034738,9/22/2023,10/17/2027,1542,Nonresidential Construction,N,,,,,,,,,,,
Grove - W.OKC,"Grove - W.OKC, LLC",SW 29th and County Line Road,Oklahoma City,OK,73179,Oklahoma,35.434369,-97.66666,OKR1038024,8/6/2026,10/17/2027,1521,Single-Family Housing Construction,N,,,,,,,,,,,
New Adelaide Lee Elementary School,Manhattan Construction,424 SW 29th St,Oklahoma City,OK,73109,Oklahoma,35.434573,-97.520307,OKR1035726,8/21/2024,10/17/2027,1542,Nonresidential Construction,N,,,,,,,,,,,
Titan Secure Storage,Titan Secure Storage,10800 SE 29th Street,Oklahoma City,OK,73130,Oklahoma,35.435003,-97.33933,OKR1033961,1/30/2023,10/17/2027,1542,Nonresidential Construction,N,,,,,,,,,,,
ODOT JP 38074 04,Redlands Contracting LLC,SE 29th St from Air Depot Blvd,Midwest City,OK,73110,Oklahoma,35.4351743,-97.4059054,OKR1037804,5/29/2026,10/17/2027,1611,Highway And Street Construction,N,,,,,,,,,,,
Caseys 4401 Convenience Store and Fuel Station Henryetta OK,Caseys Marketing Company,Hwy 62 and Dewey Bartlett Rd,Henryetta,OK,74437,Okmulgee,35.435262,-96.01741,OKR1035027,1/2/2024,10/17/2027,1542,Nonresidential Construction,N,,,,,,,,,,,
OKC PC-0525 WC-1037 SC-1158 SW 29th St Widening,Schwarz Paving Co Inc,SW 29th St from MacArthur Blvd to Rockwell Ave,Oklahoma City,OK,73179,Oklahoma,35.4352778,-97.6306111,OKR1037155,11/26/2025,10/17/2027,1611,Highway And Street Construction,N,,,,,,,,,,,
Willow Trails Phase 1,Easy Yoke Development LLC,N of SW 29th St  .3 miles W of S Sara Rd,Oklahoma City,OK,73099,Canadian,35.4354,-97.7128,OKR1036311,3/5/2025,10/17/2027,1521,Single-Family Housing Construction,N,,,,,,,,,,,
U-Haul Moving and Storage of Midwest City,U-Haul Company of NW Oklahoma City,7525 SE 29th Street,Midwest City,OK,73110,Oklahoma,35.4357907,-97.3915462,OKR1038005,7/27/2026,10/17/2027,1542,Nonresidential Construction,N,,,,,,,,,,,
JD Build,Arthur Developments,North of SE 29th St .6 mi east of S Choctaw Rd,Choctaw,OK,73020,Oklahoma,35.435808,-97.255896,OKR1033284,10/31/2023,10/17/2027,1542,Nonresidential Construction,N,,,,,,,,,,,
Bellagio,Salazar Commercial Properties LLC,N of SW 29th St  .1 miles W of S Mustang Rd,Oklahoma City,OK,73099,Canadian,35.4359833,-97.7265778,OKR1035827,9/4/2024,10/17/2027,1521,Single-Family Housing Construction,N,,,,,,,,,,,
Fireside Creek - D.R. Horton,D.R. Horton - Texas Ltd,North of SW 29th Street .5 mi west of S Mustang Road,Oklahoma City,OK,73099,Canadian,35.4361221,-97.7323267,OKR1035057,1/17/2024,10/17/2027,1521,Single-Family Housing Construction,N,,,,,,,,,,,
Okemah Water Treatment Plant,Crossland Heavy Contractors,407 N. 14th St.,Okemah,OK,74859,Okfuskee,35.4361854,-96.3175921,OKR1035834,9/12/2024,10/17/2027,1541,Industrial Buildings And Warehouses,N,,,,,,,,,,,
Crystal Creek at Westbury,Ron Walters Homes LLC,North of SW 29th St .4 mi west of S Morgan Rd,Oklahoma City,OK,73099,Canadian,35.4363222,-97.6982056,OKR1034750,9/20/2023,10/17/2027,1522,Residential Construction,N,,,,,,,,,,,
Crystal Creek at Westbury,Ron Walters Homes LLC,North of SW 29th St .4 mi west of S Morgan Rd,Oklahoma City,OK,73099,Canadian,35.4363222,-97.6982056,OKR1034750,9/20/2023,10/17/2027,1521,Single-Family Housing Construction,N,,,,,,,,,,,
The Curve,643 Investments LLC,.1 mile N of SE 29th St E side of S Westminister Rd,Midwest City,OK,73130,Oklahoma,35.436483,-97.33487,OKR1031859,8/11/2023,10/17/2027,,,N,,,,,,,,,,,
Parkway Expansion,"Stonetown Parkway, LLC","Along the north side of SE 29th Street, 1/4 mile e of S Post",Midwest City,OK,73130,Oklahoma,35.436639,-97.3426079,OKR1033794,12/8/2022,10/17/2027,1522,Residential Construction,N,,,,,,,,,,,
29th and Luther Rd,Harrah Land FC LLC,NE corner of 29th and Luther Rd,Harrah,OK,73045,Oklahoma,35.4366805,-97.193675,OKR1031435,7/24/2023,10/17/2027,1542,Nonresidential Construction,N,,,,,,,,,,,
The Cottages,TAF Construction LLC,S of SW 27th Pl  .1 miles W of S Portland Ave,Oklahoma City,OK,73108,Oklahoma,35.436944,-97.585927,OKR1036293,3/5/2025,10/17/2027,1542,Nonresidential Construction,N,,,,,,,,,,,
Castlebrook Crossing 5th Addition,Castlebrook Crossing LLC,North of SW 29th St .1mi east of S Sara Rd,Oklahoma City,OK,73099,Canadian,35.4369611,-97.7048611,OKR1030154,5/15/2023,10/17/2027,6552,Subdividers And Developers,N,,,,,,,,,,,
MAPS 4 OKC Animal Shelter,Crossland Construction Company Inc,2811 SE 29th St,Oklahoma City,OK,73129,Oklahoma,35.437001,-97.460199,OKR1036422,3/14/2025,10/17/2027,1542,Nonresidential Construction,N,,,,,,,,,,,
The Curve - Element Homes LLC,Element Homes LLC,2802 Josie Circle,Midwest City,OK,73130,Oklahoma,35.43705,-97.33416,OKR1038001,7/24/2026,10/17/2027,1522,Residential Construction,N,,,,,,,,,,,
Turtlewood Creek 7th Addition,"Farzaneh Development, LLLP",SE 29th St .and Westminster Rd.,Midwest City,OK,73130,Oklahoma,35.4372222,-97.3383333,OKR1032416,8/30/2023,10/17/2027,1521,Single-Family Housing Construction,N,,,,,,,,,,,
Bellagio - Lennar Homes of Oklahoma,"Lennar Homes of Oklahoma, LLC",0.15 mi NW of SW 29th Street & S Mustang Rd.,Oklahoma City,OK,73099,Canadian,35.437262,-97.72698,OKR1037876,6/18/2026,10/17/2027,1522,Residential Construction,N,,,,,,,,,,,
SE 29th Street Apartments,Willowbrook Construction Services,9303 SE 29th Street,Midwest City,OK,73130,Oklahoma,35.4373,-97.3652,OKR1036523,4/25/2025,10/17/2027,1521,Single-Family Housing Construction,N,,,,,,,,,,,
Timber Ridge Section 5,Ideal Homes Development LLC,"North of SE 29th St, 0.4 mi east of S Hiwassee Rd, 0.5 mi",Midwest City,OK,73020,Oklahoma,35.437343,-97.29226,OKR1034038,2/27/2023,10/17/2027,1521,Single-Family Housing Construction,N,,,,,,,,,,,
Willow Trails - Lennar Homes,Lennar Homes of Oklahoma LLC,.1 mi north of SW 29th St .3 mi west of S Sara Rd,Oklahoma City,OK,73099,Canadian,35.43738,-97.712786,OKR1037448,2/25/2026,10/17/2027,1521,Single-Family Housing Construction,N,,,,,,,,,,,
Owens Cubbies,Jason Skillern,14237 SE 29th St,Choctaw,OK,73020,Oklahoma,35.43754,-97.279018,OKR1034425,6/12/2023,10/17/2027,1542,Nonresidential Construction,N,,,,,,,,,,,
CHA Student Parking,Christian Heritage Academy,4400 SE 27th Street,Del City,OK,73115,Oklahoma,35.4377,-97.4386472,OKR1037841,6/16/2026,10/17/2027,1542,Nonresidential Construction,N,,,,,,,,,,,
Albertha Cove,M&W Total Coast LLC,East of S Post Rd .2 mi North of SE 29th St,Midwest City,OK,73130,Oklahoma,35.437892,-97.352372,OKR1037739,5/6/2026,10/17/2027,1521,Single-Family Housing Construction,N,,,,,,,,,,,
Antons Landing Section 1,Antons Landing LP,West of S County Line Rd .2 mi north of SW 29th St,Oklahoma City,OK,73128,Oklahoma,35.4386194,-97.6702361,OKR1029128,7/24/2023,10/17/2027,1522,Residential Construction,N,,,,,,,,,,,
MWC 55+,BCH LLC,East of S Douglas Blvd .2 mi north of SE 29th St,Midwest City,OK,73130,Oklahoma,35.4391806,-97.3689806,OKR1037062,10/14/2025,10/17/2027,1521,Single-Family Housing Construction,N,,,,,,,,,,,
Carl Albert High School Athletics Upgrades,Willowbrook Inc,2515 S Post Rd,Midwest City,OK,73130,Oklahoma,35.4392651,-97.3561739,OKR1036507,4/14/2025,10/17/2027,1542,Nonresidential Construction,N,,,,,,,,,,,
K O Storage - 2504 South Harrah Road,K O Storage,2504 South Harrah Road,Harrah,OK,73045,Oklahoma,35.439533,-97.156761,OKR1033565,9/21/2023,10/17/2027,1542,Nonresidential Construction,N,,,,,,,,,,,
Shawnee Meadows Phase 1 - Lennar Homes,"Lennar Homes of Oklahoma, LLC",.4 mi north of Moccasin Trl .2 mi west of N Kickapoo Rd,Shawnee,OK,74804,Pottawatomie,35.439683,-96.934085,OKR1037098,10/21/2025,10/17/2027,1521,Single-Family Housing Construction,N,,,,,,,,,,,
Forest Glen North Section 2 & 3 - Terrahoma Inc,Terrahoma Inc,.5 mi south of SE 15th St .3 mi west of S Hiwassee Rd,Midwest City,OK,73020,Oklahoma,35.4402778,-97.3069444,OKR1030965,9/25/2023,10/17/2027,1522,Residential Construction,N,,,,,,,,,,,
Phantom Financial,Phantom Financial LLC,8224 SW 23rd Pl,Oklahoma City,OK,73128,Oklahoma,35.440435,-97.657899,OKR1036389,4/11/2025,10/17/2027,1542,Nonresidential Construction,N,,,,,,,,,,,
Wheeler- Capitol Hill Middle School,Willowbrook Inc,641 SE 25th Street,Oklahoma City,OK,73129,Oklahoma,35.4409214,-97.4975555,OKR1035853,10/2/2024,10/17/2027,1542,Nonresidential Construction,N,,,,,,,,,,,
Council Corner Warehouses,Council Warehouse Investments LLC,2321 and 2341 S Council Rd and 8201 SW 23rd Pl,Oklahoma City,OK,73128,Oklahoma,35.4417917,-97.6551944,OKR1035584,7/3/2024,10/17/2027,1542,Nonresidential Construction,N,,,,,,,,,,,
Portland Project,London Construction & Development LLC,2321 & 2401 South Portland,Oklahoma City,OK,73108,Oklahoma,35.4419609,-97.5837162,OKR1036536,6/30/2025,10/17/2027,1541,Industrial Buildings And Warehouses,N,,,,,,,,,,,
OK County Behavioral Health Clinic,Flintco LLC,1901 E Grand,Oklahoma City,OK,73129,Oklahoma,35.442815,-97.4636,OKR1036217,1/17/2025,10/17/2027,1542,Nonresidential Construction,N,,,,,,,,,,,
Big T Oil Tools,Dabney Steel Frame & Const,2224 S. Missouri,Oklahoma City,OK,73129,Oklahoma,35.4433115,-97.4808666,OKR1035605,6/26/2024,10/17/2027,1541,Industrial Buildings And Warehouses,N,,,,,,,,,,,
Carl Albert High School Multi-purpose Facility,CMS Willowbrook Inc,2009 S. Post Road,Midwest City,OK,73110,Oklahoma,35.4438611,-97.3556111,OKR1037781,6/16/2026,10/17/2027,1542,Nonresidential Construction,N,,,,,,,,,,,
Oak Haven at Westbury,Ron Walters Homes LLC,2101 Westbury Dr,Yukon,OK,73099,Canadian,35.4438889,-97.6922222,OKR1028395,9/13/2023,10/17/2027,1522,Residential Construction,N,,,,,,,,,,,
DW Distribution,DW Distribution,2101 S VILLA AVE,Oklahoma City,OK,73108,Oklahoma,35.4438906,-97.559723,OKR1034867,11/3/2023,10/17/2027,1541,Industrial Buildings And Warehouses,N,,,,,,,,,,,
One Tree Park - Land Development,Lennar Homes of Oklahoma LLC,West of S County Line Rd approx .5 mi south of SW 15th St S,Oklahoma City,OK,73128,Canadian,35.4439,-97.6734,OKR1033163,6/9/2023,10/17/2027,1521,Single-Family Housing Construction,N,,,,,,,,,,,
Sunset Springs Addition,Ryan & Ryan Investments II LLC,2100 S Choctaw Rd,Choctaw,OK,73020,Oklahoma,35.4440722,-97.2640972,OKR1037006,9/25/2025,10/17/2027,1521,Single-Family Housing Construction,N,,,,,,,,,,,
Carl Albert HS Classroom and Storm Shelter Addition,Willowbrook Inc,2009 S Post Rd,Midwest City,OK,73130,Oklahoma,35.4443099,-97.3545933,OKR1036226,2/5/2025,10/17/2027,1542,Nonresidential Construction,N,,,,,,,,,,,
Bellflower Estates,Lennar Homes of Oklahoma LLC,.3 mi south of SW 15th St west of S County Line Rd,Oklahoma City,OK,73128,Canadian,35.444336,-97.673994,OKR1035250,4/23/2024,10/17/2027,1521,Single-Family Housing Construction,N,,,,,,,,,,,
Wood Creek at Westbury,Ron Walters Homes LLC,.4 mi south of SW 15th St east of S Sara Rd,Yukon,OK,73099,Canadian,35.4443889,-97.7068083,OKR1033238,8/31/2023,10/17/2027,1521,Single-Family Housing Construction,N,,,,,,,,,,,
Silver Springs Phase 1,OKC L Dev LLC,East of S County Line Rd south of SW 15th St,Oklahoma City,OK,73128,Oklahoma,35.4445,-97.6710056,OKR1036956,9/8/2025,10/17/2027,1522,Residential Construction,N,,,,,,,,,,,
The Reserve at Mustang Creek,Grubbs Properties LLC,.3 miles s of SW 15th Street and .5 miles E of Mustang Road,Oklahoma City,OK,73099,Canadian,35.4447222,-97.7166667,OKR1036886,8/18/2025,10/17/2027,1521,Single-Family Housing Construction,N,,,,,,,,,,,
Better Way Warehouse,Keller Inc,5702 SW 15th St,Oklahoma City,OK,73128,Oklahoma,35.445236,-97.616106,OKR1037081,12/8/2025,10/17/2027,1542,Nonresidential Construction,N,,,,,,,,,,,
OK County Detention Center,Flintco LLC,1901 E Grand Blvd,Oklahoma City,OK,73129,Oklahoma,35.445859,-97.4643999,OKR1037405,2/27/2026,10/17/2027,1542,Nonresidential Construction,N,,,,,,,,,,,
Oneblock - Frontier,Evolve,.2 miles S of SW 15th St .3 miles E of S Council Rd,Oklahoma City,OK,73128,Oklahoma,35.4461,-97.6481,OKR1032927,7/17/2023,10/17/2027,1542,Nonresidential Construction,N,,,,,,,,,,,
Wheeler Apartments Phase 1,Urban Realty Partners,.1 mi west of S Western Ave .2 mi north of SW 21st St,Oklahoma City,OK,73108,Oklahoma,35.446202,-97.531405,OKR1034880,11/6/2023,10/17/2027,1522,Residential Construction,N,,,,,,,,,,,
Wheeler District - East Stockpile Area,Silver Star Construction Co Inc,1600 S Western Ave,Oklahoma City,OK,73109,Oklahoma,35.4474,-97.5275,OKR1037695,4/23/2026,10/17/2027,1542,Nonresidential Construction,N,,,,,,,,,,,
CNP - Indian Meridian Elementary - New Additon,Choctaw Nicoma Park School District,1865 Indian Meridian Road,Choctaw,OK,73020,Oklahoma,35.44749,-97.24817,OKR1034808,10/5/2023,10/17/2027,1542,Nonresidential Construction,N,,,,,,,,,,,
Mustang Creek Village Phase 1,TAF Construction,SW 15th Street & Sara Road,Oklahoma City,OK,73099,Canadian,35.4475,-97.7091667,OKR1032893,8/18/2023,10/17/2027,1542,Nonresidential Construction,N,,,,,,,,,,,
Sequoyah County Maintenance Facility and Sallisaw Residency,VOY Construction,2180 W Lenington Rd,Sallisaw,OK,74955,Sequoyah,35.447701,-94.815859,OKR1036257,2/3/2025,10/17/2027,1542,Nonresidential Construction,N,,,,,,,,,,,
Elliott Electric Supply,Elliott Electric Supply,1800 S May Ave,Oklahoma City,OK,73108,Oklahoma,35.447776,-97.565409,OKR1036611,6/3/2025,10/17/2027,1542,Nonresidential Construction,N,,,,,,,,,,,
Will Rogers Apartment Complex,"Bentwood Investments, LLC",N of Will Rogers Rd .3 miles E of S Sooner Rd,Midwest City,OK,73110,Oklahoma,35.4481306,-97.4181528,OKR1033207,8/30/2023,10/17/2027,1542,Nonresidential Construction,N,,,,,,,,,,,
Riverwest Residential Development,Riverport Ventures LLC,3751 SW 15th St,Oklahoma City,OK,73108,Oklahoma,35.4483083,-97.5865861,OKR1036353,2/28/2025,10/17/2027,1521,Single-Family Housing Construction,N,,,,,,,,,,,
BOK Midwest City,Jim Butler Construction,5810 SE 15th St,Midwest City,OK,73110,Oklahoma,35.4484,-97.4198028,OKR1038128,8/31/2026,10/17/2027,1542,Nonresidential Construction,N,,,,,,,,,,,
Morgan Creek Commercial,Morgan Creek Plaza LLC,1621 S Morgan Rd,Oklahoma City,OK,73099,Canadian,35.448783,-97.690418,OKR1035815,9/4/2024,10/17/2027,1542,Nonresidential Construction,N,,,,,,,,,,,
The Reserve at Mustang Creek Commercial,Landmark Fine Homes,S of SW 15th Street and .5 miles E of Mustang Road,Oklahoma City,OK,73099,Canadian,35.448959,-97.716102,OKR1035069,1/24/2024,10/17/2027,1542,Nonresidential Construction,N,,,,,,,,,,,
IDO Centergate South Warehouse,Industrial Developers of Oklahoma,8832 SW 15th Street,Oklahoma City,OK,73128,Oklahoma,35.4491,-97.6665,OKR1037745,5/6/2026,10/17/2027,1542,Nonresidential Construction,N,,,,,,,,,,,
Poage RV Storage,"Miracle Production, Inc./Poage Family Investments, LLC",9500 and 9520 SW 15th Street,Oklahoma City,OK,73099,Canadian,35.4492222,-97.6841806,OKR1025193,5/16/2023,10/17/2027,1542,Nonresidential Construction,N,,,,,,,,,,,
Kalidy Landing,Kalidy LLC,S side of SE 15th St .2 miles W of Peebly Rd,Choctaw,OK,73020,Oklahoma,35.4493,-97.2158,OKR1029475,8/23/2023,10/17/2027,1542,Nonresidential Construction,N,,,,,,,,,,,
Kalidy Landing,Kalidy LLC,S side of SE 15th St .2 miles W of Peebly Rd,Choctaw,OK,73020,Oklahoma,35.4493,-97.2158,OKR1029475,8/23/2023,10/17/2027,6552,Subdividers And Developers,N,,,,,,,,,,,
USS OKC Memorial Plaza,Lippert Bros Inc,400 SW 15th Street,Oklahoma City,OK,73109,Oklahoma,35.449422,-97.518091,OKR1037783,5/18/2026,10/17/2027,1542,Nonresidential Construction,N,,,,,,,,,,,
2600 SW 15th,Stewart Excavation LLC,2600 SW 15th,Oklahoma City,OK,73108,Oklahoma,35.44957,-97.55864,OKR1035156,3/8/2024,10/17/2027,1542,Nonresidential Construction,N,,,,,,,,,,,
Wheeler District Roundabout,Wheeler District,site1: On S Western Ave .2 miles N of SW 21st St,Oklahoma City,OK,73109,Oklahoma,35.4496,-97.5302,OKR1034699,9/13/2023,10/17/2027,1611,Highway And Street Construction,N,,,,,,,,,,,
O'Reilly Auto Parts - Midwest City OK No 4,O'Reilly Automotive Stores Inc,9809 SE 15th St,Midwest City,OK,73130,Oklahoma,35.4497,-97.355756,OKR1035356,4/16/2024,10/17/2027,1542,Nonresidential Construction,N,,,,,,,,,,,
OKC PC-0557 WC-1085 PC-0558 WC-1106 SC-1080,Schwarz Paving Co Inc,On SW 15th St from S Czech Hall Rd to west of S Mustang Rd,Oklahoma City,OK,73099,Canadian,35.449983,-97.73014,OKR1035546,6/6/2024,10/17/2027,1611,Highway And Street Construction,N,,,,,,,,,,,
Santa Fe Schools,Faithworks of the Inner City,735 SE 15th Street,Oklahoma City,OK,73129,Oklahoma,35.4502,-97.4975,OKR1035046,1/8/2024,10/17/2027,1542,Nonresidential Construction,N,,,,,,,,,,,
Element Office Park,Les Chateaux,10505 SE 15th St,Midwest City,OK,73130,Oklahoma,35.4502444,-97.3441056,OKR1036705,6/20/2025,10/17/2027,1542,Nonresidential Construction,N,,,,,,,,,,,
Rising Sun Apartments - South,DLP Construction LLC,1515 S MacArthur,Oklahoma City,OK,73128,Oklahoma,35.4504,-97.6203,OKR1033476,8/26/2024,10/17/2027,1521,Single-Family Housing Construction,N,,,,,,,,,,,
Wheeler District Phase 4,Wheeler District,West side of S Western Ave between Wheeler St,Oklahoma City,OK,73108,Oklahoma,35.4508,-97.5333,OKR1038036,8/19/2026,10/17/2027,1521,Single-Family Housing Construction,N,,,,,,,,,,,
Eagle Landing,1400 Post LLC,SW corner of Lou Anna Pl  & Lynn Fry Blvd,Midwest City,OK,73130,Oklahoma,35.4508333,-97.3416667,OKR1035267,3/27/2024,10/17/2027,1542,Nonresidential Construction,N,,,,,,,,,,,
Wheeler District Phase 3,Wheeler District,E of S Douglas Ave N of SW 15th St,Oklahoma City,OK,73108,Oklahoma,35.4509,-97.5339,OKR1034037,5/8/2023,10/17/2027,1542,Nonresidential Construction,N,,,,,,,,,,,
Bosch Service Center,Tall Grass Capital,west of Burena Vista Ave and north of SE 15th St,Midwest City,OK,73110,Oklahoma,35.4509056,-97.4179972,OKR1037901,8/6/2026,10/17/2027,1542,Nonresidential Construction,N,,,,,,,,,,,
Hermans Extension,Kirk Weese,1540 REPUBLIC CIR,Midwest City,OK,73110,Oklahoma,35.451117,-97.3803395,OKR1034381,7/25/2023,10/17/2027,1542,Nonresidential Construction,N,,,,,,,,,,,
OKC River Dredging MC-0757,C-P Integrated Services Inc,From S May Ave to SW 8th St,Oklahoma City,OK,73116,Oklahoma,35.451261,-97.545049,OKR1036690,6/20/2025,10/17/2027,1542,Nonresidential Construction,N,,,,,,,,,,,
River Bend Industrial Park,Hix Industries Inc,N of SW 13th and .4 miles E of S MacArthur,Oklahoma City,OK,73128,Oklahoma,35.4516667,-97.6111111,OKR1037397,2/6/2026,10/17/2027,1542,Nonresidential Construction,N,,,,,,,,,,,
Rising Sun Apartments - North,DLP Construction LLC,1315 S MacArthur,Oklahoma City,OK,73128,Oklahoma,35.4522,-97.6193,OKR1033477,8/29/2024,10/17/2027,1521,Single-Family Housing Construction,N,,,,,,,,,,,
Matthews Market Place,Mike Matthews Properties LLC,NW Corner of SE 15th Street and S Anderson Road,Midwest City,OK,73020,Oklahoma,35.4522222,-97.3191667,OKR1036287,2/6/2025,10/17/2027,1542,Nonresidential Construction,N,,,,,,,,,,,
Chisholm Springs Residential Subdivision,LW Development LLC,SW 15th St west of Morgan Rd,Oklahoma City,OK,73128,Canadian,35.4527778,-97.6822222,OKR1032131,5/15/2023,10/17/2027,1521,Single-Family Housing Construction,N,,,,,,,,,,,
Sallisaw Archery Range,Cherokee Nation Management Resources Group,.6 miles S of W Cherokee Ave .2 miles W of JT Stiles Blvd,Sallisaw,OK,74955,Sequoyah,35.453086,-94.817687,OKR1035393,5/3/2024,10/17/2027,1542,Nonresidential Construction,N,,,,,,,,,,,
Truck Tuck,Truck Tuck,1100 S Council Rd,Oklahoma City,OK,73179,Oklahoma,35.4533,-97.6538,OKR1037667,4/16/2026,10/17/2027,1542,Nonresidential Construction,N,,,,,,,,,,,
Sallisaw CDC,Key Construction Oklahoma LLC,673 S JT Stites St,Sallisaw,OK,74955,Sequoyah,35.4533768,-94.814832,OKR1035811,8/28/2024,10/17/2027,1542,Nonresidential Construction,N,,,,,,,,,,,
XPO Logistics OKC - Dock Parking Expansion,XPO Logistics,1325 South Central Avenue,Oklahoma City,OK,73129,Oklahoma,35.4537,-97.5045,OKR1034184,4/11/2023,10/17/2027,1542,Nonresidential Construction,N,,,,,,,,,,,
Walmart Neighborhood Market 3983,Tapp Companies Inc,.3 mi north of SW 15th St east of S Mustang Rd,Oklahoma City,OK,73099,Canadian,35.4544333,-97.7229639,OKR1037156,11/13/2025,10/17/2027,1542,Nonresidential Construction,N,,,,,,,,,,,
Midwest City High School Mul,Willowbrook Construction,213 Elm Street,Midwest City,OK,73110,Oklahoma,35.4544444,-97.4005,OKR1037779,6/16/2026,10/17/2027,1542,Nonresidential Construction,N,,,,,,,,,,,
Cypress Village,Cypress Real Estate LLC,SE corner of Post Road & SE 10th Street,Midwest City,OK,73130,Oklahoma,35.4544444,-97.3525,OKR1034963,12/27/2023,10/17/2027,1521,Single-Family Housing Construction,N,,,,,,,,,,,
Mustang Creek Crossing Phase 02 - East,Cedars Group LLC,West of S Sara Rd .3 mi north of SW 15th St,Oklahoma City,OK,73099,Canadian,35.454722,-97.710833,OKR1034612,8/7/2023,10/17/2027,1542,Nonresidential Construction,N,,,,,,,,,,,
Dog Daycare,M&L Property Holdings LLC,1025 S Post Rd,Midwest City,OK,73130,Oklahoma,35.455516,-97.3539448,OKR1037658,4/27/2026,10/17/2027,1542,Nonresidential Construction,N,,,,,,,,,,,
Sycamore Gardens Section 5,Farzaneh Development LLLP,.3 miles N of SW 15th Street E of Czech Hall Road,Oklahoma City,OK,73099,Canadian,35.4555556,-97.7355556,OKR1033859,12/28/2022,10/17/2027,1521,Single-Family Housing Construction,N,,,,,,,,,,,
Mustang Creek Crossing Phase 2 - West,Cedars Group LLC,Begins 0.2 mi east of S Mustang Rd and 0.3 mi north of SW,Oklahoma City,OK,73099,Canadian,35.455556,-97.716944,OKR1034661,8/16/2023,10/17/2027,1542,Nonresidential Construction,N,,,,,,,,,,,
Cherokee Nation Housing - Sallisaw,Housing Authority of the Cherokee Nation,.3 mi south of W Cherokee Ave east of JT Stites Blvd,Sallisaw,OK,74955,Sequoyah,35.4564,-94.8124,OKR1035256,3/14/2024,10/17/2027,1521,Single-Family Housing Construction,N,,,,,,,,,,,
Whippoorwill Wood Choctaw,Whitebead Revocable Trust,1000 S Henney Rd,Choctaw,OK,73020,Oklahoma,35.457,-97.279416,OKR1036531,4/23/2025,10/17/2027,1542,Nonresidential Construction,N,,,,,,,,,,,
SW 8th and Sara Industrial Park,Williams Family Investments LLC,"East side of Sara Rd., approx. 0.40mi south of W Reno Ave",Oklahoma City,OK,73099,Canadian,35.4574,-97.706,OKR1038107,8/17/2026,10/17/2027,1542,Nonresidential Construction,N,,,,,,,,,,,
Union Station Renovation,MAPS Union Station Renovations,300 W 7th Street,Oklahoma City,OK,73109,Oklahoma,35.4574,-97.5186,OKR1034883,11/22/2023,10/17/2027,1542,Nonresidential Construction,N,,,,,,,,,,,
Somers Pointe Phase XIII,Terra Verde Development LLC,.5 miles S of W  Reno Ave .4 miles W of S Cemetery Rd,Oklahoma City,OK,73099,Canadian,35.457764,-97.766619,OKR1034861,11/3/2023,10/17/2027,1521,Single-Family Housing Construction,N,,,,,,,,,,,
Embassy Suites - Meridian Ave,11 Hotel LLC,.06 miles N of Enterprise Way .06 miles W of S Meridian Ave,Oklahoma City,OK,73128,Oklahoma,35.4579167,-97.6023417,OKR1036033,11/12/2024,10/17/2027,1542,Nonresidential Construction,N,,,,,,,,,,,
Bigbee 2,"Bigbee, LLC",I40 and S Council Road,Oklahoma City,OK,73128,Oklahoma,35.4586111,-97.6505556,OKR1023243,8/2/2023,10/17/2027,1542,Nonresidential Construction,N,,,,,,,,,,,
QuikTrip 7014,QuikTrip Corporation,SEC of MacArthur Blvd and SW 5th St,Oklahoma City,OK,73128,Oklahoma,35.458658,-97.618597,OKR1036859,10/1/2025,10/17/2027,1542,Nonresidential Construction,N,,,,,,,,,,,
Oklahoma City MAPS 4 Multipurpose Stadium,Lingo Construction Services,6 SE 4th Street,Oklahoma City,OK,73129,Oklahoma,35.4587222,-97.5096667,OKR1037437,5/6/2026,10/17/2027,1542,Nonresidential Construction,N,,,,,,,,,,,
Oklahoma City Entertainment District - Phase I,Lingo Construction,.2 miles East of Shields Blvd  .2 miles South of Oklahoma,Oklahoma City,OK,73129,Oklahoma,35.4591,-97.5099,OKR1037407,5/6/2026,10/17/2027,1542,Nonresidential Construction,N,,,,,,,,,,,
HH Iron Industrial,H&H Iron,715 E Grand Blvd,Oklahoma City,OK,73129,Oklahoma,35.4591436,-97.4672992,OKR1036548,4/30/2025,10/17/2027,1542,Nonresidential Construction,N,,,,,,,,,,,
OKANA,OKANA LLC,.6 mi north of SE 15th St west of S Eastern Ave,Oklahoma City,OK,73129,Oklahoma,35.4592,-97.4771,OKR1032794,6/9/2023,10/17/2027,1542,Nonresidential Construction,N,,,,,,,,,,,
Casey General Store - 1420 W Cherokee Ave,Caseys Services Company,1420 W Cherokee Ave,Sallisaw,OK,74955,Sequoyah,35.459506,-94.806981,OKR1036202,1/2/2025,10/17/2027,1542,Nonresidential Construction,N,,,,,,,,,,,
ODOT JP 23107 07,APAC Central Inc,US-59 over Hog Creek from US-64 ext N 3399 miles,Sallisaw,OK,74955,Sequoyah,35.4607,-94.7871,OKR1036785,7/24/2025,10/17/2027,1622,"Bridge, Tunnel, & Elevated Highway",N,,,,,,,,,,,
Cajun Corner,R&N Cajun Properties LLC,512 South Mustang Road,Oklahoma City,OK,73099,Canadian,35.460815,-97.724275,OKR1036421,3/27/2025,10/17/2027,1542,Nonresidential Construction,N,,,,,,,,,,,
Somers Pointe Phase V VI VII,Terra Verde Development LLC,Southwest of W Reno Ave and S Cemetery Rd,Oklahoma City,OK,73099,Canadian,35.4613889,-97.7677778,OKR1028524,6/15/2023,10/17/2027,6552,Subdividers And Developers,N,,,,,,,,,,,
Hopebridge,Southtree,456 S Mustang Rd,Yukon,OK,73099,Canadian,35.4615,-97.7236,OKR1037453,2/20/2026,10/17/2027,1542,Nonresidential Construction,N,,,,,,,,,,,
101 SE 4th Street Surface Parking Lot,Mazaheri Properties,101 SE 4th Street,Oklahoma City,OK,73129,Oklahoma,35.4617,-97.5107,OKR1034723,9/12/2023,10/17/2027,1611,Highway And Street Construction,N,,,,,,,,,,,
Harrah Industrial Park - 400 Howard Blvd,DNP Partnership,400 Howard Blvd,Harrah,OK,73045,Oklahoma,35.461753,-97.15137,OKR1034794,9/29/2023,10/17/2027,1542,Nonresidential Construction,N,,,,,,,,,,,
Boulevard Place,CMS Willowbrook Inc,20 W Oklahoma City Blvd,Oklahoma City,OK,73109,Oklahoma,35.461809,-97.513801,OKR1037545,3/19/2026,10/17/2027,1521,Single-Family Housing Construction,N,,,,,,,,,,,
Boulevard Place,CMS Willowbrook Inc,20 W Oklahoma City Blvd,Oklahoma City,OK,73109,Oklahoma,35.461809,-97.513801,OKR1037545,3/19/2026,10/17/2027,1542,Nonresidential Construction,N,,,,,,,,,,,
A Place to Grow Pediatrics - New Clinic Building,Loveless Management Co LLC,330 Pointe Pkwy Blvd,Yukon,OK,73099,Canadian,35.462194,-97.718364,OKR1034379,6/5/2023,10/17/2027,1542,Nonresidential Construction,N,,,,,,,,,,,
Natalies Elf Shelf Holiday,James Herring,21700 E Reno Ave,Harrah,OK,73045,Oklahoma,35.46269,-97.14732,OKR1037671,4/14/2026,10/17/2027,1542,Nonresidential Construction,N,,,,,,,,,,,
Vita Nova,Thompson Construction,1800 East Reno Ave,Oklahoma City,OK,73117,Oklahoma,35.46373,-97.47896,OKR1037668,8/12/2026,10/17/2027,1542,Nonresidential Construction,N,,,,,,,,,,,
Dominion on Reno Apartments,Express Development,13020 West Reno Avenue,Oklahoma City,OK,73099,Canadian,35.4638,-97.7624,OKR1037968,7/27/2026,10/17/2027,1522,Residential Construction,N,,,,,,,,,,,
Red Rose Creek,Topmark Homes,Southwest of S Czech Hall Rd and W Reno Ave,Oklahoma City,OK,73099,Canadian,35.4638889,-97.7443056,OKR1035198,3/6/2024,10/17/2027,1611,Highway And Street Construction,N,,,,,,,,,,,
Hilton Hotels at E Reno,Pristine Hospitality,South of E Reno and .2 miles west of Lottie Ave,Oklahoma City,OK,73104,Oklahoma,35.4638889,-97.4937083,OKR1037491,3/5/2026,10/17/2027,1542,Nonresidential Construction,N,,,,,,,,,,,
Sanitary Sewer System Improvements Section 3,Grade Work Construction LLC,Near N Harrah Rd and Reno Ave Intersection,Harrah,OK,73045,Oklahoma,35.464009,-97.159286,OKR1036121,12/9/2024,10/17/2027,1542,Nonresidential Construction,N,,,,,,,,,,,
7 Eleven - 41509,Verdad Construction Services LLC,4500 W Reno Ave,Oklahoma City,OK,73127,Oklahoma,35.464052,-97.602019,OKR1032451,8/23/2023,10/17/2027,1542,Nonresidential Construction,N,,,,,,,,,,,
7 Eleven - 41509,Verdad Construction Services LLC,4500 W Reno Ave,Oklahoma City,OK,73127,Oklahoma,35.464052,-97.602019,OKR1032451,8/23/2023,10/17/2027,1542,Nonresidential Construction,Y,,,,,,,,,,,
Reno and Morgan Industrial,Larson Reno OKC Investors LLC,9500 W Reno Avenue,Oklahoma City,OK,73127,Canadian,35.4641,-97.6816,OKR1033895,1/20/2023,10/17/2027,1542,Nonresidential Construction,N,,,,,,,,,,,
ODOT JP 35449 04,K&R Builders Inc,On E 1070 Rd from N 3620 Rd ext .3 mi west,Paden,OK,74860,Okmulgee,35.4641667,-96.57,OKR1037732,5/1/2026,10/17/2027,1622,"Bridge, Tunnel, & Elevated Highway",N,,,,,,,,,,,
Glenhaven.,Heartland and Cattle LLC,Reno Ave and Glenhaven Drive,Midwest City,OK,73110,Oklahoma,35.46436,-97.40324,OKR1037846,7/13/2026,10/17/2027,1521,Single-Family Housing Construction,N,,,,,,,,,,,
BNSF I-40 Oklahoma City River Connector Project,SEMA Construction Inc.,Begin at E Reno Ave .3 miles W of E Grand Blvd ext N .9,Del City,OK,73117,Oklahoma,35.4645007,-97.4663593,OKR1035440,5/14/2024,10/17/2027,1622,"Bridge, Tunnel, & Elevated Highway",N,,,,,,,,,,,
Reno Storage,"TMC Construction Company, Inc.",1001 E Reno Avenue,Oklahoma City,OK,73117,Oklahoma,35.4647,-97.4941,OKR1033372,8/10/2023,10/17/2027,1542,Nonresidential Construction,N,,,,,,,,,,,
Oak Acres Subdivision,Muscogee (Creek) Nation Department of Housing,N of Warden Camp Rd .6 miles E of S220 Rd,Henryetta,OK,74437,Okmulgee,35.4647222,-95.9713889,OKR1033559,5/10/2023,10/17/2027,1522,Residential Construction,N,,,,,,,,,,,
Choctaw Road Baptist Church,Choctaw Road Baptist Church,14971 East Reno Avenue,Choctaw,OK,73020,Oklahoma,35.464775,-97.2661639,OKR1035569,6/17/2024,10/17/2027,1542,Nonresidential Construction,N,,,,,,,,,,,
Villas at Westgate Park,Gardner Tanebaum Holdings,N of W Reno Ave .4 miles E of N Sara Rd,Oklahoma City,OK,73127,Canadian,35.465163,-97.699813,OKR1033395,8/18/2023,10/17/2027,1521,Single-Family Housing Construction,N,,,,,,,,,,,
Braxton 13525,Two Structures Homes LLC,13525 NW 1ST TER,Yukon,OK,73099,Canadian,35.465281,-97.7726143,OKR1034805,10/10/2023,10/17/2027,1522,Residential Construction,N,,,,,,,,,,,
OKC TensorWave,7725 Reno 1 LLC,7725 W Reno Avenue,Oklahoma City,OK,73127,Oklahoma,35.465353,-97.6493789,OKR1037942,7/21/2026,10/17/2027,1542,Nonresidential Construction,N,,,,,,,,,,,
The Springs at Skyline Trails,Landmark Land Company LLC,Northeast of W Reno Ave and N Cemetery Rd,Oklahoma City,OK,73099,Canadian,35.4655556,-97.7533333,OKR1027501,9/15/2023,10/17/2027,1522,Residential Construction,N,,,,,,,,,,,
Westgate Park Phase 2,Gardner Tanenbaum Holdings,10431 W Reno Ave,Oklahoma City,OK,73127,Canadian,35.4655556,-97.7036944,OKR1037080,12/16/2025,10/17/2027,1542,Nonresidential Construction,N,,,,,,,,,,,
OKC New Thunder Arena,Flintco LLC,1 Myriad Gardens,Oklahoma City,OK,73102,Oklahoma,35.4655556,-97.5144444,OKR1037562,3/17/2026,10/17/2027,1542,Nonresidential Construction,N,,,,,,,,,,,
Dewar WWTP,Young Contracting LLC,.1 miles N of Division St W of Pecan St,Dewar,OK,74431,Okmulgee,35.4663889,-95.9447222,OKR1032915,6/16/2023,10/17/2027,1611,Highway And Street Construction,N,,,,,,,,,,,
7725 Connect Data Center Buildings G-O,7725 Reno No 1 LLC,7725 W Reno Ave,Oklahoma City,OK,73127,Oklahoma,35.466564,-97.637033,OKR1034039,2/27/2023,10/17/2027,1541,Industrial Buildings And Warehouses,N,,,,,,,,,,,
Woodlands Addition Section 2,Woodlands Land Fund LLC,.1 miles E of N Dobbs Rd .2 miles N of E Reno Ave,Harrah,OK,73045,Oklahoma,35.466667,-97.174444,OKR1034471,6/23/2023,10/17/2027,1521,Single-Family Housing Construction,N,,,,,,,,,,,
Shiloh Crossing,BMI Systems Corporation,North of W. Reno Ave East of Cemetery Rd,Oklahoma City,OK,73099,Canadian,35.4667,-97.7586,OKR1034053,3/3/2023,10/17/2027,1521,Single-Family Housing Construction,N,,,,,,,,,,,
Urban Edge Addition,Amani Developers LLC,8610 E Main Street,Midwest City,OK,73110,Oklahoma,35.4667472,-97.3759667,OKR1036213,4/3/2025,10/17/2027,1521,Single-Family Housing Construction,N,,,,,,,,,,,
Plaza 62 District,Willowbrook Inc,2828 Parklawn Dr,Midwest City,OK,73110,Oklahoma,35.4673,-97.3939,OKR1037459,2/19/2026,10/17/2027,1542,Nonresidential Construction,N,,,,,,,,,,,
Woodlands Addition Section 1,Woodlands Land Fund LLC,.2 miles N of E Reno Ave E of N Dobbs Rd,Harrah,OK,73045,Oklahoma,35.4675,-97.1744444,OKR1031863,8/25/2023,10/17/2027,1521,Single-Family Housing Construction,N,,,,,,,,,,,
The Springs at Skyline Trails Section 2,Landmark Land Company LLC,.2 mi north of W Reno Ave .3 mi east of N Cemetery Rd,Oklahoma City,OK,73099,Canadian,35.4677778,-97.755,OKR1031788,8/30/2023,10/17/2027,1522,Residential Construction,N,,,,,,,,,,,
Springs at Skyline Trails Section 3,Landmark Land LLC,.3 mi east of N Cemetery Rd .2 mi north of W Reno Ave,Oklahoma City,OK,73099,Canadian,35.467899,-97.754124,OKR1035470,5/22/2024,10/17/2027,1522,Residential Construction,N,,,,,,,,,,,
Derichebourg Recycling 100 N Bath,Cimarron Construction Company,100 N Bath Ave,Oklahoma City,OK,73117,Oklahoma,35.467917,-97.484038,OKR1036435,3/21/2025,10/17/2027,1542,Nonresidential Construction,N,,,,,,,,,,,
Harbor Landing,Hangar Homes Inc,325 N Cemetery Road,Yukon,OK,73099,Canadian,35.468,-97.7605,OKR1035029,1/16/2024,10/17/2027,1521,Single-Family Housing Construction,N,,,,,,,,,,,
Primrose Hill,Les Chateaux LLC,.3 miles N of E Reno Ave E of N Post Rd,Midwest City,OK,73130,Oklahoma,35.468,-97.3527778,OKR1032267,4/25/2023,10/17/2027,1521,Single-Family Housing Construction,N,,,,,,,,,,,
Reno Industrial Park,Reno Industrial Park LLC,Northwest of W Reno Ave and John Kilpatrick Turnpike,Oklahoma City,OK,73099,Canadian,35.4694444,-97.7122222,OKR1033718,11/21/2022,10/17/2027,1542,Nonresidential Construction,N,,,,,,,,,,,
DXD IOS,DXD Capital,2420 NE 4th Street,Oklahoma City,OK,73117,Oklahoma,35.4703694,-97.4691889,OKR1036607,8/19/2025,10/17/2027,1542,Nonresidential Construction,N,,,,,,,,,,,
Jim Norick Arena Demolition,"Flintco, LLC",333 Gordon Cooper St,Oklahoma City,OK,73107,Oklahoma,35.4705529,-97.5735497,OKR1036658,6/2/2025,10/17/2027,,,N,,,,,,,,,,,
Skyline Trails Section 7,Sweet Grass Communities LLC,.4 mi north of W Reno Ave .4 mi east of N Cemetery Rd,Oklahoma City,OK,73099,Canadian,35.4705556,-97.7538889,OKR1032344,7/18/2023,10/17/2027,1522,Residential Construction,N,,,,,,,,,,,
Xerox Facility Remodel,Capstone Construction Services LLC,100 N Mustang Rd,Oklahoma City,OK,73099,Canadian,35.470814,-97.722278,OKR1037222,12/10/2025,10/17/2027,1542,Nonresidential Construction,N,,,,,,,,,,,
Oklahoma Gas and Electric Mustang Power Plant,Bradenburg Industrial Service Company,501 N Mustang Plant Rd,Oklahoma City,OK,73127,Canadian,35.4709098,-97.6747267,OKR1036880,8/21/2025,10/17/2027,1542,Nonresidential Construction,N,,,,,,,,,,,
Lucas Home,Glynn Lucas,460 N Hiwassee Rd,Choctaw,OK,73020,Oklahoma,35.4709444,-97.3002778,OKR1037546,3/12/2026,10/17/2027,1542,Nonresidential Construction,N,,,,,,,,,,,
Alleys End,Alleys End LP,400 N EK Gaylord Blvd,Oklahoma City,OK,73102,Oklahoma,35.4713,-97.5132,OKR1035044,1/2/2024,10/17/2027,1522,Residential Construction,N,,,,,,,,,,,
"PC-0760, WC-1078 Cemetery Road Widening and Reconstruction","Schwarz Paving Co., Inc",Cemetery Rd. btwn Reno Ave and NW 10th St.,Oklahoma City,OK,73099,Canadian,35.4713889,-97.7602778,OKR1037883,6/16/2026,10/17/2027,1611,Highway And Street Construction,N,,,,,,,,,,,
Standard Roofing,Standard Business Holdings,6201 Melrose Ln,Oklahoma City,OK,73127,Oklahoma,35.471398,-97.621345,OKR1036015,10/29/2024,10/17/2027,1542,Nonresidential Construction,N,,,,,,,,,,,
Melrose Lane Development,Melrose Lane Investment Company LLC,On and north of Melrose Ln .2 mi west N Council Rd,Oklahoma City,OK,73127,Oklahoma,35.471568,-97.657475,OKR1033870,2/7/2023,10/17/2027,1542,Nonresidential Construction,N,,,,,,,,,,,
Project No WC-0855-R,McKee Utility Contractors LLC,on Melrose Ln begin at N Fordson Dr ext to N MacArthur Blvd,Oklahoma City,OK,73127,Oklahoma,35.471699,-97.643199,OKR1036355,2/28/2025,10/17/2027,1542,Nonresidential Construction,N,,,,,,,,,,,
Coca Cola Southwest Beverages,Clayco Construction,600 N MAY AVE,Oklahoma City,OK,73107,Oklahoma,35.4719397,-97.5645533,OKR1036200,1/2/2025,10/17/2027,1541,Industrial Buildings And Warehouses,N,,,,,,,,,,,
Vickie Property Borrow Area,Sherwood Construction Co Inc,Northwest of NE 4th St and N Vickie Dr,Del City,OK,73121,Oklahoma,35.472222,-97.433888,OKR1010122,8/11/2023,10/17/2027,1542,Nonresidential Construction,N,,,,,,,,,,,
Astec Middle & High School,Miller Tippens Construction Co.,2600 General Pershing Blvd,Oklahoma City,OK,73107,Oklahoma,35.4724,-97.5589,OKR1035261,3/19/2024,10/17/2027,1542,Nonresidential Construction,N,,,,,,,,,,,
Brakes Plus Yukon OK,Devier Enterprises LLC,601 N Czech Hall Rd,Yukon,OK,73099,Canadian,35.4726,-97.7432,OKR1037473,3/2/2026,10/17/2027,1542,Nonresidential Construction,N,,,,,,,,,,,
Vickie Concrete Batch Plant,Van Eaton Ready Mix Inc,551 N Vickie Dr,Oklahoma City,OK,73117,Oklahoma,35.472756,-97.434535,OKR1036981,9/16/2025,10/17/2027,1542,Nonresidential Construction,N,,,,,,,,,,,
ASTEC School at General Pershing Campus,Astec Charter Schools,2600 General Pershing Blvd,Oklahoma City,OK,73107,Oklahoma,35.4728,-97.5588,OKR1028846,7/28/2023,10/17/2027,1542,Nonresidential Construction,N,,,,,,,,,,,
Willow Villas,KB Woods Properties LLC,.4 mi south of NW 10th St east of N Cemetery Rd,Yukon,OK,73099,Canadian,35.4730556,-97.7594444,OKR1032646,8/15/2023,10/17/2027,1521,Single-Family Housing Construction,N,,,,,,,,,,,
ODOT JP 35924 04,SAC Services Inc,N CLASSEN BLVD FROM W SHERIDAN ST TO NW 10TH ST,Oklahoma City,OK,73106,Oklahoma,35.4733333,-97.5288889,OKR1037861,6/16/2026,10/17/2027,1611,Highway And Street Construction,N,,,,,,,,,,,
5andWal,Lingo Construction,616 N. Walnut Avenue,Oklahoma City,OK,73104,Oklahoma,35.473629,-97.508456,OKR1036137,12/13/2024,10/17/2027,1542,Nonresidential Construction,N,,,,,,,,,,,
601 N Rockwell,Floilan Garcia,601 N Rockwell,Oklahoma City,OK,73127,Oklahoma,35.47374,-97.63707,OKR1033930,1/20/2023,10/17/2027,1542,Nonresidential Construction,N,,,,,,,,,,,
El Reno Regional Airport Terminal,WL McNatt,6600 S Airport Rd,El Reno,OK,73036,Canadian,35.4737502,-98.0019807,OKR1036725,7/1/2025,10/17/2027,1542,Nonresidential Construction,N,,,,,,,,,,,
McConnell House,Aaron McConnell,.3 mi south of NE 10th St .3 mi east of N Anderson Rd,Choctaw,OK,73020,Oklahoma,35.474146,-97.312709,OKR1037621,3/27/2026,10/17/2027,1521,Single-Family Housing Construction,N,,,,,,,,,,,
Together We Church Facility,Together We Church 2025 Extension,620 N Cemetery Rd,Yukon,OK,73099,Canadian,35.4743,-97.7563,OKR1037321,12/29/2025,10/17/2027,1542,Nonresidential Construction,N,,,,,,,,,,,
Douglass High School Improvements and Softball Field,CMS Willowbrook,NEC of Frederick Douglass Drive and N Martin Luther King Dr,Oklahoma City,OK,73117,Oklahoma,35.4744,-97.4766,OKR1035616,6/28/2024,10/17/2027,1542,Nonresidential Construction,N,,,,,,,,,,,
CNP Football Multipurpose Facility,Quad Construction,14300 NE 10th Street,Choctaw,OK,73020,Oklahoma,35.4744621,-97.2792145,OKR1035879,9/23/2024,10/17/2027,1542,Nonresidential Construction,N,,,,,,,,,,,
Shell Building at The Market at Czech Hall - Tract 3A,Czech Hall Retail LLC,739 N Czech Hall Road,Oklahoma City,OK,73099,Canadian,35.475,-97.7436111,OKR1032986,9/18/2023,10/17/2027,1521,Single-Family Housing Construction,N,,,,,,,,,,,
Shell Building at The Market at Czech Hall - Tract 3A,Czech Hall Retail LLC,739 N Czech Hall Road,Oklahoma City,OK,73099,Canadian,35.475,-97.7436111,OKR1032986,9/18/2023,10/17/2027,,,N,,,,,,,,,,,
Westfall Section 2,Premium Land LLC,.2 miles S of NE 10th St E of N Hiwassee Rd,Choctaw,OK,73020,Oklahoma,35.475089,-97.300232,OKR1036310,2/18/2025,10/17/2027,1521,Single-Family Housing Construction,N,,,,,,,,,,,
Brush Creek Section 3,Harrah Brush Creek Properties LLC,.2 miles S of NE 10th St .2 miles W of N Harrah Rd,Harrah,OK,73045,Oklahoma,35.4754583,-97.1628528,OKR1033258,8/17/2023,10/17/2027,1521,Single-Family Housing Construction,N,,,,,,,,,,,
OU Health Science Center Chiller Plant,Flintco,916 NE 8TH ST,Oklahoma City,OK,73104,Oklahoma,35.4756002,-97.4967702,OKR1035167,2/13/2024,10/17/2027,1542,Nonresidential Construction,N,,,,,,,,,,,
Bennington Park Apartments,Bennington Park Apartments LP,621 Davis Ave.,Oklahoma City,OK,73127,Oklahoma,35.4756768,-97.6611208,OKR1036847,8/13/2025,10/17/2027,1522,Residential Construction,N,,,,,,,,,,,
BC Building Addition,BC Steel Buildings Inc,9900 NW 10th St,Oklahoma City,OK,73127,Canadian,35.476375,-97.692675,OKR1034278,5/8/2023,10/17/2027,1542,Nonresidential Construction,N,,,,,,,,,,,
Innovation Center,Robinson Park LLC,.1 mi south of NE 10th St .2 mi west of N Lincoln Blvd,Oklahoma City,OK,73104,Oklahoma,35.4764,-97.5063,OKR1032422,5/22/2023,10/17/2027,1542,Nonresidential Construction,N,,,,,,,,,,,
10th & Czech Hall East,10 th Street LLC,11795 NW 10th Street,Oklahoma City,OK,73099,Canadian,35.4769444,-97.7358333,OKR1023011,4/17/2023,10/17/2027,1542,Nonresidential Construction,N,,,,,,,,,,,
Yukon Apartments,S and K Commercial Construction,.1 mi south of NW 10th St .3 mi east of N Cemetery Rd,Oklahoma City,OK,73099,Canadian,35.4770389,-97.7541222,OKR1033204,10/13/2023,10/17/2027,1542,Nonresidential Construction,N,,,,,,,,,,,
Ellsworth Materials,Ellsworth Materials,901 N Sooner Rd,Del City,OK,73121,Oklahoma,35.477425,-97.4241222,OKR1035988,10/28/2024,10/17/2027,1541,Industrial Buildings And Warehouses,N,,,,,,,,,,,
Caliber Collision - Yukon,Cross Development,S of NW 10th St .08 miles E of N Cemetery Rd,Yukon,OK,73099,Canadian,35.477441,-97.758855,OKR1034391,6/20/2023,10/17/2027,1542,Nonresidential Construction,N,,,,,,,,,,,
Choctaw High School Tennis Courts,Choctaw High Schools,14300 NE 10th St,Choctaw,OK,73020,Oklahoma,35.477499,-97.277177,OKR1036434,4/9/2025,10/17/2027,1542,Nonresidential Construction,N,,,,,,,,,,,
Westfall Section 1,"Premium Land, LLC.",SE of the Int of NE 10th St and N Hiwassee Rd,Choctaw,OK,73020,Oklahoma,35.4775,-97.2988889,OKR1032241,5/8/2023,10/17/2027,1521,Single-Family Housing Construction,N,,,,,,,,,,,
Frito Lay Product Exchange Center,42 Real Estate,NE corner of Industrial Park Dr and Business Dr,Clinton,OK,73601,Custer,35.4776667,-98.9871389,OKR1035423,5/22/2024,10/17/2027,1542,Nonresidential Construction,N,,,,,,,,,,,
SSM Health West Entrance,SSM Health St Anthony Hospital,On N Lee Ave between NW 10th St and NW 9th St,Oklahoma City,OK,73102,Oklahoma,35.4778097,-97.5242857,OKR1036336,2/24/2025,10/17/2027,1542,Nonresidential Construction,N,,,,,,,,,,,
Bronco Equipment Rental and Sales,Bronco Equipment Rental and Sales,9630 NW 10th Street,Oklahoma City,OK,73127,Canadian,35.4778361,-97.6859528,OKR1035135,2/13/2024,10/17/2027,1542,Nonresidential Construction,N,,,,,,,,,,,
The Farm - Winding Creek Dev,Winding Creek Developments,South of NE 10th St .3 mi east of N Choctaw Rd,Choctaw,OK,73020,Oklahoma,35.4780333,-97.2588667,OKR1036682,6/23/2025,10/17/2027,1522,Residential Construction,N,,,,,,,,,,,
Epic Paintball Park,Epic Paintball Park LLC,8700 NW 10th St,Oklahoma City,OK,73127,Oklahoma,35.478407,-97.66757,OKR1036570,5/8/2025,10/17/2027,1542,Nonresidential Construction,N,,,,,,,,,,,
Morgan Road Yard,Action Safety Supply Co LLC,1001 Morgan Road,Oklahoma City,OK,73127,Canadian,35.478481,-97.690334,OKR1030338,8/9/2023,10/17/2027,1542,Nonresidential Construction,N,,,,,,,,,,,
Sanitary Sewer System Improvements Section 1 and 2,Jordan Contractors LLC,Begin on N Harrah Rd .3 miles N of E Reno Ave ext .8 miles E,Harrah,OK,73045,Oklahoma,35.4785744,-97.1588758,OKR1036227,1/17/2025,10/17/2027,1542,Nonresidential Construction,N,,,,,,,,,,,
OKC BC-0230 & SC-1146 Bridge Rehabilitation,Manhattan Road and Bridge,NW 10th St Over N Grand Blvd,Oklahoma City,OK,73107,Oklahoma,35.4786886,-97.5760288,OKR1036247,1/23/2025,10/17/2027,1622,"Bridge, Tunnel, & Elevated Highway",N,,,,,,,,,,,
Choctaw Pointe - Section 1,Farzaneh Development LLLP,North of NE 10th St .4 mi east of N Choctaw Rd,Choctaw,OK,73020,Oklahoma,35.4788889,-97.2572222,OKR1032400,5/3/2023,10/17/2027,1521,Single-Family Housing Construction,N,,,,,,,,,,,
J Scott Facility,Raymond Payne,12000 Reuter Rd W,El Reno,OK,73036,Canadian,35.478921,-98.087777,OKR1033985,2/10/2023,10/17/2027,1542,Nonresidential Construction,N,,,,,,,,,,,
MAPS4 Family Justice Center,Crossland Construction Co Inc,1135 North Hudson Ave,Oklahoma City,OK,73103,Oklahoma,35.4794399,-97.5192863,OKR1036595,5/12/2025,10/17/2027,1542,Nonresidential Construction,N,,,,,,,,,,,
NW 10th and JKT,Genesis Concrete Co,SWC of NW 10th St and Old Oklahoma Hwy 4,Oklahoma City,OK,73099,Canadian,35.4794444,-97.7144444,OKR1036677,6/23/2025,10/17/2027,1542,Nonresidential Construction,N,,,,,,,,,,,
Intersection Improvements and Watermain Replacement,Rudy Construction,N Penn Ave at NW 10th and N Virginia Ave,Oklahoma City,OK,73107,Oklahoma,35.479484,-97.547719,OKR1036215,1/16/2025,10/17/2027,1611,Highway And Street Construction,N,,,,,,,,,,,
Demolition - 12451 NW 10th St,Coughlin Equipment Co,12451 NW 10th St,Yukon,OK,73099,Canadian,35.4795108,-97.7493307,OKR1037423,2/18/2026,10/17/2027,1542,Nonresidential Construction,N,,,,,,,,,,,
Shell Building,Tatco Construction,Northeast of N Classen Blvd and NW 12th St,Oklahoma City,OK,73106,Oklahoma,35.481598,-97.52865,OKR1036190,1/2/2025,10/17/2027,1542,Nonresidential Construction,N,,,,,,,,,,,
Stone Mill Addition Phase IV,4N Development LLC,W of Yukon Pkwy .2 miles N of NW 10th,Yukon,OK,73099,Canadian,35.4816667,-97.7269444,OKR1021190,8/25/2023,10/17/2027,1521,Single-Family Housing Construction,N,,,,,,,,,,,
WEP-Candlewood Hotel,SV Investments Enterprises LLC,.1 mi south of Shedeck Pkwy and east of Westend Pointe Dr,Yukon,OK,73099,Canadian,35.4818111,-97.7558278,OKR1029474,10/4/2023,10/17/2027,1542,Nonresidential Construction,N,,,,,,,,,,,
OCH Behavioral Health Center,CMS Willowbrook Inc,960 NE 13th St,Oklahoma City,OK,73104,Oklahoma,35.481841,-97.4952101,OKR1034716,8/31/2023,10/17/2027,1542,Nonresidential Construction,N,,,,,,,,,,,
Alley North Phase 1,Pivot Real Estate Development,Northeast of NW 13th St and N Broadway Ave,Oklahoma City,OK,73103,Oklahoma,35.4825,-97.5134,OKR1035714,8/12/2024,10/17/2027,6512,Nonresidential Building Operators,N,,,,,,,,,,,
Alley North Phase 1,Pivot Real Estate Development,Northeast of NW 13th St and N Broadway Ave,Oklahoma City,OK,73103,Oklahoma,35.4825,-97.5134,OKR1035714,8/12/2024,10/17/2027,1542,Nonresidential Construction,N,,,,,,,,,,,
Stone Mill Commercial - Phase 3,5N Properties LLC,West of S Yukon Pkwy .3 mi north of NW 10th St,Yukon,OK,73099,Canadian,35.483369,-97.725227,OKR1035948,10/10/2024,10/17/2027,1542,Nonresidential Construction,N,,,,,,,,,,,
STONE MILL,3N DEVELOPMENT LLC,.3 MILES N OF NW 10th W OF MUSTANG RD,Yukon,OK,73099,Canadian,35.484052,-97.730917,OKR106155,8/25/2023,10/17/2027,1542,Nonresidential Construction,N,,,,,,,,,,,
Oklahoma City VA Medical Ctr,Oklahoma City VA Medical Center,921 NE 13th St,Oklahoma City,OK,73104,Oklahoma,35.484441,-97.495619,OKR1020750,6/9/2023,10/17/2027,1542,Nonresidential Construction,N,,,,,,,,,,,
Kickapoo Tribe of Oklahoma Childcare Center,Redhawk Construction Inc,105365 OK-102,McCloud,OK,74851,Lincoln,35.484809,-97.089168,OKR1036938,9/4/2025,10/17/2027,1542,Nonresidential Construction,N,,,,,,,,,,,
Parking Garage 2,ADVON Corporation,940 NE 16th Street,Oklahoma City,OK,73104,Oklahoma,35.485168,-97.494986,OKR1035890,9/26/2024,10/17/2027,1542,Nonresidential Construction,N,,,,,,,,,,,
Kilpatrick Farms Phase 1,Calara Land (OK) LLC,West of N Sara Rd .5 mi north of NW 10th St,Oklahoma City,OK,73099,Canadian,35.4861,-97.7101,OKR1037608,4/6/2026,10/17/2027,1522,Residential Construction,N,,,,,,,,,,,
ODOT JP 38438 04 and ODOT JP 37942 04,Redlands Contracting LLC,Garth Brooks Blvd under I-40 1.5 miles south of SH-55,Yukon,OK,73099,Canadian,35.4867801,-97.7603454,OKR1036617,5/21/2025,10/17/2027,1611,Highway And Street Construction,N,,,,,,,,,,,
Mar A Lago - Section IV,Sugar Sands Services LLC,.4 mi south of NW 23rd St .5 mi west of N Sara Rd,Oklahoma City,OK,73099,Canadian,35.4868,-97.7191,OKR1034636,8/21/2023,10/17/2027,1522,Residential Construction,N,,,,,,,,,,,
Miller Crossing South Parcel,Syntras Development Partners,North of 1800 S Yukon Pkwy,Yukon,OK,73099,Oklahoma,35.4876083,-97.7237166,OKR1038117,8/31/2026,10/17/2027,1542,Nonresidential Construction,N,,,,,,,,,,,
Prague High School Additions and Renovation,Joe D Hall General Contractors LLC,1113 Westlawn Lane,Prague,OK,74864,Lincoln,35.4880556,-96.6980556,OKR1036711,6/30/2025,10/17/2027,1542,Nonresidential Construction,N,,,,,,,,,,,
Yukon Performing Arts Center,Manhattan Construction,1777 S Yukon Pkwy,Yukon,OK,73099,Canadian,35.488369,-97.730049,OKR1035080,1/25/2024,10/17/2027,1542,Nonresidential Construction,N,,,,,,,,,,,
Yellowstone Estates Phase 2,Yellowstone Investment Group LLC,SEC of Jensen Rd E and S Manning Rd,El Reno,OK,73036,Canadian,35.488697,-97.863211,OKR1037476,3/2/2026,10/17/2027,1521,Single-Family Housing Construction,N,,,,,,,,,,,
Miller Crossing North Parcel,Syntrias Development Partners,2200 S Yukon Pkwy,Yukon,OK,73099,Oklahoma,35.489183,-97.722625,OKR1038064,8/11/2026,10/17/2027,1542,Nonresidential Construction,N,,,,,,,,,,,
Mar A Lago Section III,DHD Corporation,S side of NW 23rd St and approx 0.5 miles west of Sara Rd,Oklahoma City,OK,73099,Canadian,35.4897,-97.7145,OKR1032484,9/15/2023,10/17/2027,1522,Residential Construction,N,,,,,,,,,,,
Jim Thorpe Building,Quad Construction,2101 N Lincoln Boulevard,Oklahoma City,OK,73105,Oklahoma,35.4902,-97.5047,OKR1035317,4/1/2024,10/17/2027,1542,Nonresidential Construction,N,,,,,,,,,,,
Crossroads at NE Grand Apartments,CROSSROADS AT NE GRAND BLVD LP,.06 mi northwest of NE Grand Blvd and NE Success St,Oklahoma City,OK,73111,Oklahoma,35.4904363,-97.4661906,OKR1034985,12/18/2023,10/17/2027,1522,Residential Construction,N,,,,,,,,,,,
Overholser Run,Premium Land LLC,SE Corner of Sara Road and NW 23rd Street,Oklahoma City,OK,73127,Canadian,35.4909,-97.7021056,OKR1033124,6/2/2023,10/17/2027,1521,Single-Family Housing Construction,N,,,,,,,,,,,
Overholser Run,Premium Land LLC,SE Corner of Sara Road and NW 23rd Street,Oklahoma City,OK,73127,Canadian,35.4909,-97.7021056,OKR1033124,6/2/2023,10/17/2027,6552,Subdividers And Developers,N,,,,,,,,,,,
The Villas at Choctaw Creek,The Villas at Choctaw Creek LP,.2 miles S of NE 23rd St W of N Triple XXX Rd,Choctaw,OK,73020,Oklahoma,35.4909,-97.2308,OKR1034369,5/26/2023,10/17/2027,1522,Residential Construction,N,,,,,,,,,,,
Covenant Community Church Expansion,Covenant Community Church,2250 S Yukon Parkway,Yukon,OK,73099,Canadian,35.491144,-97.72106,OKR1036325,2/13/2025,10/17/2027,1542,Nonresidential Construction,N,,,,,,,,,,,
The Grove Choctaw,Meek Development LLC,NE 23rd St west of N Triple X Rd,Choctaw,OK,73020,Oklahoma,35.4915444,-97.2356944,OKR1037915,7/1/2026,10/17/2027,1521,Single-Family Housing Construction,N,,,,,,,,,,,
Midwest City Sanitary Sewer Project Phase 1,City of Midwest City,From .1 mi south of NE 23rd St west of N Midwest Blvd,Midwest City,OK,73141,Oklahoma,35.4917,-97.3889,OKR1035802,9/30/2024,10/17/2027,1623,"Water, Sewer, And Utility Lines",N,,,,,,,,,,,
American Glass - Midwest City,American Glass,S of NE 23rd St .5 miles W of N Midwest Blvd,Midwest City,OK,73141,Oklahoma,35.492319,-97.397114,OKR1034551,7/21/2023,10/17/2027,1542,Nonresidential Construction,N,,,,,,,,,,,
Jurassic CrossFit,AllenJPLM LLC,12010 NE 23rd St,Nicoma Park,OK,73020,Oklahoma,35.4924556,-97.3169278,OKR1032026,6/22/2023,10/17/2027,1542,Nonresidential Construction,N,,,,,,,,,,,
Jensen Road Phase 1,Yellowstone Investment Group LLC,Jensen Rd E and S Manning Rd,Oklahoma City,OK,73109,Canadian,35.493,-97.86,OKR1032831,5/22/2023,10/17/2027,1522,Residential Construction,N,,,,,,,,,,,
ODOT JP 36374 04,Rudy Construction Company,NW 23rd St from Western Ave to Broadway Ave,Oklahoma City,OK,73118,Oklahoma,35.4933333,-97.5202778,OKR1037277,1/15/2026,10/17/2027,1542,Nonresidential Construction,N,,,,,,,,,,,
6017 NW 23rd Detention,"RAM DAM Development, LLC",6017 NW 23rd Street,Oklahoma City,OK,73127,Oklahoma,35.4933889,-97.6224972,OKR1037820,6/9/2026,10/17/2027,1542,Nonresidential Construction,N,,,,,,,,,,,
Spooner Tennis Volleyball Cts,Nossaman Family Foundation Inc,17781 NE 23rd,Harrah,OK,73045,Oklahoma,35.493414,-97.218137,OKR1023473,8/11/2023,10/17/2027,1542,Nonresidential Construction,N,,,,,,,,,,,
Sparks Boley Castle FTTH,Central Oklahoma Telephone Co LLC,"Sparks and areas to the southwest, Boley and areas to the",Sparks,OK,74869,Okfuskee,35.493457,-96.484465,OKR1034804,10/13/2023,10/17/2027,1542,Nonresidential Construction,N,,,,,,,,,,,
PC-0613 Street Scape Improvements,Rudy Construction Co,N Portland Ave from NW 23rd St to NW 36th St,Oklahoma City,OK,73107,Oklahoma,35.493677,-97.583361,OKR1037957,9/2/2026,10/17/2027,1542,Nonresidential Construction,N,,,,,,,,,,,
Take 5 Oil Choctaw OK,Take 5 Properties SPV LLC,North of NE 23rd St 500 ft west of N Henney Rd,Choctaw,OK,73020,Oklahoma,35.493694,-97.284611,OKR1035260,4/1/2024,10/17/2027,1542,Nonresidential Construction,N,,,,,,,,,,,
Renaissance Park,Alliance 23 LLC,North of NE 23rd St .3 mi east of N Coltrane Rd,Oklahoma City,OK,73121,Oklahoma,35.4938889,-97.4361111,OKR1031726,11/9/2023,10/17/2027,6552,Subdividers And Developers,N,,,,,,,,,,,
MAPS 4 CLARA LUPER CIVIL RIGHTS CENTER,CROSSLAND CONSTRUCTION COMPANY,2425 N. Martin Luther King Ave,Oklahoma City,OK,73111,Oklahoma,35.49428,-97.47704,OKR1037956,7/7/2026,10/17/2027,1542,Nonresidential Construction,N,,,,,,,,,,,
Taft Middle School,Lingo Construction Services,2901 NW 23rd Street,Oklahoma City,OK,73107,Oklahoma,35.49434,-97.56672,OKR1036248,1/27/2025,10/17/2027,1542,Nonresidential Construction,N,,,,,,,,,,,
State of Oklahoma- Kelley Building and Annex Building Renovation,Flintco LLC,2409 N Kelley Ave,Oklahoma City,OK,73111,Oklahoma,35.494671,-97.495731,OKR1036556,6/16/2025,10/17/2027,1542,Nonresidential Construction,N,,,,,,,,,,,
Westport Commerce Park Lot 2,Bridon Capital,912 Westport Blvd,Yukon,OK,73099,Canadian,35.4946722,-97.7657917,OKR1037129,11/21/2025,10/17/2027,1542,Nonresidential Construction,N,,,,,,,,,,,
Renaissance Park OKC,Ashton Court II LLC,N of NE 23rd St W of N Bartell Rd,Oklahoma City,OK,73099,Oklahoma,35.494988,-97.435547,OKR1036693,6/27/2025,10/17/2027,1521,Single-Family Housing Construction,N,,,,,,,,,,,
Westport Office Park,Salazar Commercial Properties,907 Westport Blvd,Yukon,OK,73099,Canadian,35.495,-97.7645,OKR1036095,8/1/2025,10/17/2027,1542,Nonresidential Construction,N,,,,,,,,,,,
Westport Industrial Park - Phase 1,Westport Industrial Park LLC,907 S 17th St,Yukon,OK,73099,Canadian,35.4950722,-97.7678944,OKR1036587,5/15/2025,10/17/2027,1542,Nonresidential Construction,N,,,,,,,,,,,
West Oak Village,"Silva Development, LLC",2601 N Rockwell Ave,Bethany,OK,73008,Oklahoma,35.4956694,-97.6376083,OKR1037880,6/16/2026,10/17/2027,1542,Nonresidential Construction,N,,,,,,,,,,,
Liberty Advanced Equipment Technologies,Liberty Energy Inc,560 Jensen Rd W,El Reno,OK,73036,Canadian,35.4958333,-97.9580556,OKR1038098,8/18/2026,10/17/2027,1542,Nonresidential Construction,N,,,,,,,,,,,
Harmony School Apartments,Harmony Affordable Housing Partners LP,1537 NE 24th St,Oklahoma City,OK,73131,Oklahoma,35.495844,-97.48379,OKR1032592,5/3/2023,10/17/2027,1542,Nonresidential Construction,N,,,,,,,,,,,
Lane Ross Boulevard,Sooner Investment Group Inc,2601 Harper Road,Choctaw,OK,73020,Oklahoma,35.4961306,-97.2757278,OKR1034026,2/15/2023,10/17/2027,1611,Highway And Street Construction,N,,,,,,,,,,,
Sierra Villas,Ascend Development Group LLC,.2 mi north of NE 23rd St west of N Westminster Rd,Spencer,OK,73084,Oklahoma,35.4963889,-97.3369444,OKR1035578,6/28/2024,10/17/2027,1522,Residential Construction,N,,,,,,,,,,,
Cimarron South,Williams Family Investments LLC,2700 N Cimarron Road,Yukon,OK,73099,Canadian,35.4965333,-97.80605,OKR1031209,6/12/2023,10/17/2027,1542,Nonresidential Construction,N,,,,,,,,,,,
Parkland Townhomes,Excel Development Group LLC,Sherry Lane & Parkland Avenue,Prague,OK,74864,Lincoln,35.4965417,-96.6878889,OKR1038068,8/12/2026,10/17/2027,1522,Residential Construction,N,,,,,,,,,,,
ODOT JP 31842 04,Duit Construction Co,I-40 at Exit 65 I-40B West JCT,Clinton,OK,73601,Custer,35.497177,-98.9862939,OKR1036884,8/18/2025,10/17/2027,1611,Highway And Street Construction,N,,,,,,,,,,,
The Homestead at Horn Valley Phase 4,Three Sixty Development Group LLC,Sara Rd & NW 23rd St,Oklahoma City,OK,73099,Canadian,35.4977778,-97.7041667,OKR1032223,5/1/2023,10/17/2027,1521,Single-Family Housing Construction,N,,,,,,,,,,,
The Homestead at Horn Valley Section 5,Three Sixty Development Group LLC,.4 miles E of N Sara Rd .3 miles N of NW 23rd St,Oklahoma City,OK,73099,Canadian,35.4981,-97.7,OKR1034149,3/24/2023,10/17/2027,1521,Single-Family Housing Construction,N,,,,,,,,,,,
Creston Park,Oklahoma City Housing Authority,.3 mi north of NE 23rd St east of N Martin Luther King Ave,Oklahoma City,OK,73111,Oklahoma,35.498322,-97.475114,OKR1031178,1/8/2024,10/17/2027,6552,Subdividers And Developers,N,,,,,,,,,,,
Homestead at Horn Valley S5,D.R. Horton - Texas Ltd,N of NW 27th St .3 miles E of N Sara Rd,Oklahoma City,OK,73099,Canadian,35.49868,-97.70106,OKR1035807,8/29/2024,10/17/2027,1521,Single-Family Housing Construction,N,,,,,,,,,,,
Avalon at Oklahoma City,Domera Development LLC,Located South of NE 30th Street and .3 miles East Kelley Ave,Oklahoma City,OK,73111,Oklahoma,35.4987,-97.4893,OKR1034371,5/30/2023,10/17/2027,1522,Residential Construction,N,,,,,,,,,,,
OKCPS - NW Classen High School - 2022 Bond Program,OKCPS Capital Improvements,2801 NW 27th St,Oklahoma City,OK,73107,Oklahoma,35.4990167,-97.5646694,OKR1036037,12/3/2024,10/17/2027,1542,Nonresidential Construction,N,,,,,,,,,,,
Preakness Trails,"Pakana, LLC",Hwy 62 and N 3350 Rd,Mcloud,OK,74851,Lincoln,35.4992,-97.0357,OKR1032406,10/10/2023,10/17/2027,1542,Nonresidential Construction,N,,,,,,,,,,,
Orchard at Raywood Section 3,Marvin R LLC,Sara Rd & NW 23rd St,Oklahoma City,OK,73099,Canadian,35.5,-97.714,OKR1032839,8/29/2023,10/17/2027,1521,Single-Family Housing Construction,N,,,,,,,,,,,
SEQUOYAH FUELS CORPORATION,Sequoyah Fuels Corporation,Hwy 10 & I-40,Gore,OK,74435,Sequoyah,35.5,-95.083333,OKR109681,6/28/2023,10/17/2027,1542,Nonresidential Construction,N,,,,,,,,,,,
Henney Ridge,"Henney, LLC",E of N Henney Rd .5 miles N of NE 23rd St,Choctaw,OK,73020,Oklahoma,35.500151,-97.282566,OKR1032887,9/25/2023,10/17/2027,1522,Residential Construction,N,,,,,,,,,,,
ODOT JP 28718 04,"C3 Construction, Inc.","County Road North Luther Road, Over the North Canadian River",Harrah,OK,73045,Oklahoma,35.50042,-97.19462,OKR1037758,5/21/2026,10/17/2027,1622,"Bridge, Tunnel, & Elevated Highway",N,,,,,,,,,,,
Raywood Manor Phase III - Marvin R,Marvin R LLC,.5 mi north and .2 mi west of N Sara Rd and NW 23rd Street,Oklahoma City,OK,73099,Canadian,35.5011111,-97.7116667,OKR1027956,8/29/2023,10/17/2027,1522,Residential Construction,N,,,,,,,,,,,
Castlewood Trails Section 7,"Sweet Grass Communities, LLC",.4 miles S of NW 36th St .3 miles E of N Sara Rd,Oklahoma City,OK,73099,Canadian,35.5022222,-97.7016667,OKR1032419,5/4/2023,10/17/2027,1521,Single-Family Housing Construction,N,,,,,,,,,,,
Castlewood Trails Section 8,"Sweet Grass Communities, LLC",E of N Sara Rd .3 miles S of NW 36th St,Oklahoma City,OK,73099,Canadian,35.5027778,-97.7033333,OKR1032533,5/4/2023,10/17/2027,1522,Residential Construction,N,,,,,,,,,,,
Williams Family Investments,CPI Pipe and Steel inc,2701 N Gregory,Yukon,OK,73085,Canadian,35.5037639,-97.8354389,OKR1028453,7/24/2023,10/17/2027,1542,Nonresidential Construction,N,,,,,,,,,,,
First Baptist Church of El Reno,Apollo Building Systems Inc,541 Mercy Drive,El Reno,OK,73036,Canadian,35.503916,-97.959168,OKR1036767,7/18/2025,10/17/2027,1542,Nonresidential Construction,N,,,,,,,,,,,
Raywood Manor Phase II,M.R. Schluter  FLP,.2 mi south of NW 36th St and .2 mi west of N Sara Rd,Oklahoma City,OK,73099,Canadian,35.5041667,-97.7138889,OKR1022474,8/29/2023,10/17/2027,1521,Single-Family Housing Construction,N,,,,,,,,,,,
Oklahoma Military Department - Civil Improvements Project,Crossland Construction Company,West of NE Grand Blvd .1 mi south of NE 36th St,Oklahoma City,OK,73111,Oklahoma,35.504502,-97.4691804,OKR1035656,7/12/2024,10/17/2027,1611,Highway And Street Construction,N,,,,,,,,,,,
North Ridge Addition,Ponderosa Development LLC,.2 miles S of NE 36th St E of Henney Rd,Choctaw,OK,73020,Oklahoma,35.505,-97.28,OKR1030479,7/10/2023,10/17/2027,1542,Nonresidential Construction,N,,,,,,,,,,,
Chisholm Springs Subdivision,LW Development,.1 mile S of NE 36th St .1 mile E of N Midwest Blvd,Spencer,OK,73084,Oklahoma,35.5052,-97.3866,OKR1031957,11/16/2023,10/17/2027,1521,Single-Family Housing Construction,N,,,,,,,,,,,
Salazars NW 34th Street Apartment Complex,Salazar Commercial Properties LLC,3800 NW 34th Street,Oklahoma City,OK,73112,Oklahoma,35.505925,-97.585765,OKR1035541,6/7/2024,10/17/2027,1521,Single-Family Housing Construction,N,,,,,,,,,,,
Centrillium Protein Plant,Centrillium Protein LLC,7220 NE 36th Street,Midwest City,OK,73141,Oklahoma,35.5059333,-97.4026722,OKR1033722,11/22/2022,10/17/2027,2013,Sausages And Other Prepared Meats,N,,,,,,,,,,,
Centrillium Protein Plant,Centrillium Protein LLC,7220 NE 36th Street,Midwest City,OK,73141,Oklahoma,35.5059333,-97.4026722,OKR1033722,11/22/2022,10/17/2027,2011,Meat Packing Plants,N,,,,,,,,,,,
Industrial Flex Space Phase 2,CPI Pipe & Steel Inc,16300 OK-66,Yukon,OK,73099,Canadian,35.5060833,-97.8323056,OKR1036667,7/23/2025,10/17/2027,1542,Nonresidential Construction,N,,,,,,,,,,,
Horseshoe Lake Simple Cycle Project 2,Oklahoma Gas and Electric Company,19801 NE 36th St.,Harrah,OK,73045,Oklahoma,35.5070472,-97.1853361,OKR1038061,8/13/2026,10/17/2027,4911,Electric Services,N,,,,,,,,,,,
Weatherford SE,AEP Oklahoma Trans Co,24200 Lindsey's Place Rd,Weatherford,OK,73096,Custer,35.5074503,-98.6783545,OKR1037361,1/13/2026,10/17/2027,1542,Nonresidential Construction,N,,,,,,,,,,,
CPI BUILDING 6,CPI Pipe & Steel Inc,16500 OK-66,Yukon,OK,73099,Canadian,35.5074729,-97.8369549,OKR1037244,12/5/2025,10/17/2027,,,N,,,,,,,,,,,
NW Bearing,Ward Construction,Southeast of SH 66  and Crossroads Blvd,El Reno,OK,73036,Canadian,35.5077,-97.9341,OKR1037352,1/8/2026,10/17/2027,1542,Nonresidential Construction,N,,,,,,,,,,,
Lexford Park Phase I,Colony Developers LLC,Northeast of NW 36th St & N Walker Ave,Oklahoma City,OK,73120,Oklahoma,35.508,-97.5209,OKR1035686,7/25/2024,10/17/2027,1522,Residential Construction,N,,,,,,,,,,,
AutoZone Store No 6732,AutoZone Stores LLC,835 E Main Street,Yukon,OK,73099,Canadian,35.508278,-97.728164,OKR1034532,7/3/2023,10/17/2027,1542,Nonresidential Construction,N,,,,,,,,,,,
The Donald W Reynolds Caring Center,"Youth & Family Services, Inc.",7565 OK-66,El Reno,OK,73036,Canadian,35.5087056,-97.8712778,OKR1035671,8/5/2024,10/17/2027,1542,Nonresidential Construction,N,,,,,,,,,,,
ODOT JP 38140 04,"Frontier Bridge, Inc.",North Banner Road,El Reno,OK,73036,Canadian,35.508889,-97.848611,OKR1037868,6/11/2026,10/17/2027,1622,"Bridge, Tunnel, & Elevated Highway",N,,,,,,,,,,,
Bethany Village,JSFM LLC,NW Corner of NW 36th and N Divis Ave,Bethany,OK,73008,Oklahoma,35.5089778,-97.6395972,OKR1032021,7/1/2023,10/17/2027,1522,Residential Construction,N,,,,,,,,,,,
Dougherty Forestry DFM,Dougherty Forestry Mfg,N of US Highway 66 .4 miles E of S Alfadale Rd,El Reno,OK,73036,Canadian,35.5091,-97.9127,OKR1034361,5/24/2023,10/17/2027,1542,Nonresidential Construction,N,,,,,,,,,,,
Yukon Crossing Office Warehouse,J Bentley Development,110 Yukon Crossing Ave,Yukon,OK,73099,Canadian,35.5091472,-97.7281306,OKR1036915,9/3/2025,10/17/2027,1542,Nonresidential Construction,N,,,,,,,,,,,
U-Stor Storage Facility,Eikon Consulting Group,3838 SPRINGLAKE DR,Oklahoma City,OK,73111,Oklahoma,35.5092492,-97.4918445,OKR1034912,11/13/2023,10/17/2027,1542,Nonresidential Construction,N,,,,,,,,,,,
Boys and Girls Club of OKC,PRGRIN,3806 N. Prospect Ave.,Oklahoma City,OK,73111,Oklahoma,35.5093,-97.4851,OKR1037865,7/30/2026,10/17/2027,1542,Nonresidential Construction,N,,,,,,,,,,,
Star Lumber - Detention Pond,Star Oklahoma Real Estate LLC,4419 E US Rt 66,El Reno,OK,73036,Canadian,35.50945,-97.900444,OKR1033638,7/28/2023,10/17/2027,1542,Nonresidential Construction,N,,,,,,,,,,,
Bethany Fields,Pelham Partners LLC,.1 mi north of NW 36th St west of N Rockwell Ave,Bethany,OK,73008,Oklahoma,35.5094583,-97.6380611,OKR1037588,3/31/2026,10/17/2027,1521,Single-Family Housing Construction,N,,,,,,,,,,,
Horseshoe Lake Simple Cycle Project,Oklahoma Gas and Electric Company,19801 NE 36th St,Harrah,OK,73045,Oklahoma,35.510051,-97.177648,OKR1035365,4/25/2024,10/17/2027,1542,Nonresidential Construction,N,,,,,,,,,,,
Fanning 66,"Jerico, Inc.",14301 W Highway 66,Yukon,OK,73099,Canadian,35.51009,-97.788003,OKR1025584,8/30/2023,10/17/2027,1542,Nonresidential Construction,N,,,,,,,,,,,
Ashton Place,Ashtongray,E of N Yukon Parkway .1 miles N of E Main St/Hwy 66,Yukon,OK,73099,Canadian,35.5102778,-97.7241667,OKR1033935,1/20/2023,10/17/2027,1521,Single-Family Housing Construction,N,,,,,,,,,,,
Ashton Place,Ashtongray,E of N Yukon Parkway .1 miles N of E Main St/Hwy 66,Yukon,OK,73099,Canadian,35.5102778,-97.7241667,OKR1033935,1/20/2023,10/17/2027,1522,Residential Construction,N,,,,,,,,,,,
PGC Commercial,Pro Grade Construction LLC,From N 11th St/Garth Brooks Blvd and W Kali Ave extend .5 mi,Yukon,OK,73099,Oklahoma,35.5102806,-97.7602806,OKR1037686,4/21/2026,10/17/2027,1542,Nonresidential Construction,N,,,,,,,,,,,
Walnut Lane Addition,Redstone Land Development,W of Choctaw Rd .2 miles N of NE 36th St,Choctaw,OK,73020,Oklahoma,35.5105278,-97.2680278,OKR1031061,5/24/2024,10/17/2027,6552,Subdividers And Developers,N,,,,,,,,,,,
AutoZone Store No 0501,HJB Construction Inc,5720 NW 39th St,Warr Acres,OK,73122,Oklahoma,35.5107408,-97.6165036,OKR1037190,11/20/2025,10/17/2027,1542,Nonresidential Construction,N,,,,,,,,,,,
Gemini Coatings Construction Project,Ward Construction,2300 Holloway Drive,El Reno,OK,73036,Canadian,35.5116667,-97.9488889,OKR1036008,10/28/2024,10/17/2027,1542,Nonresidential Construction,N,,,,,,,,,,,
Bethany Childrens Health Outpatient Building,Bethany Childrens Health Center,6800 NW 39th Street,Bethany,OK,73008,Oklahoma,35.5118917,-97.6343556,OKR1035245,3/11/2024,10/17/2027,1542,Nonresidential Construction,N,,,,,,,,,,,
FDT - El Reno,SRH Commercial,South of Investors Ave & 0.05 mi west of S Country Club Rd,El Reno,OK,73036,Canadian,35.5127,-97.9736,OKR1034324,5/12/2023,10/17/2027,,,N,,,,,,,,,,,
LIFT STATION IMPROVEMENTS AREA 4 - HWY 6,CIMARRON CONSTRUCTION CO,N SARA RD. BETWEEN HWY 66 & NW 36TH ST.,Oklahoma City,OK,73099,Oklahoma,35.513067,-97.712622,OKR1037929,6/26/2026,10/17/2027,1542,Nonresidential Construction,N,,,,,,,,,,,
SNU Prayer Chapel,Lingo Construction,6729 NW 39th Expy,Bethany,OK,73008,Oklahoma,35.513209,-97.630534,OKR1037622,4/2/2026,10/17/2027,1542,Nonresidential Construction,N,,,,,,,,,,,
Yukon Business Center,Texas Renovations & Construction,4204 N Sara Rd,Yukon,OK,73099,Canadian,35.51341,-97.706512,OKR1037090,11/6/2025,10/17/2027,1542,Nonresidential Construction,N,,,,,,,,,,,
"Crimson Lake Estates - Ph 1, 2, and 3",Camillo Companies,.3 mi north of I40 exit ramp .6 mi west of S Country Club Rd,El Reno,OK,73036,Canadian,35.513492,-97.984184,OKR1035194,2/22/2024,10/17/2027,1521,Single-Family Housing Construction,N,,,,,,,,,,,
Crimson Lake Estates Phase 3,Crimson Lake Estates LLC,.7 miles W of S Country Club Rd .6 miles S of W Elm St,El Reno,OK,73036,Canadian,35.5136111,-97.9852778,OKR1033957,1/30/2023,10/17/2027,1542,Nonresidential Construction,N,,,,,,,,,,,
The Villas at Settlers Crossing Phase 2,BMP LLC,.6 miles S of W Elm St .4 miles W of S Country Club Rd,El Reno,OK,73036,Canadian,35.5136111,-97.9788889,OKR1033473,6/27/2023,10/17/2027,1521,Single-Family Housing Construction,N,,,,,,,,,,,
Crimson Lake Estates Phase 4,Crimson Lake Estates LLC,S of Scarlet Ln .2 miles E of Vermillion Ln,El Reno,OK,73036,Canadian,35.5138889,-97.9863889,OKR1036297,2/27/2025,10/17/2027,1522,Residential Construction,N,,,,,,,,,,,
Willow Springs Section 1,Farzaneh Development LLLP,.5 mi north of NE 36th St west of N Choctaw Rd,Choctaw,OK,73020,Oklahoma,35.514147,-97.266252,OKR1035846,9/27/2024,10/17/2027,1521,Single-Family Housing Construction,N,,,,,,,,,,,
Draper Storage,Greg Draper,1651 S Shepard Ave,El Reno,OK,73036,Canadian,35.5143083,-97.9348417,OKR1036066,11/20/2024,10/17/2027,1542,Nonresidential Construction,N,,,,,,,,,,,
Crimson Lake Estates - D.R. Horton � Texas Ltd,D.R. Horton � Texas Ltd.,Crimson Lake Blvd and Redwood Lane,El Reno,OK,73036,Canadian,35.515039,-97.985259,OKR1037235,12/10/2025,10/17/2027,,,N,,,,,,,,,,,
Brakes Plus El Reno,Devier Enterprises LLC,1804 S Country Club Rd,El Reno,OK,73036,Canadian,35.515578,-97.973241,OKR1037474,2/26/2026,10/17/2027,1542,Nonresidential Construction,N,,,,,,,,,,,
River Mesa Phase 3,Manco Enterprises LLC,.4 mi south of E Wagner Rd .4 mi west of N Yukon Pkwy,Yukon,OK,73099,Canadian,35.5161111,-97.7322222,OKR1031954,4/17/2023,10/17/2027,1521,Single-Family Housing Construction,N,,,,,,,,,,,
Rose Rock Phase 2,"Rose Rock Development, Inc.",.4 mi south of NE 50th St .1 mi west of I35 Service Rd,Oklahoma City,OK,73111,Oklahoma,35.5161111,-97.4613889,OKR1031960,4/25/2023,10/17/2027,1521,Single-Family Housing Construction,N,,,,,,,,,,,
PC-0814 PH III Area Bound,Rudy Construction,"NW 50th St, I-44, N May Ave and Lake Hefner Parkway",Oklahoma City,OK,73112,Oklahoma,35.51643,-97.57457,OKR1037809,6/4/2026,10/17/2027,1611,Highway And Street Construction,N,,,,,,,,,,,
Route 66 Landing East,Route 66 Landing LLC,N of Hwy 66 and W of N Morgan Rd,Oklahoma City,OK,73099,Canadian,35.5167278,-97.6906056,OKR1031031,10/13/2023,10/17/2027,1542,Nonresidential Construction,N,,,,,,,,,,,
Rehab of Sallisaw Creek Dam,C-P Integrated Services Inc,W of Hwy 59 .5 miles S of E 1028 Rd,Sallisaw,OK,74955,Sequoyah,35.51692,-94.76997,OKR1037531,3/23/2026,10/17/2027,1542,Nonresidential Construction,N,,,,,,,,,,,
THP 2 - Rt 66 Landing,L Wallace Construction,4600 Grant Blvd,Oklahoma City,OK,73099,Canadian,35.5176056,-97.6947083,OKR1036713,6/27/2025,10/17/2027,1542,Nonresidential Construction,N,,,,,,,,,,,
River Mesa Section 4,Manco Enterprises LLC,.3 mi south of E Wagner Rd .4 mi west of N Yukon Pkwy,Yukon,OK,73099,Canadian,35.517905,-97.7325,OKR1036279,2/6/2025,10/17/2027,1521,Single-Family Housing Construction,N,,,,,,,,,,,
Western Asphalt Plant LLC,Western Asphalt Plant LLC,10332 N 2350 Rd,Weatherford,OK,73096,Custer,35.5184,-98.7997,OKR1037194,11/21/2025,10/17/2027,1542,Nonresidential Construction,N,,,,,,,,,,,
Oklahoma Muscoskeletal Surgery Center,Med-Partners Healthcare Development,East of Grant Blvd and 0.2 mi north of W Hwy 66,Yukon,OK,73099,Canadian,35.5187139,-97.6947028,OKR1034844,10/18/2023,10/17/2027,1542,Nonresidential Construction,N,,,,,,,,,,,
Route 66 Landing Phase V,Route 66 Landing LLC,.3 miles N of US Route 66 and E of John Kilpatrick Turnpike,Yukon,OK,73099,Canadian,35.5196889,-97.6954861,OKR1035341,4/12/2024,10/17/2027,1542,Nonresidential Construction,N,,,,,,,,,,,
Panda Express D22700,"Panda Express, Inc.",4900 N May Ave,Oklahoma City,OK,73112,Oklahoma,35.520338,-97.565408,OKR1033438,6/19/2023,10/17/2027,1542,Nonresidential Construction,N,,,,,,,,,,,
OWRB ARPA Project No ARP-23-0030-DPG Rentiesville Drainage Improvements,Wyatt Contracting,City Streets - Rentiesville btwn S McIntosh St and Grand Ave,Rentiesville,OK,74459,McIntosh,35.5212741,-95.4945097,OKR1037659,4/15/2026,10/17/2027,1623,"Water, Sewer, And Utility Lines",N,,,,,,,,,,,
ODOT JP 35433 04,Frontier Bridge Inc,I-40 over Main Street ext .1 miles E,Weatherford,OK,73096,Custer,35.5213889,-98.7144444,OKR1037285,12/18/2025,10/17/2027,1622,"Bridge, Tunnel, & Elevated Highway",N,,,,,,,,,,,
Oak Block 3 Culinary District,Veritas Development,2200 NW 50TH ST,Oklahoma City,OK,73112,Oklahoma,35.5218531,-97.5509977,OKR1035649,7/10/2024,10/17/2027,1542,Nonresidential Construction,N,,,,,,,,,,,
Zoo Orientation Plaza and Africa-Themed Savannah Exhibits,Oklahoma City Zoo,.2 miles S of Remington Pl .2 miles E of N Martin Luther,Oklahoma City,OK,73111,Oklahoma,35.521984,-97.472896,OKR1031509,8/1/2023,10/17/2027,1542,Nonresidential Construction,N,,,,,,,,,,,
Oak Phase 2,Veritas Development,N of NW 50th Street and .1 miles W Pennsylvania Avenue,Oklahoma City,OK,73112,Oklahoma,35.5225,-97.5483333,OKR1033023,6/1/2023,10/17/2027,1521,Single-Family Housing Construction,N,,,,,,,,,,,
Oak NW 50th,Veritas Development,Southwest of NW Expressway and N Pennsylvania Avenue,Oklahoma City,OK,73112,Oklahoma,35.5227778,-97.5486111,OKR1032454,5/10/2023,10/17/2027,1522,Residential Construction,N,,,,,,,,,,,
Caddo Child Care Center,Arrowood Kakinah Enterprises,806 W Cummins Rd,Hinton,OK,73047,Caddo,35.522783,-98.360956,OKR1034519,7/12/2023,10/17/2027,1542,Nonresidential Construction,N,,,,,,,,,,,
Mayfair NWC Site Development,Clyde Riggs Construction,Northwest of NW 50th St and N May Ave,Oklahoma City,OK,73112,Oklahoma,35.523,-97.5665,OKR1034310,5/12/2023,10/17/2027,1542,Nonresidential Construction,N,,,,,,,,,,,
UHS - Cedar Ridge - Behavioral Health Facility,Robins & Morton,6501/6505 NE 50th Street,Oklahoma City,OK,73141,Oklahoma,35.5230008,-97.4119245,OKR1036263,2/7/2025,10/17/2027,1542,Nonresidential Construction,N,,,,,,,,,,,
Bartmann Opportunity Zone LLC,Scott Selsor Construction LLC,120 SW Main,Weatherford,OK,73096,Custer,35.524525,-98.712789,OKR1032252,9/12/2023,10/17/2027,1542,Nonresidential Construction,N,,,,,,,,,,,
Bethany Mobile Home Park,Stonetown Bethany LLC,5200 N Peniel Ave,Bethany,OK,73122,Oklahoma,35.5247222,-97.6269444,OKR1037068,10/15/2025,10/17/2027,1521,Single-Family Housing Construction,N,,,,,,,,,,,
Booster Pump Station No. 8,Crossland Heavy Contractors,5400 Colfax Place,Oklahoma City,OK,73112,Oklahoma,35.525257,-97.5907927,OKR1037851,6/8/2026,10/17/2027,1623,"Water, Sewer, And Utility Lines",N,,,,,,,,,,,
5400 N Bryant Ave Soil Storage Yard,Allen Contracting Inc,5400 N Bryant Ave,Oklahoma City,OK,73121,Oklahoma,35.526159,-97.459013,OKR1034617,8/4/2023,10/17/2027,1542,Nonresidential Construction,N,,,,,,,,,,,
ODOT JP 35925 04 Part 1,Manhattan Road and Bridge,NW Expy and May Ave Interchange Roadway Only,Oklahoma City,OK,73112,Oklahoma,35.5263119,-97.5657392,OKR1037699,4/22/2026,10/17/2027,1611,Highway And Street Construction,N,,,,,,,,,,,
Red Ridge Phase I,Red Ridge Nature Preserve,5627 N. Kelley Ave.,Oklahoma City,OK,73111,Oklahoma,35.5266,-97.4977,OKR1038123,8/31/2026,10/17/2027,1542,Nonresidential Construction,N,,,,,,,,,,,
ODOT JP 35925 04 Part 2,Manhattan Road and Bridge,NW Expy and May Ave Interchange Culvert Ext,Oklahoma City,OK,73112,Oklahoma,35.527658,-97.5659749,OKR1037700,4/22/2026,10/17/2027,1611,Highway And Street Construction,N,,,,,,,,,,,
Bryant Ave Soil Storage Yard,Allen Contracting Inc,East of N Bryant Ave .4 mi north of NE 50th St,Oklahoma City,OK,73121,Oklahoma,35.528864,-97.4589,OKR1037669,4/20/2026,10/17/2027,1542,Nonresidential Construction,N,,,,,,,,,,,
ODOT JP 34331 04,Wyatt Contracting,I-40- over trib to Canadian River,Hinton,OK,73047,Caddo,35.5292609,-98.3643191,OKR1035463,5/21/2024,10/17/2027,1622,"Bridge, Tunnel, & Elevated Highway",N,,,,,,,,,,,
Classen Curve Development,VCC,East of N Classen Blvd .6 mi north of Northwest Expy,Oklahoma City,OK,73118,Oklahoma,35.531,-97.5341,OKR1034328,5/19/2023,10/17/2027,1542,Nonresidential Construction,N,,,,,,,,,,,
The Enclave at Blackwood Farms Section 3,Meek Development LLC,.4 mi south of NW 63rd St .5 mi west of N Council Rd,Oklahoma City,OK,73132,Oklahoma,35.5310056,-97.6607333,OKR1037211,11/25/2025,10/17/2027,1521,Single-Family Housing Construction,N,,,,,,,,,,,
Gore Elementary,Beshears Construction,504 Winn Street,Gore,OK,74435,Sequoyah,35.531673,-95.117764,OKR1037568,3/19/2026,10/17/2027,1542,Nonresidential Construction,N,,,,,,,,,,,
Quail Hollow Subdivision,Ridley Engineering Group LLC,2000 South Frontage Rd,Weatherford,OK,73096,Custer,35.5320861,-98.6802333,OKR1037109,10/29/2025,10/17/2027,1521,Single-Family Housing Construction,N,,,,,,,,,,,
Wiley Post Airport - Rudy Construction Co,Rudy Construction Co,5915 Philip J Rhoads Ave,Bethany,OK,73008,Oklahoma,35.53209,-97.64116,OKR1035970,11/17/2024,10/17/2027,1542,Nonresidential Construction,N,,,,,,,,,,,
OCAT - Wiley Post Airport Drainage Improvements Phase 1,TJ Campbell Construction,5915 Philip J Rhoads Ave,Bethany,OK,73008,Oklahoma,35.5322142,-97.6524693,OKR1035944,10/10/2024,10/17/2027,1541,Industrial Buildings And Warehouses,N,,,,,,,,,,,
The Enclave at Blackwood Farms Phase 2,Meek Development LLC,.3 mi south of NW 63rd St .4 mi west of N Council Rd,Oklahoma City,OK,73132,Oklahoma,35.532386,-97.6607333,OKR1036445,4/1/2025,10/17/2027,1521,Single-Family Housing Construction,N,,,,,,,,,,,
El Sueno,Fudge Family Ranch LLC,501 E I44 Service Road,Oklahoma City,OK,73105,Oklahoma,35.5325,-97.502,OKR1036122,1/15/2025,10/17/2027,1542,Nonresidential Construction,N,,,,,,,,,,,
Scale,Tailwind Applied Sciences,629 N.W. 59th St. AND 511 N.W. 62nd St.,Oklahoma City,OK,73118,Oklahoma,35.5332,-97.5223,OKR1037986,8/7/2026,10/17/2027,7374,Data Processing And Preparation,N,,,,,,,,,,,
The Enclave at Blackwood Farms Section 2 - D.R. Horton - Texas Ltd,D.R. Horton - Texas Ltd.,.2 mi east of N Stinchcomb Ave .2 mi south of NW 63rd St,Oklahoma City,OK,73132,Oklahoma,35.53333,-97.6586174,OKR1037488,2/26/2026,10/17/2027,1521,Single-Family Housing Construction,N,,,,,,,,,,,
ODOT JP 29844 04,Manhattan Road and Bridge Co,I-35  50th to Wilshire Blvd and I-44 from MLK Blvd to I-35,Oklahoma City,OK,73111,Oklahoma,35.5333333,-97.459975,OKR1033721,11/16/2022,10/17/2027,1622,"Bridge, Tunnel, & Elevated Highway",N,,,,,,,,,,,
Quail Hollow - National Home Corp,National Home Corp,South of Frontage Rd .1 mi west of S Lyle,Weatherford,OK,73096,Custer,35.533482,-98.679241,OKR1037706,4/22/2026,10/17/2027,1521,Single-Family Housing Construction,N,,,,,,,,,,,
The Enclave at Blackwood Farms Section 1,Meek Development LLC,.2 mi north of NW 39th Expy .4 mi west of N Council Rd,Oklahoma City,OK,73132,Oklahoma,35.533856,-97.660733,OKR1034372,5/26/2023,10/17/2027,1522,Residential Construction,N,,,,,,,,,,,
MP - 0477 Deep Fork Greenway Trails,Wynn Construction Co Inc,E of N Western Ave from WBI-44 ramp E along the greenway to,Oklahoma City,OK,73118,Oklahoma,35.53425,-97.4884167,OKR1033790,12/9/2022,10/17/2027,1542,Nonresidential Construction,N,,,,,,,,,,,
Canadian County Courthouse,Lingo Construction Services Inc,201 North Choctaw Ave,El Reno,OK,73036,Canadian,35.5345834,-97.9552977,OKR1036972,9/18/2025,10/17/2027,1542,Nonresidential Construction,N,,,,,,,,,,,
ODOT JP 27959 04,Treas Construction Inc,US-281 Spur over I-40 6.9 miles west of US-270,Geary,OK,73040,Canadian,35.534594,-98.2377448,OKR1037330,1/2/2026,10/17/2027,1622,"Bridge, Tunnel, & Elevated Highway",N,,,,,,,,,,,
The Condos at Grand,6100 Grand LLC c/o RBA Architects,0.14 mi NW of N Classen Blvd and NW Grand Blvd,Oklahoma City,OK,73116,Oklahoma,35.534736,-97.532981,OKR1031449,6/19/2023,10/17/2027,1542,Nonresidential Construction,N,,,,,,,,,,,
The Enclave at Blackwood Farms,D.R. Horton - Texas Ltd.,.1 mi south of NW 63rd St .3 mi west of N Council Rd,Oklahoma City,OK,73132,Oklahoma,35.53491,-97.65956,OKR1035926,10/4/2024,10/17/2027,1521,Single-Family Housing Construction,N,,,,,,,,,,,
Caseys OKC MLK,Caseys General Stores,NE 63rd St and N Martin Luther King Ave,Oklahoma City,OK,73111,Oklahoma,35.5352579,-97.4760075,OKR1037806,6/8/2026,10/17/2027,1542,Nonresidential Construction,N,,,,,,,,,,,
63rd & MLK Sports Facility,Modern Element Building Company,Southeast of NE 63 St & Martin Luther King Ave,Oklahoma City,OK,73111,Oklahoma,35.5356,-97.4733,OKR1034437,6/9/2023,10/17/2027,1542,Nonresidential Construction,N,,,,,,,,,,,
Residences at Classen Curve,Classen Curve Residences Owner LLC,1120 NW 63rd St,Oklahoma City,OK,73116,Oklahoma,35.536092,-97.531327,OKR1033550,9/26/2023,10/17/2027,1542,Nonresidential Construction,N,,,,,,,,,,,
CANA TO EL RENO JUNCTION,Western Farmers Electric Cooperative,From 13433 US Route 66 extending 3.4 mi south,Calumet,OK,73014,Canadian,35.5361075,-98.1044701,OKR1037264,12/11/2025,10/17/2027,1542,Nonresidential Construction,N,,,,,,,,,,,
ODOT JP 31096 04,Cornell Construction Company,I-40 from 0.5 Miles east of the SH-58 Junction,Hydro,OK,73048,Caddo,35.5361111,-98.6008333,OKR1038028,8/7/2026,10/17/2027,1611,Highway And Street Construction,N,,,,,,,,,,,
63rd and Kelley Development,Strategic Design and Development LLC,South of NE 63rd St .2 mi east of N Kelley Ave,Oklahoma City,OK,73111,Oklahoma,35.5364762,-97.4907336,OKR1037660,4/15/2026,10/17/2027,1542,Nonresidential Construction,N,,,,,,,,,,,
Private Jets Hangar D,Pinion Construction,7220 NW 63rd St. Hangar D,Oklahoma City,OK,73008,Oklahoma,35.5365522,-97.6412412,OKR1037613,4/27/2026,10/17/2027,1541,Industrial Buildings And Warehouses,N,,,,,,,,,,,
Equine Sports Medicine and Surgery,Clark Construction Inc,10205 NE 63rd St,Spencer,OK,73084,Oklahoma,35.5367278,-97.349025,OKR1037276,3/5/2026,10/17/2027,1542,Nonresidential Construction,N,,,,,,,,,,,
63rd Storage Facility,Johnston Builders,4535 NW 63rd St,Oklahoma City,OK,73116,Oklahoma,35.5372944,-97.6025167,OKR1035857,9/25/2024,10/17/2027,1542,Nonresidential Construction,N,,,,,,,,,,,
Salad & Go - 1609,Stansell Properties & Development,6501 N May Ave,Oklahoma City,OK,73116,Oklahoma,35.537631,-97.566159,OKR1035314,4/5/2024,10/17/2027,1542,Nonresidential Construction,N,,,,,,,,,,,
Southwestern OSU Jerry & Margaret Hodge Pharmacy & Rural Health Center,Hutton Inc,S of E University Ave W of N Caddo St,Weatherford,OK,73096,Custer,35.53764,-98.704688,OKR1035227,4/16/2024,10/17/2027,1542,Nonresidential Construction,N,,,,,,,,,,,
The Reserve - Winding Creek,Winding Creek Developments,East of N Harrah Rd and 0.1 mi north of NE 63rd St,Harrah,OK,73045,Oklahoma,35.5377778,-97.1575,OKR1034701,8/29/2023,10/17/2027,1542,Nonresidential Construction,N,,,,,,,,,,,
Sanctuary,Strand on Sherwood LLC,Along the north side of Sherwood Lane,Nichols Hills,OK,73116,Oklahoma,35.539,-97.5343,OKR1036899,9/5/2025,10/17/2027,1521,Single-Family Housing Construction,N,,,,,,,,,,,
Cumberland Court,Cumberland Drive LLC,,,,,Oklahoma,35.539827,-97.5302778,OKR1028298,6/12/2023,10/17/2027,1522,Residential Construction,N,,,,,,,,,,,
Cumberland Court,Cumberland Drive LLC,Cumberland Dr between Avondale Dr and N Western Ave,Nichols Hills,OK,73116,Oklahoma,35.539827,-97.5302778,OKR1028298,6/12/2023,10/17/2027,1522,Residential Construction,N,,,,,,,,,,,
Jett Construction,Jett Construction,101588 S 4510 Rd,Vian,OK,74962,Sequoyah,35.5402778,-94.99284,OKR1022916,9/25/2023,10/17/2027,1542,Nonresidential Construction,N,,,,,,,,,,,
Midland Resources Hangar at Wiley Post Airport,Cooper Air LP,"6701 N Rockwell Ave, Lot 3. 0.7 mi east of N Council Rd, 0.3",Oklahoma City,OK,73132,Oklahoma,35.5403056,-97.6422139,OKR1034151,3/24/2023,10/17/2027,1542,Nonresidential Construction,N,,,,,,,,,,,
DEER RUN,SWM & Sons Inc,Northwest of NE 63rd St and N Henney Rd,Jones,OK,73049,Oklahoma,35.5411111,-97.2844444,OKR1026357,5/10/2024,10/17/2027,1522,Residential Construction,N,,,,,,,,,,,
Summit Ridge Wastewater Treatment Facility,Oklahoma Conference Corporation of Seventh Day Adv,18501 NE 63rd St,Harrah,OK,73045,Oklahoma,35.541499,-97.209152,OKR1031109,5/3/2023,10/17/2027,1542,Nonresidential Construction,N,,,,,,,,,,,
6980 N Santa Fe Industrial Warehouse,Campbell Industrial Park LLC,6980 N Santa Fe Ave,Oklahoma City,OK,73105,Oklahoma,35.5423,-97.5119,OKR1036513,4/17/2025,10/17/2027,1542,Nonresidential Construction,N,,,,,,,,,,,
NW 71st St Warehouse Development,Mike Carson,241 NW 71st St,Oklahoma City,OK,73116,Oklahoma,35.5444,-97.5178,OKR1030819,9/13/2023,10/17/2027,1542,Nonresidential Construction,N,,,,,,,,,,,
LIFT STATION IMPROVEMENTS AREA 1 - LAKE HEFNER,CIMARRON CONSTRUCTION CO,BETWEEN HWY 74 & NW EXPRESSWAY S OF LAKE HEFNER,Oklahoma City,OK,73116,Oklahoma,35.544453,-97.583656,OKR1037928,6/29/2026,10/17/2027,1542,Nonresidential Construction,N,,,,,,,,,,,
Wilshire Point,Burlington Crossing LLC,On NW 72nd St and E of Classen Blvd,Oklahoma City,OK,73116,Oklahoma,35.545585,-97.526789,OKR1028025,11/9/2023,10/17/2027,1542,Nonresidential Construction,N,,,,,,,,,,,
3 Bird Golf Course,CGC LLC,331 NE 70th St,Oklahoma City,OK,73105,Oklahoma,35.5456089,-97.5040665,OKR1034521,7/5/2023,10/17/2027,1542,Nonresidential Construction,N,,,,,,,,,,,
Twin Oaks Phase III,A&V Development Inc,.4 mi South of W Wilshire Blvd 1.2 miles W of N Council Rd,Oklahoma City,OK,73099,Canadian,35.5456889,-97.6750111,OKR1036271,2/20/2025,10/17/2027,1542,Nonresidential Construction,N,,,,,,,,,,,
Twin Oaks Canyon Phase II,Tuscany Homes LLC,south of W Wilshire Blvd .3 miles and .8 miles E of,Oklahoma City,OK,73127,Oklahoma,35.5468,-97.6733,OKR1028959,10/5/2023,10/17/2027,,,N,,,,,,,,,,,
Wilshire Flats,Willmax Capital,Along E RW of N Classen Blvd btwn NW 74th and NW 76th St,Oklahoma City,OK,73116,Oklahoma,35.5476,-97.5275,OKR1037259,1/21/2026,10/17/2027,1521,Single-Family Housing Construction,N,,,,,,,,,,,
Pennbrooke Phase II,Coleman Development Group LLC,.2 miles S of W Wilshire Blvd. .5 miles W of N. Council Rd.,Oklahoma City,OK,73132,Oklahoma,35.548235,-97.664994,OKR1031961,8/18/2023,10/17/2027,1521,Single-Family Housing Construction,N,,,,,,,,,,,
Pennbrooke Phase III,Coleman Development Group LLC,South of NW Wilshire Blvd between N County Line Rd,Oklahoma City,OK,73132,Oklahoma,35.549039,-97.668569,OKR1037373,3/24/2026,10/17/2027,1521,Single-Family Housing Construction,N,,,,,,,,,,,
Riverbend Phase 1,Scissortail Development Group,SE corner of W. Wilshire Blvd and John Kilpatrick Turnpike,Yukon,OK,73099,Canadian,35.5491667,-97.6866667,OKR1037955,7/14/2026,10/17/2027,1542,Nonresidential Construction,N,,,,,,,,,,,
Wilshire and Council Business Park,All American Roofing,7701 N Council Rd,Oklahoma City,OK,73132,Oklahoma,35.5492,-97.6545,OKR1037360,2/4/2026,10/17/2027,1542,Nonresidential Construction,N,,,,,,,,,,,
BinKowski Home,Esperanza REI,6833 Grand Blvd,Nichols Hills,OK,73116,Oklahoma,35.5492333,-97.544325,OKR1036159,12/30/2024,10/17/2027,1521,Single-Family Housing Construction,N,,,,,,,,,,,
Broadway Flex,Breedlove Construction & Development,East of Broadway Extension .1 mi south of W Wilshire Blvd,Oklahoma City,OK,73116,Oklahoma,35.5492861,-97.5127778,OKR1034943,12/7/2023,10/17/2027,1542,Nonresidential Construction,N,,,,,,,,,,,
The Woods at Wilshire - Phase 1,"KB Woods, LLC",S of W Wilshire Blvd 1.6 miles W of N Council Blvd,Oklahoma City,OK,73099,Canadian,35.54939,-97.68176,OKR1033383,7/21/2023,10/17/2027,1521,Single-Family Housing Construction,N,,,,,,,,,,,
L5 Construction Headquarters,"L5 Construction, LLC",7609 North Harvey Ave,Oklahoma City,OK,73116,Oklahoma,35.5499186,-97.5193927,OKR1037470,2/24/2026,10/17/2027,1542,Nonresidential Construction,N,,,,,,,,,,,
Villas at Pennbrooke,Coleman Development Group LLC,South of W Wilshire Blvd 1 mi east of John Kilpatrick,Oklahoma City,OK,73132,Oklahoma,35.550052,-97.670678,OKR1031720,8/30/2023,10/17/2027,1521,Single-Family Housing Construction,N,,,,,,,,,,,
The Woods at Wilshire,D.R. Horton - Texas Ltd.,South of the W Wilshire Blvd and Cloverdale Way Intersection,Oklahoma City,OK,73099,Canadian,35.5501007,-97.6853342,OKR1037953,7/9/2026,10/17/2027,1521,Single-Family Housing Construction,N,,,,,,,,,,,
Pennbrooke Phase I,Coleman Development Group LLC,S of Wilshire Blvd. .5 miles W of Council Rd.,Oklahoma City,OK,73132,Oklahoma,35.55042,-97.664519,OKR1030677,8/18/2023,10/17/2027,6552,Subdividers And Developers,N,,,,,,,,,,,
Scannell - Wilshire,Scannell Properties #621 LLC,South of W Wilshire Blvd .6 mi west of Broadway Ext,Oklahoma City,OK,73116,Oklahoma,35.5508333,-97.5252778,OKR1035599,6/26/2024,10/17/2027,1542,Nonresidential Construction,N,,,,,,,,,,,
Gold Medal Drive Commercial,Kendra Anderson,821 E Wilshire Blvd,Oklahoma City,OK,73105,Oklahoma,35.5511944,-97.4976361,OKR1037384,1/30/2026,10/17/2027,1542,Nonresidential Construction,N,,,,,,,,,,,
Wilshire Park,Kai Schwarz,8102 Ridgeway Rd,Oklahoma City,OK,73131,Oklahoma,35.5516526,-97.4827295,OKR1034072,3/6/2023,10/17/2027,1522,Residential Construction,N,,,,,,,,,,,
Superior Construction Management,Clyde Riggs Construction,North of W Wilshire Blvd .2 mi west of N Rockwell Ave,Oklahoma City,OK,73132,Oklahoma,35.5517778,-97.6428194,OKR1036832,8/21/2025,10/17/2027,1542,Nonresidential Construction,N,,,,,,,,,,,
WOM6 Project Bruno,Graycor Construction Co,4600 E Lawter Rd,Weatherford,OK,73096,Custer,35.5526969,-98.6573835,OKR1037331,12/31/2025,10/17/2027,1541,Industrial Buildings And Warehouses,N,,,,,,,,,,,
South Half,East Wilshire Boulevard Development LLC,North of E Wilshire Blvd and E Broadway Ext Service Road,Oklahoma City,OK,73114,Oklahoma,35.5532,-97.5114,OKR1035122,2/2/2024,10/17/2027,1542,Nonresidential Construction,N,,,,,,,,,,,
Mammoth Fieldhouse OKC,Mammoth Sports Construction,.1 miles N of E Wilshire Blvd E of Broadway Ext/Hwy 77,Oklahoma City,OK,73114,Oklahoma,35.5532042,-97.51034,OKR1036945,9/3/2025,10/17/2027,1542,Nonresidential Construction,N,,,,,,,,,,,
Wings Special Needs Community Headquarters,Wynn Construction Co Inc,.1 mi north of E Wilshire Blvd .4 mi east of N Kelley Ave,Oklahoma City,OK,73131,Oklahoma,35.553239,-97.489237,OKR1034048,3/2/2023,10/17/2027,1542,Nonresidential Construction,N,,,,,,,,,,,
K&T Country Living RV Park,MJY Dirtworks,100990 Hwy 100,Gore,OK,74435,Sequoyah,35.5533333,-95.1,OKR1037550,3/12/2026,10/17/2027,1542,Nonresidential Construction,N,,,,,,,,,,,
OKC PS Belle Isle Enterprise High School,Timberlake Construction,221 E Wilshire Blvd,Oklahoma City,OK,73114,Oklahoma,35.554,-97.509,OKR1035821,10/15/2024,10/17/2027,1542,Nonresidential Construction,N,,,,,,,,,,,
Northwest Passage Business Park,Silver Cross Business Park LLC,8201 Silver Crossing,Oklahoma City,OK,73132,Oklahoma,35.554766,-97.649432,OKR1035112,2/5/2024,10/17/2027,1542,Nonresidential Construction,N,,,,,,,,,,,
AG Half Shell,Ashton Gray,101 NE 82nd St,Oklahoma City,OK,73114,Oklahoma,35.5557,-97.51088,OKR1033377,10/4/2023,10/17/2027,1542,Nonresidential Construction,N,,,,,,,,,,,
Andretti,AIKG LLC,East of Broadway Ext .3 mi north of E Wilshire Blvd,Oklahoma City,OK,73114,Oklahoma,35.5559,-97.512,OKR1034882,11/9/2023,10/17/2027,1542,Nonresidential Construction,N,,,,,,,,,,,
Bradley Development,KL Bradley Electric,.4 mi north of E Wilshire Blvd .1 mi east of N Sooner Rd,Oklahoma City,OK,73151,Oklahoma,35.55674,-97.422108,OKR1032946,7/26/2023,10/17/2027,1542,Nonresidential Construction,N,,,,,,,,,,,
Britton 80 Tract B Site,Gardner Tanenbaum Holdings,.4 mi north of E Wilshire Blvd east of N Bryant Ave,Oklahoma City,OK,73131,Oklahoma,35.5576472,-97.4585444,OKR1030630,8/23/2023,10/17/2027,1542,Nonresidential Construction,N,,,,,,,,,,,
Britton 80 Tract A Site,Gardner Tanenbaum Holdings,.3 miles S of Britton Rd .2 miles E of Bryant Ave,Oklahoma City,OK,73131,Oklahoma,35.5601111,-97.4572417,OKR1030591,8/11/2023,10/17/2027,1542,Nonresidential Construction,N,,,,,,,,,,,
Britton Farms Section 3,Premium Land LLC,.4 miles S of W Britton Rd .3 miles W of N County Line Rd,Oklahoma City,OK,73099,Canadian,35.5602,-97.6805556,OKR1032669,5/23/2023,10/17/2027,1521,Single-Family Housing Construction,N,,,,,,,,,,,
Unison,Habakkuk Medical Holdings,South of 8715 Broadway Extension,Oklahoma City,OK,73114,Oklahoma,35.5611,-97.51473,OKR1035254,5/22/2024,10/17/2027,1542,Nonresidential Construction,N,,,,,,,,,,,
Tara Plantation Phase III,A & V Development Inc,.2 mi south of W Britton Rd west of N County Line Rd,Oklahoma City,OK,73099,Canadian,35.5619444,-97.675,OKR1021785,10/5/2023,10/17/2027,1521,Single-Family Housing Construction,N,,,,,,,,,,,
Weatherford Community Center,City of Weatherford,North of G Dean Rader Dr and West of Lyle Road,Weatherford,OK,73096,Custer,35.5628667,-98.6802667,OKR1037974,7/20/2026,10/17/2027,1542,Nonresidential Construction,N,,,,,,,,,,,
Highland Ranch Phase II,Northwest Haymaker LLC,.2 mi east of N Mustang Rd .1 mi south of W Britton Rd,Oklahoma City,OK,73099,Canadian,35.5630556,-97.7230556,OKR1036166,8/1/2025,10/17/2027,1542,Nonresidential Construction,N,,,,,,,,,,,
Ahmed Property,Future Inc,E Britton and Post Rd,Spencer,OK,73084,Oklahoma,35.5636111,-97.3508333,OKR1030756,6/2/2023,10/17/2027,1542,Nonresidential Construction,N,,,,,,,,,,,
Creekside Farms,DBL Services LLC,"East of SW 2nd St, south of Stillwater Central RR, 0.25 mi",Jones,OK,73049,Oklahoma,35.5639722,-97.2880639,OKR1034146,3/23/2023,10/17/2027,1521,Single-Family Housing Construction,N,,,,,,,,,,,
Calm Springs Section 4,"Calm Springs, Inc.",South of W Britton Rd .3 mi east of N Morgan Rd,Oklahoma City,OK,73099,Canadian,35.564,-97.686,OKR1031332,9/14/2023,10/17/2027,6552,Subdividers And Developers,N,,,,,,,,,,,
Calm Springs Section 4,"Calm Springs, Inc.",South of W Britton Rd .3 mi east of N Morgan Rd,Oklahoma City,OK,73099,Canadian,35.564,-97.686,OKR1031332,9/14/2023,10/17/2027,1522,Residential Construction,N,,,,,,,,,,,
Jones Plaza,Todd Thomas,9290 N Hiwassee Rd,Jones,OK,73049,Oklahoma,35.5641667,-97.2994444,OKR1029361,6/16/2023,10/17/2027,1542,Nonresidential Construction,N,,,,,,,,,,,
Highland Ranch Commercial,Tim Hughes Custom Homes,.05 miles E of N Mustang Rd .07 miles S of W Britton Rd,Oklahoma City,OK,73099,Canadian,35.5647222,-97.7263889,OKR1035939,11/26/2024,10/17/2027,1542,Nonresidential Construction,N,,,,,,,,,,,
Focal Pointe Landscape,AC Owen Construction,1640 E Britton Rd,Oklahoma City,OK,73131,Oklahoma,35.565144,-97.49049,OKR1034578,7/24/2023,10/17/2027,1542,Nonresidential Construction,N,,,,,,,,,,,
Britton 80 Warehouse Main Site,Gardner Tanenbaum Holdings,W side of I-35 along the S side of Britton Rd,Oklahoma City,OK,73131,Oklahoma,35.5652,-97.4539,OKR1030597,8/11/2023,10/17/2027,1542,Nonresidential Construction,N,,,,,,,,,,,
Britton Place,Pelham Partners LLC,.2 mi east of N Morgan Rd south of W Britton Rd,Oklahoma City,OK,73099,Canadian,35.565256,-97.68811,OKR1035340,4/5/2024,10/17/2027,1521,Single-Family Housing Construction,N,,,,,,,,,,,
18525 E Britton Road Facility,WDS Contracting,18525 E Britton Rd,Jones,OK,73049,Oklahoma,35.565395,-97.201916,OKR1035945,10/23/2024,10/17/2027,1542,Nonresidential Construction,N,,,,,,,,,,,
Casady School Kirby Family Hall,Casady School,9500 N Pennsylvania Avenue,Oklahoma City,OK,73120,Oklahoma,35.5665,-97.5471,OKR1036326,2/19/2025,10/17/2027,1542,Nonresidential Construction,N,,,,,,,,,,,
DGC3 - Delivery Station,Amazon.com Services LLC,NEC E. Britton Road & N. Eastern Ave,Oklahoma City,OK,73131,Oklahoma,35.5677505,-97.4803348,OKR1037954,7/7/2026,10/17/2027,1541,Industrial Buildings And Warehouses,N,,,,,,,,,,,
Redstone Ranch Phase 12,OKC L Dev LLC,.3 mi north of W Britton Rd east of N Piedmont Rd,Oklahoma City,OK,73099,Canadian,35.5692861,-97.7443638,OKR1037693,4/17/2026,10/17/2027,1522,Residential Construction,N,,,,,,,,,,,
Autumn Park Phase 2,Farmhouse Partners LLC,"6601 E Britton Rd. N of E Britton Rd, 0.04 mi S of NE 101st",Oklahoma City,OK,73151,Oklahoma,35.5695139,-97.4141333,OKR1034166,3/29/2023,10/17/2027,1521,Single-Family Housing Construction,N,,,,,,,,,,,
Mill Creek - Jones,MDD Contracting LLC,E of N Hiwassee Rd .7 miles S of E Hefner Rd,Jones,OK,73049,Oklahoma,35.5695333,-97.2985278,OKR1035239,3/27/2024,10/17/2027,1542,Nonresidential Construction,N,,,,,,,,,,,
9800 Autumn Creek Ln,McGregor Homes LLC,9800 Autumn Creek Ln,Oklahoma City,OK,73151,Oklahoma,35.569908,-97.411985,OKR1035224,2/29/2024,10/17/2027,1521,Single-Family Housing Construction,N,,,,,,,,,,,
Redstone Ranch Phase 10,OKC L DEV LLC,.3 miles E of N Piedmont Rd .3 miles N of W Britton Rd,Oklahoma City,OK,73099,Canadian,35.570535,-97.739264,OKR1035005,1/2/2024,10/17/2027,1521,Single-Family Housing Construction,N,,,,,,,,,,,
Redstone Ranch Phase 11 - Lennar Homes,Lennar Homes of Oklahoma LLC,.2 miles E of North Piedmont Rd and .4 miles N of,Oklahoma City,OK,73099,Canadian,35.570941,-97.741275,OKR1037471,3/3/2026,10/17/2027,1521,Single-Family Housing Construction,N,,,,,,,,,,,
Redstone Ranch Phase 10 - Lennar Homes,Lennar Homes of Oklahoma LLC,.3 miles E of North Piedmont Road .4 miles N of W Britton Rd,Oklahoma City,OK,73099,Canadian,35.570999,-97.739764,OKR1037317,1/7/2026,10/17/2027,1521,Single-Family Housing Construction,N,,,,,,,,,,,
9908 Broadway Medical Office,"Wallace Construction Co., Inc.",9908 Broadway Ext.,Oklahoma City,OK,73114,Oklahoma,35.5713,-97.513,OKR1038118,8/31/2026,10/17/2027,1542,Nonresidential Construction,N,,,,,,,,,,,
Valdera Section 2 Block 6 - 10,Valdera Properties LLC,.4 miles N of Britton Rd .4 miles W of Morgan Rd,Oklahoma City,OK,73099,Canadian,35.5721,-97.6995,OKR1030269,10/25/2023,10/17/2027,1522,Residential Construction,N,,,,,,,,,,,
Digestive Disease Specialist,Digestive Disease Specialists Inc,10000 N Oklahoma Ave,Oklahoma City,OK,73114,Oklahoma,35.572191,-97.510393,OKR1029617,7/1/2023,10/17/2027,1542,Nonresidential Construction,N,,,,,,,,,,,
Redstone Ranch Phase 11,OKC L DEV LLC,.2 miles E of N Piedmont Rd .5 miles N of W Britton Rd,Oklahoma City,OK,73099,Canadian,35.572513,-97.741985,OKR1036242,1/23/2025,10/17/2027,1521,Single-Family Housing Construction,N,,,,,,,,,,,
Xpress Shops - 9000 NW Expressway,Zar Sandhu,9000 NW Expressway,Yukon,OK,73099,Canadian,35.572941,-97.6755603,OKR1037998,7/21/2026,10/17/2027,1542,Nonresidential Construction,N,,,,,,,,,,,
Hefner Crossing Phase 2 - Lennar Homes,Lennar Homes of Oklahoma LLC,.1 mi west of N Kelley Ave .5 mi south of E Hefner Rd,Oklahoma City,OK,73114,Oklahoma,35.573394,-97.498882,OKR1037202,11/25/2025,10/17/2027,1521,Single-Family Housing Construction,N,,,,,,,,,,,
Stro Holdings - Hefner and Hiwassee Rds,Ty Smith,East of N Hiwassee Rd .4 mi south of E Hefner Rd,Jones,OK,73049,Oklahoma,35.5736528,-97.2988528,OKR1037654,5/7/2026,10/17/2027,1542,Nonresidential Construction,N,,,,,,,,,,,
DF Materials LLC Yard,Isaias Vazquez,460 NW 102nd St,Oklahoma City,OK,73114,Oklahoma,35.5738,-97.5222,OKR1034581,7/25/2023,10/17/2027,1542,Nonresidential Construction,N,,,,,,,,,,,
DF Materials LLC Yard,Isaias Vazquez,460 NW 102nd St,Oklahoma City,OK,73114,Oklahoma,35.5738,-97.5222,OKR1034581,7/25/2023,10/17/2027,3281,Cut Stone And Stone Products,N,,,,,,,,,,,
The Enclave at Hefner Crossing Phase 2,Hefner Crossing Development LLC,E of NE 102nd St .4 miles s of E Hefner Rd,Oklahoma City,OK,73114,Oklahoma,35.5746833,-97.5048556,OKR1035519,5/28/2024,10/17/2027,1521,Single-Family Housing Construction,N,,,,,,,,,,,
Raven Substation Project,Oklahoma Gas and Electric Company,E of N 4130 Rd .4 miles S of W 123rd St S,Council Hill,OK,74428,Muskogee,35.57506,-95.658989,OKR1036567,5/6/2025,10/17/2027,1542,Nonresidential Construction,N,,,,,,,,,,,
10317 N Hassett St,Modern View Homes,10317 N HASSETT ST,Oklahoma City,OK,73131,Oklahoma,35.575311,-97.46962,OKR1034560,7/27/2023,10/17/2027,1521,Single-Family Housing Construction,N,,,,,,,,,,,
Bluegrass Meadows,Bluegrass Meadows LLC,10400 N Sara Rd,Yukon,OK,73099,Canadian,35.5756528,-97.7075306,OKR1035558,6/24/2024,10/17/2027,1521,Single-Family Housing Construction,N,,,,,,,,,,,
Candelaria Broadway Office,Candelaria Investments LLC,10408 Broadway Extension,Oklahoma City,OK,73114,Oklahoma,35.5757,-97.5131,OKR1037673,4/15/2026,10/17/2027,1542,Nonresidential Construction,N,,,,,,,,,,,
High Spring Solar,Blattner Company ,18572 W 133rd St S,Council Hill,OK,74428,Muskogee,35.576083,-95.658053,OKR1036728,7/10/2025,10/17/2027,,,N,,,,,,,,,,,
High Spring Solar Road Improvement,Blattner Company ,Between E 0980 Rd and E 1010 Rd and between N 4150 Rd,Council Hill,OK,74428,Muskogee,35.576083,-95.658053,OKR1036758,7/18/2025,10/17/2027,1542,Nonresidential Construction,N,,,,,,,,,,,
Kalidy Cove,Kalidy LLC,10410 E Hefner Rd,Oklahoma City,OK,73049,Oklahoma,35.57628,-97.346855,OKR1037007,10/9/2025,10/17/2027,1521,Single-Family Housing Construction,N,,,,,,,,,,,
The Enclave at Hefner Crossing Phase 2 - D.R. Horton - Texas Ltd,D.R. Horton - Texas Ltd,0.22mi South of E Hefner Road .4 miles W of N Kelley Ave,Oklahoma City,OK,73114,Oklahoma,35.5766,-97.50261,OKR1037175,11/18/2025,10/17/2027,1521,Single-Family Housing Construction,N,,,,,,,,,,,
Coeur dAlene,Greenbrier LLC,.2 miles S of W Hefner Rd  .4 miles W of N Mustang Rd,Oklahoma City,OK,73099,Canadian,35.5775,-97.7352,OKR1029291,8/12/2024,10/17/2027,1542,Nonresidential Construction,N,,,,,,,,,,,
Olde Mill,Kalidy LLC,south of Hefner Rd and west of Hiwassee Rd,Jones,OK,73049,Oklahoma,35.5775,-97.3066667,OKR1032985,8/17/2023,10/17/2027,1521,Single-Family Housing Construction,N,,,,,,,,,,,
Kimmel Addition,The Kimmel Group,901 NW 105TH ST,Oklahoma City,OK,73114,Oklahoma,35.5775029,-97.5274806,OKR1035087,1/19/2024,10/17/2027,1522,Residential Construction,N,,,,,,,,,,,
The Enclave at Hefner Crossing Phase 1,Hefner Crossing Development LLC,.1 mi south of E Hefner Rd .4 mi west of N Kelley Ave,Oklahoma City,OK,73114,Oklahoma,35.5780556,-97.5030556,OKR1033268,3/22/2023,10/17/2027,1521,Single-Family Housing Construction,N,,,,,,,,,,,
CJLE Cleanup,CJLE LLC,10301 N I-35 Service Rd,Oklahoma City,OK,73131,Oklahoma,35.5780556,-97.4486111,OKR1021851,7/10/2023,10/17/2027,1542,Nonresidential Construction,N,,,,,,,,,,,
The Learning Experience TLE,DBG Construction LLC,10701 N Council Road,Oklahoma City,OK,73162,Oklahoma,35.5784,-97.6567,OKR1033079,10/13/2023,10/17/2027,1542,Nonresidential Construction,N,,,,,,,,,,,
Build Block,BuildBlock Building Systems LLC,NW Corner of NW 106th St and N Hudson Ave,Oklahoma City,OK,73114,Oklahoma,35.5791,-97.5215,OKR1037475,7/31/2026,10/17/2027,1542,Nonresidential Construction,N,,,,,,,,,,,
Silverhorn Crossing,Silverhorn BTR-OKC LLC,Southwest of N Kelley Ave and E Hefner Rd,Oklahoma City,OK,73114,Oklahoma,35.5791667,-97.4972222,OKR1037438,2/24/2026,10/17/2027,1611,Highway And Street Construction,N,,,,,,,,,,,
St Eugene Early Childhood Center,St Eugene Catholic Church,2400 W Hefner Road,The Village,OK,73120,Oklahoma,35.579352,-97.558273,OKR1035121,2/2/2024,10/17/2027,1542,Nonresidential Construction,N,,,,,,,,,,,
YMCA Northside,Lingo Construction,2020 W Hefner Road,Oklahoma City,OK,73120,Oklahoma,35.5795072,-97.5487119,OKR1037238,12/5/2025,10/17/2027,1542,Nonresidential Construction,N,,,,,,,,,,,
The Enclave at Hefner Crossing Phase 1 - DR Horton,D.R. Horton - Texas Ltd,"South of E Hefner Road, .3 mi West of N Kelley Ave",Oklahoma City,OK,73114,Oklahoma,35.5798152,-97.5016919,OKR1035247,3/11/2024,10/17/2027,1521,Single-Family Housing Construction,N,,,,,,,,,,,
Oakdale Baseball Field,Oakdale Public School,SW corner of E Hefner rd and N Air Depot Blvd,Oklahoma City,OK,73013,Oklahoma,35.5798488,-97.4076726,OKR1037214,12/8/2025,10/17/2027,,,N,,,,,,,,,,,
ODOT JP 04758 04,Haskell Lemon Group LLC,N Piedmont Rd/SH-4 from W Wilshire Blvd to NW Expwy/SH-3,Oklahoma City,OK,73099,Canadian,35.5803,-97.7453,OKR1036088,11/25/2024,10/17/2027,1611,Highway And Street Construction,N,,,,,,,,,,,
The Shane - Oklahoma City,"WD Construction, LLC",9111 W Hefner Road,Oklahoma City,OK,73099,Canadian,35.5804126,-97.6786644,OKR1038020,8/10/2026,10/17/2027,1522,Residential Construction,N,,,,,,,,,,,
Greenbrier at Surrey Hills,The Greenbrier LLC,Northeast of W Hefner Rd and N Piedmont Rd,Oklahoma City,OK,73099,Canadian,35.580473,-97.742404,OKR1032640,8/13/2024,10/17/2027,1522,Residential Construction,N,,,,,,,,,,,
Springboard 123rd St,Nabholz Construction,On W 123rd St S btwn Hwy 72 and  N 4140 Rd,Council Hill,OK,74422,Muskogee,35.5806864,-95.659861,OKR1037217,12/2/2025,10/17/2027,1611,Highway And Street Construction,N,,,,,,,,,,,
Confidential Data Center,The Weitz Company LLC,17515 W 113rd St S,Council Hill,OK,74428,Muskogee,35.5808274,-95.6448281,OKR1036918,9/8/2025,10/17/2027,1542,Nonresidential Construction,N,,,,,,,,,,,
Oak Hollow,Pelham Partners,NW corner of W Hefner Rd and N Council Rd,Oklahoma City,OK,73162,Oklahoma,35.581,-97.658,OKR1032571,6/16/2023,10/17/2027,1522,Residential Construction,N,,,,,,,,,,,
Carapia Banquet Hall and Event Center,Juan Carapia,10901 N WESTERN AVE,Oklahoma City,OK,73114,Oklahoma,35.5812181,-97.531832,OKR1033812,12/16/2022,10/17/2027,1522,Residential Construction,N,,,,,,,,,,,
Bohanon Dentistry,Topmark Construction Services,South of Quail Creek Road .1 mi west of N May Avenue,Oklahoma City,OK,73120,Oklahoma,35.5814,-97.5686,OKR1033672,11/7/2022,10/17/2027,1542,Nonresidential Construction,N,,,,,,,,,,,
Midwest Wrecking,Midwest Wrecking,North of E Hefner Rd .5 mi west of N Sooner Rd,Oklahoma City,OK,73131,Oklahoma,35.5817389,-97.4332833,OKR1033536,8/30/2023,10/17/2027,1542,Nonresidential Construction,N,,,,,,,,,,,
Rother Farms Phase 1,NW 12th Partners LLC,North of Hefner Rd and NW Expressway Intersection,Oklahoma City,OK,73099,Canadian,35.581892,-97.682757,OKR1038109,8/31/2026,10/17/2027,1521,Single-Family Housing Construction,N,,,,,,,,,,,
Blue Beacon OKC North,Blue Beacon Inc,East of I-35 Service Rd .2 miles north of E Hefner Rd,Oklahoma City,OK,73131,Oklahoma,35.5831,-97.4390806,OKR1037172,11/18/2025,10/17/2027,1542,Nonresidential Construction,N,,,,,,,,,,,
The Legacy on Penn,Legacy on Penn Apartments LP,11238 N Pennsylvania Ave,Oklahoma City,OK,73120,Oklahoma,35.5833333,-97.5469444,OKR1032629,8/25/2023,10/17/2027,1542,Nonresidential Construction,N,,,,,,,,,,,
Hefner Water Treatment Plant - 3827 W Hefner Rd,City of Oklahoma City / Water Quality,3827 West Hefner Road,Oklahoma City,OK,73120,Oklahoma,35.5837702,-97.5940511,OKR1033805,1/25/2023,10/17/2027,1542,Nonresidential Construction,N,,,,,,,,,,,
Mack McClung Residential Property,Vastland Northcrest Development LLC,NE Corner Post and Hefner Rd,Oklahoma City,OK,73049,Oklahoma,35.5838,-97.3499,OKR1032271,9/15/2023,10/17/2027,1542,Nonresidential Construction,N,,,,,,,,,,,
Hefner Water Treatment Plant,Archer Western Construction Co LLC,3827 W Hefner Rd,Oklahoma City,OK,73120,Oklahoma,35.585,-97.5905556,OKR1032348,9/6/2023,10/17/2027,1542,Nonresidential Construction,N,,,,,,,,,,,
Kalidy Nest,Kalidy LLC,11310 N Council Rd,Oklahoma City,OK,73162,Oklahoma,35.5851,-97.6561,OKR1037121,1/20/2026,10/17/2027,1521,Single-Family Housing Construction,N,,,,,,,,,,,
NW 113th St Extension,Pristine Home Construction LLC,Extension of NW 113th St east of N Walker Ave to railroad,Oklahoma City,OK,73114,Oklahoma,35.585309,-97.522334,OKR1036984,9/24/2025,10/17/2027,1611,Highway And Street Construction,N,,,,,,,,,,,
Bailey Park,"Bailey Park, LLC",11001 N Coltrane Road,Oklahoma City,OK,73131,Oklahoma,35.5861,-97.443294,OKR1037800,6/1/2026,10/17/2027,1521,Single-Family Housing Construction,N,,,,,,,,,,,
Bailey Park,"Bailey Park, LLC",11001 N Coltrane Road,Oklahoma City,OK,73131,Oklahoma,35.5861,-97.443294,OKR1037800,6/1/2026,10/17/2027,1522,Residential Construction,N,,,,,,,,,,,
Hearts for Hearing - New Medical Office Building,Lingo Construction Services,11500 N Portland Ave,Oklahoma City,OK,73120,Oklahoma,35.5861722,-97.5845167,OKR1035920,10/7/2024,10/17/2027,1542,Nonresidential Construction,N,,,,,,,,,,,
Whispering Bend,Whispering Bend Development LLC,.4 miles NW of N County Line Rd and Hefner Rd,Oklahoma City,OK,73099,Canadian,35.5863889,-97.6769444,OKR1037069,10/29/2025,10/17/2027,1542,Nonresidential Construction,N,,,,,,,,,,,
Colonial Court,Panhandle Production LLC,West of Sara Rd and South of 122nd Rd,Oklahoma City,OK,73099,Canadian,35.5885389,-97.7111806,OKR1037145,11/18/2025,10/17/2027,1521,Single-Family Housing Construction,N,,,,,,,,,,,
Nichols Creek 4,Nicoles Creek LLC,.3 mi south of NW 122nd St .4 mi west of N County Line Rd,Oklahoma City,OK,73099,Canadian,35.589136,-97.680902,OKR1033158,3/22/2023,10/17/2027,1521,Single-Family Housing Construction,N,,,,,,,,,,,
CB Cameron Park Improvements,Downey Contracting LLC,11711 N Portland Ave,Oklahoma City,OK,73120,Oklahoma,35.5892194,-97.5851861,OKR1037192,11/24/2025,10/17/2027,1542,Nonresidential Construction,N,,,,,,,,,,,
Barline Phase 2 Industrial Park,Cline Construction,11725 N Morgan Road,Yukon,OK,73099,Canadian,35.589332,-97.698609,OKR1035306,4/4/2024,10/17/2027,1542,Nonresidential Construction,N,,,,,,,,,,,
Kudron Ready Mix Facility,Kudron Ready Mix,11753 North Morgan Road,Oklahoma City,OK,73099,Oklahoma,35.589475,-97.698775,OKR1036661,7/15/2025,10/17/2027,1542,Nonresidential Construction,N,,,,,,,,,,,
Hidden Creek at Surrey Hills Phase 3,Surrey Hills Development LLC,NW 122nd Street and N Piedmont Road,Oklahoma City,OK,73099,Canadian,35.5905806,-97.7426417,OKR1037795,8/5/2026,10/17/2027,1521,Single-Family Housing Construction,N,,,,,,,,,,,
JMEHS Flex Classroom Addition,Nabholz Construction Corporation,12001 N Portland Ave,Oklahoma City,OK,73120,Oklahoma,35.5911056,-97.5884056,OKR1036002,11/1/2024,10/17/2027,1542,Nonresidential Construction,N,,,,,,,,,,,
Heritage Hall Lower School - Phase 1,Heritage Hall,1800 NW 122nd Street,Oklahoma City,OK,73120,Oklahoma,35.5916,-97.5414,OKR1034094,3/17/2023,10/17/2027,1542,Nonresidential Construction,N,,,,,,,,,,,
Hidden Creek at Surrey Hills Phase 2,Surrey Hills Development LLC,East of N Piedmont Rd .2 mi south of NW 122nd St,Oklahoma City,OK,73099,Canadian,35.5917861,-97.7414417,OKR1035908,9/27/2024,10/17/2027,1521,Single-Family Housing Construction,N,,,,,,,,,,,
Nichols Creek 5,Nicoles Creek LLC,2 parts-South of NW 122nd St .4 mi west of N County Line Rd,Oklahoma City,OK,73099,Canadian,35.593,-97.68,OKR1035596,6/28/2024,10/17/2027,1521,Single-Family Housing Construction,N,,,,,,,,,,,
The Tributary,Bauen 122,South of NE 122nd Street approx 1/4 mi east of N Eastern Ave,Oklahoma City,OK,73131,Oklahoma,35.5934728,-97.4705906,OKR1033858,1/3/2023,10/17/2027,1522,Residential Construction,N,,,,,,,,,,,
Lee Roy and Wilma Jameson Hall,Lingo Construction Services,15005 NW 122nd St,Calumet,OK,73014,Oklahoma,35.5936111,-98.1208333,OKR1037641,6/18/2026,10/17/2027,1542,Nonresidential Construction,N,,,,,,,,,,,
Hidden Creek at Surrey Hills Phase 1,Surrey Hills Development LLC,South of NW 122nd St .3 mi east of N Piedmont Rd,Oklahoma City,OK,73099,Canadian,35.593889,-97.740833,OKR1036530,4/16/2025,10/17/2027,1521,Single-Family Housing Construction,N,,,,,,,,,,,
OnCue 150,OnCue Marketing LLC,12215 N MacArthur Blvd,Oklahoma City,OK,73162,Oklahoma,35.5943806,-97.6208417,OKR1036373,3/10/2025,10/17/2027,1542,Nonresidential Construction,N,,,,,,,,,,,
Cadia At Canterbury,Jay Gravel,1400 NW 122nd St,Oklahoma City,OK,73114,Oklahoma,35.5944722,-97.5388333,OKR1037252,12/5/2025,10/17/2027,1542,Nonresidential Construction,N,,,,,,,,,,,
Legends Industrial Park,Legends Business Park LLC,801 NW 122nd St,Oklahoma City,OK,73114,Oklahoma,35.59475,-97.5261111,OKR1032280,8/1/2023,10/17/2027,1542,Nonresidential Construction,N,,,,,,,,,,,
OTA JP 37300 08,Duit Construction Co,On John Kilpatrick Tpk from W Hefner Rd to .3 mi north of NW,Yukon,OK,73099,Canadian,35.5949591,-97.6874088,OKR1037272,12/16/2025,10/17/2027,1611,Highway And Street Construction,N,,,,,,,,,,,
Market Kelley 122,Precor Realty Advisors,12300 N. Kelley Ave,Oklahoma City,OK,73131,Oklahoma,35.5952778,-97.495,OKR1033733,12/15/2022,10/17/2027,1542,Nonresidential Construction,N,,,,,,,,,,,
Tenkiller Spillway Bridge Replacement,Kiewit Infrastructure South Co,On Highway 100 .3 miles E of Corps of Engineers Rd,Tenkiller Lake,OK,74435,Sequoyah,35.5953016,-95.0476134,OKR1036861,8/14/2025,10/17/2027,1622,"Bridge, Tunnel, & Elevated Highway",N,,,,,,,,,,,
122nd Flex,RWB Holdings LLC,North of NW 122nd St .2 mi west of N Western Ave,Oklahoma City,OK,73114,Oklahoma,35.5953194,-97.535225,OKR1034928,11/22/2023,10/17/2027,1542,Nonresidential Construction,N,,,,,,,,,,,
Cobblestone Phase II,Advanced Land & Development,Northwest of NW 122nd St and N Council Rd,Oklahoma City,OK,73142,Oklahoma,35.5956167,-97.6574278,OKR1027731,4/17/2023,10/17/2027,1542,Nonresidential Construction,N,,,,,,,,,,,
NW 122nd and Pennsylvania,Cypress RE OK,.07 mi north of NW 122nd St .07 mi west N Pennsylvania Ave,Oklahoma City,OK,73120,Oklahoma,35.5957,-97.5508,OKR1035372,6/25/2024,10/17/2027,1542,Nonresidential Construction,N,,,,,,,,,,,
Solstice,Three Jacks LLC,NW Expressway and .4 miles East of N Mustang Rd,Oklahoma City,OK,73013,Oklahoma,35.5961,-97.7204111,OKR1037757,7/7/2026,10/17/2027,1521,Single-Family Housing Construction,N,,,,,,,,,,,
Huntington Ridge Phase 1 and 2,Lennar Homes of Oklahoma,NE corner of NW 122nd Street and Morgan Rd.,Oklahoma City,OK,73099,Canadian,35.5963,-97.6896,OKR1033671,11/2/2022,10/17/2027,1521,Single-Family Housing Construction,N,,,,,,,,,,,
Huntington Ridge,Lennar Homes of Texas Land and Construction Ltd,Northeast of NW 122nd Street and N Morgan Road,Oklahoma City,OK,73099,Canadian,35.596329,-97.689608,OKR1035482,5/28/2024,10/17/2027,1521,Single-Family Housing Construction,N,,,,,,,,,,,
Building 4 at Market Center,Clyde Riggs Construction,625 NE 122nd St,Oklahoma City,OK,73114,Oklahoma,35.5963889,-97.5013889,OKR1033517,9/1/2023,10/17/2027,1542,Nonresidential Construction,N,,,,,,,,,,,
Tuscany Lakes Phase 7,Tuscany Lakes Development LLC,.1 mi north of NW 122nd St .3 mi west of N County Line Rd,Oklahoma City,OK,73099,Canadian,35.596417,-97.680931,OKR1036801,7/29/2025,10/17/2027,1521,Single-Family Housing Construction,N,,,,,,,,,,,
New Day Church of the Nazarene,Action Safety Supply Co LLC,11303 NW Expressway,Yukon,OK,73099,Canadian,35.596731,-97.725107,OKR1033149,8/9/2023,10/17/2027,1542,Nonresidential Construction,N,,,,,,,,,,,
The Reserve at Chisholm Creek - Willowbrook Inc,Willowbrook Inc,along N Pennsylvania Ave approx .25mi north of NW 122nd St,Oklahoma City,OK,73120,Oklahoma,35.5972,-97.5492,OKR1037197,12/8/2025,10/17/2027,1522,Residential Construction,N,,,,,,,,,,,
Oakdale Pointe,Meadows 61 LLC,.2 miles N of NE 122nd St and E of N Coltrane Rd,Oklahoma City,OK,73013,Oklahoma,35.597677,-97.439384,OKR1028690,10/18/2023,10/17/2027,1522,Residential Construction,N,,,,,,,,,,,
T&D Storage,T&D Storage,12610 N Mustang Road,Oklahoma City,OK,73099,Canadian,35.5983647,-97.726949,OKR1034030,2/24/2023,10/17/2027,1542,Nonresidential Construction,N,,,,,,,,,,,
Tuscany Lakes Phase 3,Taber Built Homes LLC,.3 mi north of NW 122nd St and west of N County Line Rd,Oklahoma City,OK,73099,Canadian,35.5991,-97.6758,OKR1036315,3/13/2025,10/17/2027,1521,Single-Family Housing Construction,N,,,,,,,,,,,
Dominos Pizza - Piedmont,McKenna Holdings,11501 NW Expressway,Yukon,OK,73099,Canadian,35.5991972,-97.7316611,OKR1037425,2/18/2026,10/17/2027,1542,Nonresidential Construction,N,,,,,,,,,,,
Tuscany Lakes Phase 4 - Lennar Homes,Lennar Homes of Oklahoma LLC,.3 miles N of NW 122nd St .4 miles W of N County Line Rd,Oklahoma City,OK,73099,Canadian,35.599241,-97.681353,OKR1037101,10/27/2025,10/17/2027,1521,Single-Family Housing Construction,N,,,,,,,,,,,
Santa Fe Industrial Park,AMG Santa Fe Partners LLC,east of N Santa Fe Ave and south of JKP Service Rd,Oklahoma City,OK,73114,Oklahoma,35.59935,-97.5117972,OKR1037583,4/29/2026,10/17/2027,1542,Nonresidential Construction,N,,,,,,,,,,,
Francis Tuttle Rockwell Campus Manufacturing Technology Building,T Scott Construction,12777 Rockwell Ave,Oklahoma City,OK,73142,Oklahoma,35.6001,-97.6459,OKR1036562,5/5/2025,10/17/2027,1542,Nonresidential Construction,N,,,,,,,,,,,
Porsche-Oklahoma City,Bob Moore Autogroup,12910 Broadway Extension,Oklahoma City,OK,73114,Oklahoma,35.6007667,-97.5010667,OKR1036476,4/30/2025,10/17/2027,1542,Nonresidential Construction,N,,,,,,,,,,,
Tuscany Lakes Phase 8,Tuscany Lakes Development,West of N County Line Rd  .4 miles North of NW 122nd St,Oklahoma City,OK,73099,Canadian,35.6009861,-97.6752417,OKR1037947,7/22/2026,10/17/2027,1542,Nonresidential Construction,N,,,,,,,,,,,
Bob Moore Subaru Dealership,Smith Pickel Construction,13010 N Kelley Ave,Oklahoma City,OK,73131,Oklahoma,35.601111,-97.492806,OKR1034448,6/15/2023,10/17/2027,1542,Nonresidential Construction,N,,,,,,,,,,,
Cobblestone Curve Section 4,Premium Land LLC,.5 mi north of NW 122nd St .5 mi west of N Council Rd,Oklahoma City,OK,73142,Oklahoma,35.601556,-97.664999,OKR1032288,10/13/2023,10/17/2027,1522,Residential Construction,N,,,,,,,,,,,
OTA JP 37500 46,Allen Contracting LLC,On Turner Tpke/I44 from east of I35 junction ext 1.5 mi east,Oklahoma City,OK,73013,Oklahoma,35.602333,-97.407949,OKR1037544,3/11/2026,10/17/2027,1622,"Bridge, Tunnel, & Elevated Highway",N,,,,,,,,,,,
Blackrock Canyon,JCKC Investments LLC,.1 mi west of N County Line Rd .5 mi west of W Memorial Rd,Oklahoma City,OK,73099,Canadian,35.6027778,-97.6755556,OKR1036070,12/6/2024,10/17/2027,1542,Nonresidential Construction,N,,,,,,,,,,,
Dick's Sporting Goods,Vannoy Construction,13145 N Pennsylvania Avenue,Oklahoma City,OK,73134,Oklahoma,35.6028166,-97.5518886,OKR1034659,8/21/2023,10/17/2027,1542,Nonresidential Construction,N,,,,,,,,,,,
FNB Community Bank Raw Land,FNB Community Bank,13111 Highland Pk Blvd,Oklahoma City,OK,73120,Oklahoma,35.60292,-97.55648,OKR1032500,8/18/2023,10/17/2027,1542,Nonresidential Construction,N,,,,,,,,,,,
Drainage Improvements and Sanitary Sewer Relocation,C-P Integrated Services Inc,Along the west side of Twisted Oak Rd from Oak Hollow Rd,Oklahoma City,OK,73120,Oklahoma,35.603064,-97.57753,OKR1036806,8/7/2025,10/17/2027,1622,"Bridge, Tunnel, & Elevated Highway",N,,,,,,,,,,,
Caseys General Store 4615 - Yukon OK,Caseys Marketing Company,Southeast of NW Expressway and N Piedmont Rd,Yukon,OK,73099,Canadian,35.6039007,-97.744733,OKR1036612,5/15/2025,10/17/2027,1542,Nonresidential Construction,N,,,,,,,,,,,
Southwest Water Works,JCR Holdings LLC,North of NW 132nd St .25 mi west of N Santa Fe Ave,Oklahoma City,OK,73114,Oklahoma,35.6043,-97.5175,OKR1036782,10/10/2025,10/17/2027,1542,Nonresidential Construction,N,,,,,,,,,,,
Bison Creek Section 3,Remington Land Development LLC,.3 miles S of W Memorial Rd .2 miles East of N Mustang Rd,Oklahoma City,OK,73099,Canadian,35.6043611,-97.7228333,OKR1035489,6/27/2024,10/17/2027,1521,Single-Family Housing Construction,N,,,,,,,,,,,
Borrow Pit - Cherokee/Sequoyah County Project,JenTech Construction,W of E 0975 Rd .3 miles S of Hwy 82,Evening Shade,OK,74962,Sequoyah,35.604407,-94.9697481,OKR1036181,1/2/2025,10/17/2027,1611,Highway And Street Construction,Y,,,,,,,,,,,
Adero Reserve,Farmhouse Partners LLC,.3 mi south of E Memorial Rd .3 mi east of N Post Rd,Oklahoma City,OK,73049,Oklahoma,35.6044444,-97.3480556,OKR1031236,6/7/2023,10/17/2027,6552,Subdividers And Developers,N,,,,,,,,,,,
CP KELCO,CP Kelco,1200 W 20th St,Okmulgee,OK,74447,Okmulgee,35.6044444,-95.9875,OKR1032247,10/24/2023,10/17/2027,1542,Nonresidential Construction,N,,,,,,,,,,,
CP KELCO,CP Kelco,1200 W 20th St,Okmulgee,OK,74447,Okmulgee,35.6044444,-95.9875,OKR1032247,10/24/2023,10/17/2027,2099,Food Preparations,N,,,,,,,,,,,
Coventry Park,Coventry Acres LLC,13200 N Midwest Blvd,Oklahoma City,OK,73049,Oklahoma,35.6046,-97.3848,OKR1034797,10/16/2023,10/17/2027,1521,Single-Family Housing Construction,N,,,,,,,,,,,
OTA JP 35835 04,APAC Central Inc,Muskogee Turnpike from 0.45 mi N of I-40 ext 1948 m,Muskogee,OK,74403,Muskogee,35.6047306,-95.2758417,OKR1037864,6/18/2026,10/17/2027,1611,Highway And Street Construction,N,,,,,,,,,,,
The Curve Infrastructure,Shavers Investments LLC,west of N County Line Rd and south of Memorial Rd,Oklahoma City,OK,73099,Canadian,35.6049833,-97.6782722,OKR1037107,10/29/2025,10/17/2027,1542,Nonresidential Construction,N,,,,,,,,,,,
Oklahoma Department of Public Safety Tactical Training Facility - Firearms Range,Sherwood Construction Co,331783 E Memorial Rd,Wellston,OK,74881,Lincoln,35.60517,-97.097317,OKR1036792,7/28/2025,10/17/2027,1542,Nonresidential Construction,N,,,,,,,,,,,
ODOT JP 30562 04,APAC Central Inc,SH 10A from 1.5 mi east of SH 10 Jct extending 4.368 mi,Paradise Hill,OK,74435,Sequoyah,35.6062,-95.1099,OKR1038133,8/31/2026,10/17/2027,1611,Highway And Street Construction,N,,,,,,,,,,,
Thacker Project,Brady Built Construction,13416 Timber Ridge Lakes Blvd,Yukon,OK,73099,Canadian,35.606789,-97.775367,OKR1036811,8/8/2025,10/17/2027,1522,Residential Construction,Y,,,,,,,,,,,
The Hub at Colony Pointe,Tatco Construction,13420 Piedmont Rd,Oklahoma City,OK,73078,Canadian,35.60695,-97.7445028,OKR1035663,7/17/2024,10/17/2027,1521,Single-Family Housing Construction,N,,,,,,,,,,,
Village Verde Addition Section 4A - 4C,Village Verde Developers LLC,South of W Memorial Rd .1 mi west of N Mustang Rd,Oklahoma City,OK,73099,Canadian,35.6075,-97.7311111,OKR1031390,3/1/2024,10/17/2027,6552,Subdividers And Developers,N,,,,,,,,,,,
CARLISLE CROSSING,Carlisle West Real Estate Development Company LLC,South of W Memorial Rd .5 mi east of N Morgan Rd,Oklahoma City,OK,73099,Canadian,35.6077778,-97.6805556,OKR107361,5/8/2023,10/17/2027,1521,Single-Family Housing Construction,N,,,,,,,,,,,
Oklahoma Dept of Public Safety Law Enforcement Training Facility,Willowbrook Construction Services,S of E 970 Rd/ E Memorial Rd .5 miles W of S Hwy 102,Wellston,OK,74881,Lincoln,35.607972,-97.096905,OKR1036755,7/15/2025,10/17/2027,1542,Nonresidential Construction,N,,,,,,,,,,,
Province Place Addition,Nelson and Bailey LLC,"13500 Piedmont Rd.  East of Piedmont Rd, south of",Oklahoma City,OK,73078,Canadian,35.608412,-97.74457,OKR1034066,3/6/2023,10/17/2027,1521,Single-Family Housing Construction,N,,,,,,,,,,,
Piedmont Intermediate School & Stone Ridge Elementary Storm Shelter Addition,Lingo Construction Services,10000 & 10038 West Memorial Road,Yukon,OK,73099,Canadian,35.6085,-97.6988,OKR1036208,1/13/2025,10/17/2027,1542,Nonresidential Construction,N,,,,,,,,,,,
Smile Arts Dental,DBG Construction,101 E Memorial Rd,Edmond,OK,73013,Oklahoma,35.6094444,-97.4854722,OKR1034227,4/14/2023,10/17/2027,1542,Nonresidential Construction,N,,,,,,,,,,,
North Church Expansion,"Walther Construction, Inc",1601 W Memorial Road,Oklahoma City,OK,73013,Oklahoma,35.6097222,-97.5411111,OKR1035764,8/16/2024,10/17/2027,1542,Nonresidential Construction,N,,,,,,,,,,,
OTA JP 37300 14,Allen Contracting Inc,I-344 Milepost 122.18 to Milepost 123.18 John Kilpatrick Tpk,Oklahoma City,OK,73013,Oklahoma,35.6100528,-97.6562806,OKR1037543,3/12/2026,10/17/2027,1611,Highway And Street Construction,N,,,,,,,,,,,
Western and Memorial,Quad Construction,13700 N Western Ave,Oklahoma City,OK,73013,Oklahoma,35.6102,-97.5315,OKR1036403,3/7/2025,10/17/2027,1521,Single-Family Housing Construction,N,,,,,,,,,,,
Moxie Pest Control,Moxie Pest Control,13790 E Frontage Rd,Edmond,OK,73013,Oklahoma,35.6105556,-97.4233333,OKR1033746,12/16/2022,10/17/2027,1542,Nonresidential Construction,N,,,,,,,,,,,
Hawkins Ridge,RR131 LLC,Northwest of E Memorial Rd and N Peebly Rd,Luther,OK,73054,Oklahoma,35.610614,-97.215457,OKR1036920,9/8/2025,10/17/2027,1521,Single-Family Housing Construction,N,,,,,,,,,,,
Ronald McDonald House,Nabholz Construction,5601 W Memorial Road,Oklahoma City,OK,73142,Oklahoma,35.6108,-97.6169,OKR1036012,4/16/2025,10/17/2027,1542,Nonresidential Construction,N,,,,,,,,,,,
Northwood Village Section 3,Northwood Holdings LLC,North of NW Expressway St .4 mi southeast of Cemetery Road,Oklahoma City,OK,73078,Canadian,35.6108333,-97.755,OKR1031222,9/12/2023,10/17/2027,1522,Residential Construction,N,,,,,,,,,,,
Muscogee Nation ED Expansion,Thompson Construction,1401 E Morris Dr,Okmulgee,OK,74447,Okmulgee,35.610894,-95.952566,OKR1034689,9/1/2023,10/17/2027,1542,Nonresidential Construction,N,,,,,,,,,,,
Shoreline Addition,Sun Properties LLC,7701 E Memorial Rd,Oklahoma City,OK,73013,Oklahoma,35.6112639,-97.3966472,OKR1032882,6/26/2023,10/17/2027,1521,Single-Family Housing Construction,N,,,,,,,,,,,
Panda Express Store 21040,Van Brunt & Co,"E of N Rockwell Ave, 0.1 mi N of W Memorial Rd. NW corner of",Oklahoma City,OK,73142,Oklahoma,35.6113778,-97.6377194,OKR1034771,9/22/2023,10/17/2027,1542,Nonresidential Construction,N,,,,,,,,,,,
WalMart Store 5918-1000 Oklahoma City - Supercenter,Wal-Mart Real Estate Business Trust,6805 NW 138th Street,Oklahoma City,OK,73142,Oklahoma,35.61184,-97.636633,OKR1036965,9/18/2025,10/17/2027,1542,Nonresidential Construction,N,,,,,,,,,,,
Taco Casa N Penn,Rif Con LLC,W of N Penn Ave N of NW 138th St,Oklahoma City,OK,73134,Oklahoma,35.612103,-97.550047,OKR1034657,8/23/2023,10/17/2027,1542,Nonresidential Construction,N,,,,,,,,,,,
Paycom South Parking Lot,Paycom Payroll LLC,7501 W Memorial Road,Oklahoma City,OK,73142,Oklahoma,35.6122,-97.6468,OKR1034344,5/15/2023,10/17/2027,,,N,,,,,,,,,,,
Deercrest Marketplace 2,DH French Construction,.2 miles N of NW 139th St and E of N Rockwell Ave,Oklahoma City,OK,73105,Oklahoma,35.6128,-97.6378,OKR1036729,7/15/2025,10/17/2027,1542,Nonresidential Construction,N,,,,,,,,,,,
Paycom Garage 3,Clyde Riggs Construction,7501 W Memorial Road,Oklahoma City,OK,73142,Oklahoma,35.612875,-97.646679,OKR1035374,4/19/2024,10/17/2027,1542,Nonresidential Construction,N,,,,,,,,,,,
Northwood Village Section 2,Northwood Holdings LLC,.3 miles N of Memorial Rd .2 miles E of Cemetery Rd,Oklahoma City,OK,73078,Canadian,35.6134889,-97.7591806,OKR1029427,9/12/2023,10/17/2027,1522,Residential Construction,N,,,,,,,,,,,
Cordillera Ranch - Silver Stone Homes,Silver Stone Homes,.6 mi south of E 33rd St east of N Douglas Blvd,Oklahoma City,OK,73049,Oklahoma,35.614239,-97.367872,OKR1037640,4/17/2026,10/17/2027,1521,Single-Family Housing Construction,N,,,,,,,,,,,
Savannah Estates Section 4,"Best Choice Homes, LLC",W Memorial Road & N County Line Road,Oklahoma City,OK,73142,Canadian,35.6147222,-97.6813889,OKR1032968,6/26/2023,10/17/2027,1522,Residential Construction,N,,,,,,,,,,,
The Brook Phase 4,D.R. Horton - Texas Ltd,"East of The Brook Blvd, 0.3 miles north of Northwest Expy",Piedmont,OK,73078,Canadian,35.614731,-97.7520098,OKR1035348,4/17/2024,10/17/2027,1521,Single-Family Housing Construction,N,,,,,,,,,,,
Northwood Village Section 5,Northwood Holdings LLC,Two sites N of NW expy. E of Northwood Dr/Canyon Rd N of,Oklahoma City,OK,73078,Canadian,35.6149667,-97.756075,OKR1033521,7/10/2023,10/17/2027,1521,Single-Family Housing Construction,N,,,,,,,,,,,
Northwood Village Section 4,Northwood Holdings LLC,.4 miles N of W Memorial Rd .2 miles E of N Cemetery Rd,Oklahoma City,OK,73078,Canadian,35.615,-97.7577,OKR1032081,9/12/2023,10/17/2027,1521,Single-Family Housing Construction,N,,,,,,,,,,,
Hallmark Farms Demo,Sun Properties,14300 N Bryant Ave,Edmond,OK,73013,Oklahoma,35.6152778,-97.4586111,OKR1036361,3/7/2025,10/17/2027,1542,Nonresidential Construction,N,,,,,,,,,,,
Hallmark Farms SIL,Sun Properties,14300 N Bryant Ave,Edmond,OK,73013,Oklahoma,35.6152778,-97.4586111,OKR1037396,1/30/2026,10/17/2027,1542,Nonresidential Construction,N,,,,,,,,,,,
The Brook Phase IV,Caliber Development Company,"Approx 0.25 mi north of Memorial Rd, 0.25 mi west of",Oklahoma City,OK,73078,Oklahoma,35.615413,-97.752275,OKR1034223,4/14/2023,10/17/2027,1521,Single-Family Housing Construction,N,,,,,,,,,,,
Quality Window Tint,Quality Window Tint,14301 North Santa Fe Avenue,Edmond,OK,73013,Oklahoma,35.6155,-97.5143,OKR1032505,11/9/2023,10/17/2027,1542,Nonresidential Construction,N,,,,,,,,,,,
Savannah Estates Section 5,Best Choice Homes Inc,.4 miles N of W Memorial Road & .4 miles W of N County Line,Oklahoma City,OK,73099,Canadian,35.6155556,-97.6808333,OKR1035623,7/11/2024,10/17/2027,1522,Residential Construction,N,,,,,,,,,,,
Integris Parking Lot,Integris Health Inc,.4 mi north of W Memorial Rd .3 mi west of N May Ave,Oklahoma City,OK,73134,Oklahoma,35.6157,-97.5718,OKR1033432,6/22/2023,10/17/2027,1542,Nonresidential Construction,N,,,,,,,,,,,
The Manors at Annecy Phase 2,Annecy LLC,West of N MacArthur Blvd .4 mi south of NW 150th St,Oklahoma City,OK,73142,Oklahoma,35.6165,-97.6236,OKR1036692,8/7/2025,10/17/2027,1521,Single-Family Housing Construction,N,,,,,,,,,,,
Annecy Offices,Annecy LLC,West of N MacArthur Blvd .5 mile south of NW 150th Street,Oklahoma City,OK,73142,Oklahoma,35.6166,-97.6211,OKR1034932,11/30/2023,10/17/2027,1542,Nonresidential Construction,N,,,,,,,,,,,
Bison Creek Section 2,Cottonwood Creek Holdings LLC,W Memorial Rd E of N Mustang Rd,Oklahoma City,OK,73099,Canadian,35.6166639,-97.7232056,OKR1031552,9/12/2023,10/17/2027,6552,Subdividers And Developers,N,,,,,,,,,,,
Deer Brook Section 5,"ROC 150, LLC",site1:.4 miles S of NW 150th St .4 miles E of N Rockwell Ave,Oklahoma City,OK,73142,Oklahoma,35.617068,-97.631023,OKR1032991,6/16/2023,10/17/2027,1521,Single-Family Housing Construction,N,,,,,,,,,,,
Hwy 74 North Development,L5 Construction LLC,13945 N Portland Ave,Oklahoma City,OK,73134,Oklahoma,35.6171,-97.5899,OKR1037376,2/2/2026,10/17/2027,1542,Nonresidential Construction,N,,,,,,,,,,,
Scheels,"Sampson Construction Co., Inc.",14401 N. Portland Ave,Oklahoma City,OK,73134,Oklahoma,35.6171,-97.5879,OKR1038010,7/28/2026,10/17/2027,5941,Sporting Goods And Bicycle Shops,N,,,,,,,,,,,
IDO 300K Shell,The Fleming Construction Group,14500 N Lincoln Blvd,Edmond,OK,73013,Oklahoma,35.6171,-97.5047,OKR1036341,2/28/2025,10/17/2027,1542,Nonresidential Construction,N,,,,,,,,,,,
Goddard Daycare,Mitesh Patel,West of N Macarthur Blvd .4 mi south of NW 150th St,Oklahoma City,OK,73142,Oklahoma,35.617203,-97.621726,OKR1035292,4/5/2024,10/17/2027,1542,Nonresidential Construction,N,,,,,,,,,,,
New Elementary School for Deer Creek Public Schools,Deer Creek School District,14401 N Council Road,Oklahoma City,OK,73142,Oklahoma,35.6175278,-97.6594,OKR1034208,4/7/2023,10/17/2027,1542,Nonresidential Construction,N,,,,,,,,,,,
Cornerstone Creek Section 1,Central Oklahoma Habitat for Humanity Construction,.4 mi south of NW 150th St .1 mi west of N Morgan Rd,Oklahoma City,OK,73099,Canadian,35.617993,-97.693255,OKR1033339,5/15/2023,10/17/2027,1521,Single-Family Housing Construction,N,,,,,,,,,,,
Broadway 38,MTV Real Estates LLC,3800 S Broadway,Edmond,OK,73013,Oklahoma,35.6180556,-97.4894444,OKR1033666,7/26/2023,10/17/2027,1542,Nonresidential Construction,N,,,,,,,,,,,
North Penn Addition Section I,150th and Penn LLC,Northwest of NW 150th St and N Penn Ave,Oklahoma City,OK,73013,Oklahoma,35.6186111,-97.5519444,OKR1025702,9/13/2023,10/17/2027,1521,Single-Family Housing Construction,N,,,,,,,,,,,
9900 NE 146th Terrace,Dinnes Studio LLC,9900 NE 146th Terrace,Oklahoma City,OK,73049,Oklahoma,35.619,-97.3548611,OKR1036516,4/17/2025,10/17/2027,1521,Single-Family Housing Construction,N,,,,,,,,,,,
Project Okmulgee,Three Rivers Manufacturing LLC,1604 W 4th St,Okmulgee,OK,74447,Okmulgee,35.6190778,-95.9965581,OKR1037684,4/30/2026,10/17/2027,1623,"Water, Sewer, And Utility Lines",N,,,,,,,,,,,
Quail North,Bentwood Investments,Northeast of Mezzaluna Ave and Watermark Blvd,Oklahoma City,OK,73134,Oklahoma,35.6191667,-97.5602778,OKR1034980,12/11/2023,10/17/2027,1542,Nonresidential Construction,N,,,,,,,,,,,
The Lakes at Annecy Phase 2,Annecy LLC,.4 miles West of N MacArthur Blvd .3 miles S of,Oklahoma City,OK,73142,Oklahoma,35.61917,-97.628665,OKR1035989,10/23/2024,10/17/2027,1521,Single-Family Housing Construction,N,,,,,,,,,,,
Deer Brook Section 3,"ROC 150, LLC",.3 miles S of NW 150th .3 miles E of Rockwell Ave,Oklahoma City,OK,73142,Oklahoma,35.6192083,-97.6316417,OKR1030983,6/16/2023,10/17/2027,6552,Subdividers And Developers,N,,,,,,,,,,,
Montereau Phase 5,"Montereau Land, LLC",.3 mi south of NW 150th St .4 mi west of N County Line Rd,Oklahoma City,OK,73099,Canadian,35.6193111,-97.6818389,OKR1033112,6/9/2023,10/17/2027,6552,Subdividers And Developers,N,,,,,,,,,,,
Montereau Phase 5,"Montereau Land, LLC",.3 mi south of NW 150th St .4 mi west of N County Line Rd,Oklahoma City,OK,73099,Canadian,35.6193111,-97.6818389,OKR1033112,6/9/2023,10/17/2027,1522,Residential Construction,N,,,,,,,,,,,
Belmont Cove North,Gary Owens Construction LLC,14602 Parkway Center Avenue,Oklahoma City,OK,73134,Oklahoma,35.619315,-97.577637,OKR1034100,3/13/2023,10/17/2027,1521,Single-Family Housing Construction,N,,,,,,,,,,,
Chamonix Section 1,Chamonix Land Development LLC,W of N Sara Rd .3 miles S of NW 150th St,Oklahoma City,OK,73099,Canadian,35.62,-97.7113889,OKR1037521,3/19/2026,10/17/2027,1522,Residential Construction,N,,,,,,,,,,,
ANNECY,"ANNECY, LLC",West of MacArthur Blvd and South of NW 150th St,Oklahoma City,OK,73142,Oklahoma,35.62,-97.6252778,OKR1030346,4/20/2023,10/17/2027,1522,Residential Construction,N,,,,,,,,,,,
JKT-30705A Borrow Pit,C3 Construction Inc,3800-4118 E 33rd St,Edmond,OK,73013,Oklahoma,35.620044,-97.428769,OKR1037443,2/20/2026,10/17/2027,1542,Nonresidential Construction,N,,,,,,,,,,,
Quail Business Park,Charlie Iman Properties LLC,2725 Watermark Blvd,Oklahoma City,OK,73134,Oklahoma,35.6202778,-97.5644444,OKR1035396,4/25/2024,10/17/2027,1542,Nonresidential Construction,N,,,,,,,,,,,
East Lake - Section 1,East Lake Developer LLC,.2 mi south of NE 150th St and .2 mi west of N Post Rd,Oklahoma City,OK,73049,Oklahoma,35.6202778,-97.3572222,OKR1033824,1/26/2023,10/17/2027,1521,Single-Family Housing Construction,N,,,,,,,,,,,
Deer Brook Section 7,"ROC 150, LLC",0.25 miles SE of the intersection of NW 150th Street & N.,Oklahoma City,OK,73013,Oklahoma,35.6207583,-97.636725,OKR1037991,7/27/2026,10/17/2027,1522,Residential Construction,N,,,,,,,,,,,
Heritage Grove,Turning Point Ministries Inc,.2 miles West of S Bryant Ave and .2 miles South of E 33rd,Edmond,OK,73013,Oklahoma,35.620825,-97.4641167,OKR1037835,6/8/2026,10/17/2027,1521,Single-Family Housing Construction,N,,,,,,,,,,,
West Creek Ranch,Orison Partners,West of N Rockwell Ave .2 mi south of NW 150th St,Oklahoma City,OK,73142,Oklahoma,35.6209,-97.6388,OKR1037220,12/10/2025,10/17/2027,1542,Nonresidential Construction,N,,,,,,,,,,,
Cornerstone Creek Section 2,Central Oklahoma Habitat for Humanity Construction LLC,SW of NW 150 Street and Morgan Rd,Oklahoma City,OK,73099,Canadian,35.6209944,-97.696075,OKR1035185,2/29/2024,10/17/2027,1521,Single-Family Housing Construction,N,,,,,,,,,,,
Larkspur Cottages,Larkspur Cottages LLC,2322 NW 150th St,Oklahoma City,OK,73134,Oklahoma,35.621,-97.5556,OKR1037135,2/20/2026,10/17/2027,1521,Single-Family Housing Construction,N,,,,,,,,,,,
Ford Fleet,Vintage Dwellings LLC,14701 N Kelley Ave,Edmond,OK,73013,Oklahoma,35.6210083,-97.4974167,OKR1036704,9/12/2025,10/17/2027,1542,Nonresidential Construction,N,,,,,,,,,,,
East Lake Section 2,East Lake Developer LLC,.1 mi south of E 33rd S west of N Post Rd,Oklahoma City,OK,73049,Oklahoma,35.6216667,-97.355,OKR1037053,10/16/2025,10/17/2027,1521,Single-Family Housing Construction,N,,,,,,,,,,,
Rockwell Executive Office Parke,Sugar Sands Services LLC,West of N Rockwell Ave and 0.1 mi south of NW 150th St,Oklahoma City,OK,73142,Oklahoma,35.6218,-97.6396,OKR1034740,9/22/2023,10/17/2027,1542,Nonresidential Construction,N,,,,,,,,,,,
Quail Lakes Office Park Phase II and III,QSN Office Park LLC,.10 miles S of NW 150th and .50 miles W of N,Oklahoma City,OK,73134,Oklahoma,35.622155,-97.558359,OKR1030187,6/6/2023,10/17/2027,1542,Nonresidential Construction,N,,,,,,,,,,,
ODOT JP 32425 05,Manhattan Road and Bridge,3800 E 33rd Street,Edmond,OK,73013,Oklahoma,35.6225551,-97.4277473,OKR1037401,2/2/2026,10/17/2027,1611,Highway And Street Construction,N,,,,,,,,,,,
Tall Oaks Residential Subdivision,Arcadia Residential LLC,West of S Coltrane Rd .08 mi south of E 33rd St,Edmond,OK,73013,Oklahoma,35.6228,-97.4434,OKR1036592,5/15/2025,10/17/2027,1522,Residential Construction,N,,,,,,,,,,,
Kiddie Academy of Northwest Oklahoma City,Vendramini Construction,3100 NW 150th St,Oklahoma City,OK,73134,Oklahoma,35.623011,-97.571751,OKR1037001,9/29/2025,10/17/2027,1542,Nonresidential Construction,N,,,,,,,,,,,
Deerbrook Section 6,ROC 150 LLC,South of NW 150th St .3 mi east of N Rockwell Ave,Oklahoma City,OK,73142,Oklahoma,35.623047,-97.633091,OKR1036574,5/19/2025,10/17/2027,1521,Single-Family Housing Construction,N,,,,,,,,,,,
Cambria Heights Oklahoma City,Block One Communities,S side of NE 150th St 0.4 miles E of Post Rd.,Oklahoma City,OK,73049,Oklahoma,35.6232,-97.3466,OKR1029539,6/13/2023,10/17/2027,1521,Single-Family Housing Construction,N,,,,,,,,,,,
Double RT Development,Wynn Construction Co Inc,750 NE 150th St,Oklahoma City,OK,73013,Oklahoma,35.6233333,-97.5002778,OKR1036852,8/7/2025,10/17/2027,1542,Nonresidential Construction,N,,,,,,,,,,,
Amelias Brasswood Subdivision,Brasswood Construction LLC,1500 NW 150th St,Oklahoma City,OK,73134,Oklahoma,35.623482,-97.540238,OKR1036748,7/15/2025,10/17/2027,1521,Single-Family Housing Construction,N,,,,,,,,,,,
Crossings Intersection Improvements,Crossing Community Church Inc,E of NW 150th and .3 miles E of Portland Ave,Oklahoma City,OK,73134,Oklahoma,35.6236056,-97.5807528,OKR1037607,3/30/2026,10/17/2027,1611,Highway And Street Construction,N,,,,,,,,,,,
3233 and 3401CGD Spec Home,Turner Construction Group LLC,3233 and 3041 Cherry Glen Drive,Jones,OK,73049,Oklahoma,35.62402,-97.346587,OKR1036935,9/8/2025,10/17/2027,1521,Single-Family Housing Construction,N,,,,,,,,,,,
907 E 33rd St,OklaHome Homebuilders LLC,907 E 33rd St,Edmond,OK,73013,Oklahoma,35.6241483,-97.4676835,OKR1035658,7/12/2024,10/17/2027,1542,Nonresidential Construction,N,,,,,,,,,,,
NW 150th St and May Ave,May Ave & 150th LLC,3001 NW 150th St,Oklahoma City,OK,73013,Oklahoma,35.62437,-97.569,OKR1038099,8/28/2026,10/17/2027,1542,Nonresidential Construction,N,,,,,,,,,,,
BRISTOL PARK,DANFORTH DEVELOPMENT LLC,Northeast of Santa Fe Ave and NW 150th St,Edmond,OK,73034,Oklahoma,35.6244444,-97.5105556,OKR105786,7/26/2023,10/17/2027,1542,Nonresidential Construction,N,,,,,,,,,,,
Deer Creek Village IX,Deer Creek Village LLC,North of NW 150th St .3 mi west of N MacArthur Blvd,Oklahoma City,OK,73142,Oklahoma,35.62465,-97.627276,OKR1036824,8/4/2025,10/17/2027,1521,Single-Family Housing Construction,N,,,,,,,,,,,
Tallgrass Trails,150 CL LLC,NEC of NW 150th St and County Line Rd,Oklahoma City,OK,73142,Oklahoma,35.625,-97.6708333,OKR1037561,3/24/2026,10/17/2027,1542,Nonresidential Construction,N,,,,,,,,,,,
Orion Security,Grace Contracting,15205 N May Ave,Oklahoma City,OK,73134,Oklahoma,35.625103,-97.569718,OKR1037746,5/11/2026,10/17/2027,1542,Nonresidential Construction,N,,,,,,,,,,,
Bellarose,Spectacular Homes LLC,N of NW 150th St .4 miles E of N MacArthur Blvd,Oklahoma City,OK,73142,Oklahoma,35.6252583,-97.6133,OKR1034263,5/11/2023,10/17/2027,1521,Single-Family Housing Construction,N,,,,,,,,,,,
Offices at North Penn,150th & Penn LLC,.1 miles W of N Pennsylvania Ave .1 miles N of NW 150th St,Oklahoma City,OK,73013,Oklahoma,35.6255556,-97.5513889,OKR1032368,8/29/2023,10/17/2027,1542,Nonresidential Construction,N,,,,,,,,,,,
Dove Crossing Sec 1,Dove Crossing LLC,N of NW 150th St W of N County Line Rd,Oklahoma City,OK,73099,Canadian,35.6256111,-97.6775,OKR1034139,3/24/2023,10/17/2027,1521,Single-Family Housing Construction,N,,,,,,,,,,,
Economy Park Boat & RV Storage,Midcon,2925 Technology Dr,Edmond,OK,73013,Oklahoma,35.626391,-97.49068,OKR1036292,2/21/2025,10/17/2027,1542,Nonresidential Construction,N,,,,,,,,,,,
Deer Valley Estates Phase 2,Timberland Development Company Inc,.2 miles N of NW 150th St and .2 miles W of N Rockwell Ave,Oklahoma City,OK,73013,Oklahoma,35.6264,-97.642,OKR1029670,12/6/2023,10/17/2027,1542,Nonresidential Construction,N,,,,,,,,,,,
Okmulgee Water Line Replacement OWRB FAP-25-0006-L,TIMCO,MW Line Replacement bound roughly by Fairgrounds Rd on the N,Okmulgee,OK,74447,Okmulgee,35.6266957,-95.9515399,OKR1037856,6/12/2026,10/17/2027,1623,"Water, Sewer, And Utility Lines",N,,,,,,,,,,,
Twin Silos Section 2,"Twin Silos Development, LLC",NW 150th St between County Line and Council Roads,Oklahoma City,OK,73142,Oklahoma,35.6269444,-97.6577778,OKR1031587,9/6/2023,10/17/2027,6552,Subdividers And Developers,N,,,,,,,,,,,
Deer Creek Village VII,Deer Creek Village LLC,N of NW 150th .4 miles W of MacArthur Blvd,Oklahoma City,OK,73142,Oklahoma,35.6269694,-97.6273056,OKR1025201,5/19/2023,10/17/2027,1521,Single-Family Housing Construction,N,,,,,,,,,,,
Cook Enterprises LLC - Cook Feed and Outdoor,Cook Enterprises LLC,15444 N Portland Ave,Oklahoma City,OK,73134,Oklahoma,35.627097,-97.584786,OKR1037215,12/8/2025,10/17/2027,1542,Nonresidential Construction,N,,,,,,,,,,,
Sleepy Hollow- Greenbrier LLC,THE GREENBRIER LLC,North of NW 150th St and west of N Cimarron Rd,Yukon,OK,73099,Canadian,35.62735,-97.819151,OKR1034559,8/25/2023,10/17/2027,1522,Residential Construction,N,,,,,,,,,,,
Caspian Lakes,M Rose Homes LLC,10621 E 33RD ST,Jones,OK,73049,Oklahoma,35.6274195,-97.3409435,OKR1035767,8/16/2024,10/17/2027,1521,Single-Family Housing Construction,N,,,,,,,,,,,
Harris Creek Phase 1,JCKC Investments,NWC of NW 150th Street and Sara Road SE,Oklahoma City,OK,73078,Canadian,35.627546,-97.710112,OKR1036766,7/24/2025,10/17/2027,1521,Single-Family Housing Construction,N,,,,,,,,,,,
Okmulgee Substation Expansion,Public Service Company of Oklahoma,500 North Kern Ave,Okmulgee,OK,74447,Okmulgee,35.627594,-95.986266,OKR1034092,3/13/2023,10/17/2027,1542,Nonresidential Construction,N,,,,,,,,,,,
North Penn Flexspace,PennFlex LLC,15517 N Pennsylvania Ave,Oklahoma City,OK,73013,Oklahoma,35.6276222,-97.5499417,OKR1036313,2/12/2025,10/17/2027,1542,Nonresidential Construction,N,,,,,,,,,,,
Echo Park Phase II,Three Jacks LLC,.3 miles N of NW 150th St and .3 miles E of N MacArthur Blvd,Oklahoma City,OK,73142,Oklahoma,35.6282972,-97.614475,OKR1036376,3/14/2025,10/17/2027,1521,Single-Family Housing Construction,N,,,,,,,,,,,
Geary Public Schools New K-12 Building,CADE Construction,300 S Blaine Ave,Geary,OK,73040,Blaine,35.628328,-98.318572,OKR1037624,4/1/2026,10/17/2027,1542,Nonresidential Construction,N,,,,,,,,,,,
Echo Park,Three Jacks LLC,E of N MacArthur Blvd .3 miles N of NW 150th St,Edmond,OK,73142,Oklahoma,35.6286722,-97.6171222,OKR1032921,6/20/2023,10/17/2027,1522,Residential Construction,N,,,,,,,,,,,
Twin Silos Section 3,Twin Silos Development LLC,8519 NW 150th St .3 miles NW of NW 150th St between,Oklahoma City,OK,73142,Oklahoma,35.6287111,-97.663075,OKR1034129,3/29/2023,10/17/2027,1521,Single-Family Housing Construction,N,,,,,,,,,,,
Rockwell Park Section 3,"Rockwell Park, LLC.",.4 miles N of NW 150th St W of N Rockwell Ave,Oklahoma City,OK,73142,Oklahoma,35.6294333,-97.6393944,OKR1031769,4/17/2023,10/17/2027,1522,Residential Construction,N,,,,,,,,,,,
The Pure at Kelley Pointe Apartments,ERC Companies,West of Kelley Pointe Pkwy .1 mi west of S Kelly Ave .4 mi,Edmond,OK,73013,Oklahoma,35.63,-97.4987,OKR1036014,12/2/2024,10/17/2027,1521,Single-Family Housing Construction,N,,,,,,,,,,,
Waterstone Phase 2,West156 Development Co LLC,15622 N Western Ave,Oklahoma City,OK,73013,Oklahoma,35.6302,-97.5296,OKR1032792,4/25/2023,10/17/2027,1521,Single-Family Housing Construction,N,,,,,,,,,,,
Echo Park Phase III,"Three Jacks, LLC.",NW 150th and Macarthur Ave,Oklahoma City,OK,73013,Oklahoma,35.6302778,-97.6133333,OKR1037808,6/5/2026,10/17/2027,1522,Residential Construction,N,,,,,,,,,,,
Kelley Pointe Apartments,Hasen Design Build & Development,2501 Kelley Pointe Pkwy,Edmond,OK,73013,Oklahoma,35.630469,-97.499425,OKR1036198,1/2/2025,10/17/2027,1522,Residential Construction,N,,,,,,,,,,,
Former Kist Peanut Site,GHD Services Inc. (GHD),"South of E Box Ave, north of E 1st St, east of N Muskogee",Okmulgee,OK,74447,Okmulgee,35.63061,-95.966097,OKR1033762,12/7/2022,10/17/2027,,,N,,,,,,,,,,,
Integrated Electric Office and Warehouse,LaGrow Construction,.2 mi east of S Kelly Ave south of Hundred Oaks Drive,Edmond,OK,73013,Oklahoma,35.6331972,-97.4921694,OKR1035424,5/3/2024,10/17/2027,1542,Nonresidential Construction,N,,,,,,,,,,,
Hundred Oaks,"Kelly Property Development, LLC",.3 miles S of W 15th St E of S Kelly Ave,Edmond,OK,73013,Oklahoma,35.633548,-97.49455,OKR1032759,11/22/2024,10/17/2027,1542,Nonresidential Construction,N,,,,,,,,,,,
Akhsve Tutcenen  Three Ponds Addition,Muscogee CREEK Nation,.3 mi south of E Eufaula St west of N Mission Rd,Okmulgee,OK,74447,Okmulgee,35.6336111,-95.9463889,OKR1030426,4/20/2023,10/17/2027,1522,Residential Construction,Y,,,,,,,,,,,
Akhsve Tutcenen  Three Ponds Addition,Muscogee CREEK Nation,.3 mi south of E Eufaula St west of N Mission Rd,Okmulgee,OK,74447,Okmulgee,35.6336111,-95.9463889,OKR1030426,4/20/2023,10/17/2027,1542,Nonresidential Construction,Y,,,,,,,,,,,
Portland Place,Desert Ridge Investments Inc,.3 mi south of NW 164th St .2 mi east of N Portland Ave,Oklahoma City,OK,73134,Oklahoma,35.6337,-97.5819,OKR1034354,5/31/2023,10/17/2027,1542,Nonresidential Construction,N,,,,,,,,,,,
Integrated Properties,LaGrow Construction,517 and 541 Hundred Oaks Drive,Edmond,OK,73013,Oklahoma,35.6341667,-97.4922222,OKR1037347,1/20/2026,10/17/2027,1542,Nonresidential Construction,N,,,,,,,,,,,
Santa Fe Villas,Coleman Development Group LLC,E side of Santa Fe S of W 15th Street,Edmond,OK,73013,Oklahoma,35.635,-97.5130556,OKR1026679,8/16/2023,10/17/2027,1522,Residential Construction,N,,,,,,,,,,,
EMS - Ironstone Commercial,Prestige Worldwide LGX LLC,16100 Ironstone Pl,Oklahoma City,OK,73134,Oklahoma,35.6350841,-97.583173,OKR1037356,1/16/2026,10/17/2027,1542,Nonresidential Construction,N,,,,,,,,,,,
Lone Oak North,Premium Land LLC,S of NW 164th St 1.3 miles E of N MacArthur Blvd,Oklahoma City,OK,73134,Oklahoma,35.63545,-97.5967917,OKR1033861,1/20/2023,10/17/2027,1521,Single-Family Housing Construction,N,,,,,,,,,,,
Greenhill Phase II,GH Development of Piedmont LLC,.2 mi south of Washington Ave E .4 mi west of Sara Rd SE,Oklahoma City,OK,73078,Canadian,35.6355,-97.7165,OKR1037522,3/16/2026,10/17/2027,1521,Single-Family Housing Construction,N,,,,,,,,,,,
Piedmont Schools Utility Extension,Premium Land LLC,S of NW 164th St between N Morgan Rd and N Sara Rd,Oklahoma City,OK,73078,Canadian,35.635882,-97.706614,OKR1036440,4/2/2025,10/17/2027,1542,Nonresidential Construction,N,,,,,,,,,,,
Silverbrook Hollow,Rose Rock Development Group LLC,Southeast of Washington Ave E and N Mustang Rd,Oklahoma City,OK,73078,Canadian,35.6363889,-97.7241667,OKR1036554,5/9/2025,10/17/2027,1542,Nonresidential Construction,N,,,,,,,,,,,
Rose Rock Village East Phase 1,Rose Rock Development Group LLC,.1 miles S of Washington Ave E/NW 164th Street & .4 miles,Oklahoma City,OK,73078,Canadian,35.6363889,-97.7205556,OKR1035921,10/4/2024,10/17/2027,1521,Single-Family Housing Construction,N,,,,,,,,,,,
CAMBRIA,3400 E 15th LLC,3400 E 15th St,Edmond,OK,73013,Oklahoma,35.6363889,-97.4361111,OKR1031129,7/26/2023,10/17/2027,6552,Subdividers And Developers,N,,,,,,,,,,,
OReilly Auto Parts Store - Edmond OK ED5,OReilly Automotive Stores Inc,16207 N Penn Ave,Edmond,OK,73013,Oklahoma,35.6364121,-97.5501546,OKR1036925,9/16/2025,10/17/2027,1542,Nonresidential Construction,N,,,,,,,,,,,
Cypress Plains Phase 2,Landmark Fine Homes,South of NW 164th St .1 mi east of N Council Rd,Edmond,OK,73142,Oklahoma,35.6365569,-97.6534194,OKR1033882,2/7/2023,10/17/2027,1522,Residential Construction,N,,,,,,,,,,,
Cypress Plains Phase 3,Landmark Fine Homes,south of NW 164th St .1 mi east of N Council Rd,Edmond,OK,73142,Oklahoma,35.6367,-97.6553,OKR1036977,10/29/2025,10/17/2027,1522,Residential Construction,N,,,,,,,,,,,
Buffalo Wild Wings - OKC,Howard Companies,.1 miles S of NW 164th St E of Hwy 74,Oklahoma City,OK,73134,Oklahoma,35.636834,-97.583662,OKR1033879,1/10/2023,10/17/2027,1542,Nonresidential Construction,N,,,,,,,,,,,
Piedmont Public Schools and Elementary School,Lingo Construction Company,.09 mi south of Washington Ave E .2 mi east of Sara Rd SE,Piedmont,OK,73078,Canadian,35.637,-97.7068,OKR1036232,2/4/2025,10/17/2027,1542,Nonresidential Construction,N,,,,,,,,,,,
Piedmont Elementary School,Lingo Construction Services,10697 NW 164th Street,Oklahoma City,OK,73078,Canadian,35.6371448,-97.714365,OKR1036662,7/10/2025,10/17/2027,,,N,,,,,,,,,,,
Greenhill Phase 1,GH Development of Piedmont LLC,S of Washington Ave E .4 miles W of Sara Rd NE,Oklahoma City,OK,73078,Canadian,35.6372,-97.7163,OKR1033359,6/1/2023,10/17/2027,1521,Single-Family Housing Construction,N,,,,,,,,,,,
Greenhill Phase 1 - Lennar Homes,Lennar Homes of Oklahoma LLC,S of Washington Ave E .4 mi west of Sara Rd SE,Oklahoma City,OK,73078,Canadian,35.6372,-97.7163,OKR1037042,10/7/2025,10/17/2027,1521,Single-Family Housing Construction,N,,,,,,,,,,,
Lone Oak Stockpile,Lone Oak Inc,16405 N Portland Avenue,Oklahoma City,OK,73134,Oklahoma,35.63737,-97.587359,OKR1034634,8/18/2023,10/17/2027,1542,Nonresidential Construction,N,,,,,,,,,,,
Council Ridge North Phase II,164th & Council Road LLC,Southwest of NW 164th St & N Council Rd,Oklahoma City,OK,73142,Oklahoma,35.637449,-97.65758,OKR1036192,1/31/2025,10/17/2027,1542,Nonresidential Construction,N,,,,,,,,,,,
Waterwood Estates,STK Construction,South of NW 164th St & .4 mile west of N MacArthur Blvd,Oklahoma City,OK,73142,Oklahoma,35.6374889,-97.6281167,OKR1027346,8/30/2023,10/17/2027,1522,Residential Construction,N,,,,,,,,,,,
Tree Farm Storage - Storage Oklahoma Facility 6,G2 SOK Investments LLC,SEC of NW 164th St and N Council Rd,Oklahoma City,OK,73142,Oklahoma,35.6376806,-97.6557806,OKR1037843,6/26/2026,10/17/2027,1542,Nonresidential Construction,N,,,,,,,,,,,
Muirfield Village IV,"Bill Roberts, Inc.",Southwest of NW 164th St and May Ave,Oklahoma City,OK,73013,Oklahoma,35.6377778,-97.57,OKR1027825,10/27/2023,10/17/2027,1522,Residential Construction,N,,,,,,,,,,,
OKC Foam Carwash,Wagon Creek Holdings LLC,South of NW 164th St .2 mi west of N Western Ave,Oklahoma City,OK,73013,Oklahoma,35.6378722,-97.5336167,OKR1034942,11/17/2023,10/17/2027,1542,Nonresidential Construction,N,,,,,,,,,,,
Vintages at Camden Park Phase 2,Bill Roberts Custom Homes,South of NW 164th St .3 miles west of N Western Ave,Oklahoma City,OK,73013,Oklahoma,35.6379,-97.5376,OKR1035240,3/18/2024,10/17/2027,1522,Residential Construction,N,,,,,,,,,,,
Vintages at Camden Park Phase 2,Bill Roberts Custom Homes,South of NW 164th St .3 miles west of N Western Ave,Oklahoma City,OK,73013,Oklahoma,35.6379,-97.5376,OKR1035240,3/18/2024,10/17/2027,1521,Single-Family Housing Construction,N,,,,,,,,,,,
Rose Rock Village East,DRHI INC,S of Washington Ave E .4 miles E of N Mustang Rd,Oklahoma City,OK,73078,Canadian,35.638111,-97.720226,OKR1037177,12/18/2025,10/17/2027,1521,Single-Family Housing Construction,N,,,,,,,,,,,
Lone Oak Apartments,S and K Commercial Construction,.3 mi west of Hwy 74 south of NW 164th St,Oklahoma City,OK,73134,Oklahoma,35.638115,-97.590365,OKR1033230,7/1/2023,10/17/2027,1542,Nonresidential Construction,N,,,,,,,,,,,
Cypress Plains Phase 1,Ideal Homes LLC,7600 NW 164th Street,Edmond,OK,73142,Oklahoma,35.638253,-97.652075,OKR1036209,1/17/2025,10/17/2027,1521,Single-Family Housing Construction,N,,,,,,,,,,,
Eclipse,Sitelab Partners LLC,S of NW 164th St .3 miles E of N MacArthur Blvd,Oklahoma City,OK,73142,Oklahoma,35.638377,-97.614829,OKR1036229,1/17/2025,10/17/2027,1521,Single-Family Housing Construction,N,,,,,,,,,,,
Whistle Creek Phase 1,Sugar Sands Services,South of NW 164th St .5 mi east of N Western Ave,Oklahoma City,OK,73013,Oklahoma,35.6384,-97.5247,OKR1034054,8/3/2023,10/17/2027,1521,Single-Family Housing Construction,N,,,,,,,,,,,
ODOT JP 31480 30 - ODOT JP 37995 04 - ODOT JP 37996 04,Wyatt Contracting,Along Piedmont Rd N and along 7th St NW between,Piedmont,OK,73078,Canadian,35.6384795,-97.7451667,OKR1036882,8/18/2025,10/17/2027,1611,Highway And Street Construction,N,,,,,,,,,,,
Dahl Property Pasture Restoration,Granite Well Service Inc,2451 NW 164th St,Oklahoma City,OK,73003,Oklahoma,35.6386222,-97.5581167,OKR1037532,3/20/2026,10/17/2027,1542,Nonresidential Construction,N,,,,,,,,,,,
Peoples Church,Peoples Church.TV,16737 Sunny Hollow Road,Oklahoma City,OK,73003,Oklahoma,35.638786,-97.526043,OKR1034821,10/12/2023,10/17/2027,1542,Nonresidential Construction,N,,,,,,,,,,,
Edmond Library and YMCA,"Crossland Construction Co, Inc",4701 East 15th Street,Edmond,OK,73034,Oklahoma,35.6392,-97.4213,OKR1035775,8/20/2024,10/17/2027,1542,Nonresidential Construction,N,,,,,,,,,,,
East Fork Phase 1,"OKC L Dev., LLC",South of E. Coffee Creek Rd west of N. Air Depot Blvd,Edmond,OK,73034,Oklahoma,35.63926,-97.40765,OKR1037958,7/7/2026,10/17/2027,1542,Nonresidential Construction,N,,,,,,,,,,,
Domain Office Park,Aria Development LLC,NW 164th and May Ave,Oklahoma City,OK,73003,Oklahoma,35.6397222,-97.5655556,OKR1026235,6/8/2023,10/17/2027,1542,Nonresidential Construction,N,,,,,,,,,,,
Rose Creek Plaza,Skybridge Development LLC,Northwest of NW 164th St and N May Ave,Oklahoma City,OK,73003,Oklahoma,35.64,-97.5691667,OKR1032418,6/28/2023,10/17/2027,1542,Nonresidential Construction,N,,,,,,,,,,,
PMW - Tree Clearing,Sergio Andre,1900 N WOOD DR,Okmulgee,OK,74447,Okmulgee,35.6402973,-95.9631145,OKR1035084,2/12/2024,10/17/2027,1541,Industrial Buildings And Warehouses,N,,,,,,,,,,,
Bluestem Ridge,Bob Turner,6161 East 15th St,Edmond,OK,73034,Oklahoma,35.6416667,-97.4016667,OKR1032778,9/7/2023,10/17/2027,1521,Single-Family Housing Construction,N,,,,,,,,,,,
Arcadia WTP Process Improvements,Archer Western Construction Co LLC,801 S Post Rd,Arcadia,OK,73049,Oklahoma,35.6419444,-97.3563889,OKR1033348,7/1/2023,10/17/2027,1542,Nonresidential Construction,N,,,,,,,,,,,
Magnolia Meadows II,Executive Homes LLC,.2 mi north of N.W. 164th St/Washington Ave E .2 mi west of,Piedmont,OK,73078,Canadian,35.642571,-97.69791,OKR1037374,2/10/2026,10/17/2027,1521,Single-Family Housing Construction,N,,,,,,,,,,,
Integris Edmond MOB,JE Dunn Construction,1000 E Frontage Rd,Edmond,OK,73034,Oklahoma,35.6430556,-97.4219444,OKR1036517,4/16/2025,10/17/2027,1542,Nonresidential Construction,N,,,,,,,,,,,
Southern Ridge Residential Construction,KempCo Homes & Solutions LLC,E of S 13th St E .3 miles N of E 83rd St S,Muskogee,OK,74403,Muskogee,35.6435945,-95.3561032,OKR1037067,10/14/2025,10/17/2027,1522,Residential Construction,N,,,,,,,,,,,
U-Haul Moving and Storage of Edmond,U-Haul Company of NW Oklahoma City,913 S Broadway,Edmond,OK,73034,Oklahoma,35.6443863,-97.4835303,OKR1038078,8/12/2026,10/17/2027,1542,Nonresidential Construction,N,,,,,,,,,,,
Jennys Corner,Jenny's Corner LLC,19100 W Snake Creek Rd,Cookson,OK,74427,Cherokee,35.644455,-94.961748,OKR1037713,5/5/2026,10/17/2027,1542,Nonresidential Construction,N,,,,,,,,,,,
Magnolia Ridge Section 1,Premium Land LLC,.4 mi north of NW 164th Street west of N Penn Ave,Oklahoma City,OK,73003,Oklahoma,35.644775,-97.5521722,OKR1034934,11/22/2023,10/17/2027,1521,Single-Family Housing Construction,N,,,,,,,,,,,
Okmulgee Business Complex Site,Martinus Rail ,On railroad tracks west of N Wood Dr from Fairgrounds Rd,Okmulgee,OK,74447,Okmulgee,35.644825,-95.96943,OKR1036993,10/1/2025,10/17/2027,1542,Nonresidential Construction,N,,,,,,,,,,,
Okmulgee Business Complex,Barnes Construction Solutions Inc,.07 mi s of fairgrounds rd .2 mi west of n wood dr,Okmulgee,OK,74447,Okmulgee,35.6452694,-95.9662611,OKR1036537,4/24/2025,10/17/2027,1542,Nonresidential Construction,N,,,,,,,,,,,
Oklahoma Christian Academy Site Demolition,Oklahoma Christian Academy,1100 East 9th Street,Edmond,OK,73034,Oklahoma,35.645337,-97.464974,OKR1037084,1/22/2026,10/17/2027,1542,Nonresidential Construction,N,,,,,,,,,,,
The Retreat at Rose Creek,JCT Construction,West of N May Ave and South of Rose Creek Dr,Oklahoma City,OK,73003,Oklahoma,35.6460583,-97.567875,OKR1035291,3/28/2024,10/17/2027,1542,Nonresidential Construction,N,,,,,,,,,,,
The Ember,8th Street Homes LLC,Northwest of E 9th St and S Boulevard St,Edmond,OK,73034,Oklahoma,35.646072,-97.478921,OKR1034554,9/11/2023,10/17/2027,1522,Residential Construction,N,,,,,,,,,,,
AC Caplinger Sports Complex,Crossland Construction,900 S BRYANT AVE,Edmond,OK,73034,Oklahoma,35.646075,-97.459699,OKR1035808,8/26/2024,10/17/2027,1542,Nonresidential Construction,N,,,,,,,,,,,
Richland Farms,KIM Homes and Construction Inc,"West of Richland Rd NW, 0.25 mi south of Edmond Rd NW, 0.5",Piedmont,OK,73078,Canadian,35.6475115,-97.8017601,OKR1034648,8/14/2023,10/17/2027,1522,Residential Construction,N,,,,,,,,,,,
Knox Farms Section 4,Knox Farm Land Fund LLC,.3 miles S of NW178th St .3 miles W of N Portland Ave,Oklahoma City,OK,73003,Oklahoma,35.647904,-97.590642,OKR1035934,10/8/2024,10/17/2027,1521,Single-Family Housing Construction,N,,,,,,,,,,,
Autumn Chase at Town Central Phase III,"STK Developments, LLC",Piedmont Road and NW 178th Street,Piedmont,OK,73078,Canadian,35.64945,-97.7383639,OKR1033249,8/23/2023,10/17/2027,1521,Single-Family Housing Construction,N,,,,,,,,,,,
Knox Farm Section 3,Knox Farm Land Fund LLC,.2 miles S of NW 178th St .5 miles E of N Meridian Ave,Oklahoma City,OK,73003,Oklahoma,35.649722,-97.593333,OKR1034499,6/29/2023,10/17/2027,1521,Single-Family Housing Construction,N,,,,,,,,,,,
Abadan Creek Office Park,M Rose Homes LLC,Northwest of SW 7th St and S State St,Edmond,OK,73003,Oklahoma,35.65,-97.4919444,OKR1028400,7/24/2023,10/17/2027,6552,Subdividers And Developers,N,,,,,,,,,,,
Wimbledon Parke,Ponderosa Construction LLC,.2 miles S of W Edmond Rd .1 miles E of S State St,Edmond,OK,73003,Oklahoma,35.650033,-97.488903,OKR1033137,6/27/2023,10/17/2027,1542,Nonresidential Construction,N,,,,,,,,,,,
ODOT JP 37991 04,SAC Services Inc,9000 E 2nd St,Edmond,OK,73034,Oklahoma,35.6502778,-97.3986111,OKR1037281,1/8/2026,10/17/2027,1542,Nonresidential Construction,N,,,,,,,,,,,
Autumn Chase at Town Central,D.R. Horton - Tulsa LLC,.3 mi east of Piedmont N south of Gooder Simpson Blvd,Piedmont,OK,73078,Canadian,35.65028,-97.73927,OKR1036193,1/8/2025,10/17/2027,1521,Single-Family Housing Construction,N,,,,,,,,,,,
Chase Two to New,DRG-NABS Builders LLC,300 S Bryant Ave,Edmond,OK,73034,Oklahoma,35.650373,-97.459777,OKR1033513,4/20/2023,10/17/2027,1542,Nonresidential Construction,N,,,,,,,,,,,
Knox Farm Section 2,Knox Farm Land Fund LLC,Southwest Corner of NW 178th Street and Portland Avenue,Oklahoma City,OK,73003,Oklahoma,35.6505556,-97.5863889,OKR1033387,6/16/2023,10/17/2027,1521,Single-Family Housing Construction,N,,,,,,,,,,,
City of Edmond Arcadia Lake Intake and Low Lift PS INT 01,Oscar Renda Contracting,8940 E 2nd Street,EDMOND,OK,73007,Oklahoma,35.65109,-97.366388,OKR1033528,5/15/2023,10/17/2027,1611,Highway And Street Construction,N,,,,,,,,,,,
Ace Hardware - Edmond,Reef LLC,.1 miles S of NW 178th Street and E of N May Avenue,Edmond,OK,73003,Oklahoma,35.651509,-97.566764,OKR1036001,10/28/2024,10/17/2027,1542,Nonresidential Construction,N,,,,,,,,,,,
Chase Bank - Edmond OK Bryant & 2nd,Embree Construction Group,300 S Bryant Ave,Edmond,OK,73034,Oklahoma,35.651583,-97.459972,OKR1034426,6/15/2023,10/17/2027,1542,Nonresidential Construction,N,,,,,,,,,,,
Knox Farm Commericial Corner,Knox Farm Land Fund LLC,SW corner of NW 178th and Portland Ave,Oklahoma City,OK,73003,Oklahoma,35.6516667,-97.5869444,OKR1032399,6/16/2023,10/17/2027,1521,Single-Family Housing Construction,N,,,,,,,,,,,
Mayflower Commons,Mayflower East LLC,South of NW 178th St .3 mi west of N Meridian Ave,Oklahoma City,OK,73142,Oklahoma,35.651714,-97.609594,OKR1035326,4/5/2024,10/17/2027,1542,Nonresidential Construction,N,,,,,,,,,,,
178th & Portland,Landmark Construction Group,South of NW 178th St and west of N Portland Ave,Oklahoma City,OK,73003,Oklahoma,35.651746,-97.585371,OKR1034436,6/9/2023,10/17/2027,1542,Nonresidential Construction,N,,,,,,,,,,,
Townsend Mixed-Use Development Phases 1 and 2,Townsend Courts LLC,22 East 3rd Street,Edmond,OK,73034,Oklahoma,35.651913,-97.480176,OKR1036739,7/15/2025,10/17/2027,1542,Nonresidential Construction,N,,,,,,,,,,,
The District at Westbridge Pointe,Neal McGee Homes Inc,444 W Edmond Rd,Edmond,OK,73003,Oklahoma,35.651942,-97.48987,OKR1026608,9/15/2023,10/17/2027,1542,Nonresidential Construction,N,,,,,,,,,,,
Hideaway 178th and Western Ave,Hideaway Pizza,17820 N. Western Ave.,Oklahoma City,OK,73003,Oklahoma,35.6520269,-97.530479,OKR1035592,6/28/2024,10/17/2027,1542,Nonresidential Construction,N,,,,,,,,,,,
Knox Farm Office Quadplex,Landmark Fine Homes,.05 mi south of NW 178th St .1 mi west of N Portland Ave,Oklahoma City,OK,73003,Oklahoma,35.65208,-97.586692,OKR1035330,4/5/2024,10/17/2027,1542,Nonresidential Construction,N,,,,,,,,,,,
Commercial Development - NW 178th St and N May Ave,Integrated Development,Southeast of NW 178th St and N May Ave,Oklahoma City,OK,73003,Oklahoma,35.65208,-97.566422,OKR1034376,5/26/2023,10/17/2027,1542,Nonresidential Construction,N,,,,,,,,,,,
Quick Mincey Development Rezoning,Quick Mincey Development Corporation II,S of NW 178th St .1 miles E of N Portland Ave,Oklahoma City,OK,73003,Oklahoma,35.6522222,-97.5825,OKR1035899,10/2/2024,10/17/2027,1542,Nonresidential Construction,N,,,,,,,,,,,
Take 5 Oil Change - Edmond,"Sword Construction, LLC",1800 E 2nd St,Edmond,OK,73034,Oklahoma,35.652279,-97.45677,OKR1037962,7/9/2026,10/17/2027,1542,Nonresidential Construction,N,,,,,,,,,,,
Take 5 Oil Change Edmond OK,Take 5 Properties SPV LLC,1800 E 2nd St,Edmond,OK,73034,Oklahoma,35.6523,-97.4569,OKR1036559,6/5/2025,10/17/2027,1542,Nonresidential Construction,N,,,,,,,,,,,
Braums Ice Cream and Dairy Stores - 3640 178th St,Retail Buildings Inc,3640 178th St,Oklahoma City,OK,73003,Oklahoma,35.6524,-97.5829,OKR1036675,6/26/2025,10/17/2027,1542,Nonresidential Construction,N,,,,,,,,,,,
BancFirst N Portland Ave,BancFirst,17825 N Portland Ave,Oklahoma City,OK,73003,Oklahoma,35.6525,-97.5855556,OKR1036558,5/5/2025,10/17/2027,1542,Nonresidential Construction,N,,,,,,,,,,,
The James,Oklahoma City Leased Housing Associates IV LLLP,17841 N Pennsylvania Ave,Oklahoma City,OK,73003,Oklahoma,35.6525,-97.5497,OKR1037702,4/30/2026,10/17/2027,1542,Nonresidential Construction,N,,,,,,,,,,,
Water System Master Plan Project Main-03,McKee Utility Contractors,8900 E 2nd St Begin .2 miles N of E 2nd St on S Saints Blvd,Arcadia,OK,73007,Oklahoma,35.652586,-97.366312,OKR1036031,11/8/2024,10/17/2027,1542,Nonresidential Construction,N,,,,,,,,,,,
WEOKIE - Piedmont,Sun Construction Services LLC,Southeast of Piedmont Rd N and Edmond Rd NE,Piedmont,OK,73078,Canadian,35.6526,-97.7448643,OKR1036885,8/25/2025,10/17/2027,1542,Nonresidential Construction,N,,,,,,,,,,,
Knox Family Self-Storage,Storage Oklahoma LLC,South of NW 178th St .4 mi west of N Portland Ave,Oklahoma City,OK,73003,Oklahoma,35.6526667,-97.5913083,OKR1036634,6/2/2025,10/17/2027,1542,Nonresidential Construction,N,,,,,,,,,,,
ODOT JP 35900 04,Built Right Construction LLC,on E 2nd St/W Edmond Rd from S Lexington Way to N Sooner Rd,Edmond,OK,73034,Oklahoma,35.6528,-97.4761,OKR1037637,4/6/2026,10/17/2027,1542,Nonresidential Construction,N,,,,,,,,,,,
Hawaiian Bros - Edmond,Zt Org Edmond LLC,1701 E 2nd St,Edmond,OK,73034,Oklahoma,35.653,-97.458,OKR1038033,8/14/2026,10/17/2027,1542,Nonresidential Construction,N,,,,,,,,,,,
Cottages at The Grove,Integrity First Developers LLC,N side of NW 178th Street .4 miles W of N May Ave,Oklahoma City,OK,73003,Oklahoma,35.65349,-97.574956,OKR1035927,10/7/2024,10/17/2027,1521,Single-Family Housing Construction,N,,,,,,,,,,,
Edmond Park on E 2nd St,French Family Charitable Foundation,North of E 2nd St .1 mi west of Coltrane Rd,Edmond,OK,73034,Oklahoma,35.65352,-97.44544,OKR1032438,5/8/2023,10/17/2027,1542,Nonresidential Construction,N,,,,,,,,,,,
Bradbury Station,Hansen Properties,NW Corner of E. 2nd St. and Oakridge Dr.,Edmond,OK,73034,Oklahoma,35.6538889,-97.4327778,OKR1023025,8/2/2023,10/17/2027,1521,Single-Family Housing Construction,N,,,,,,,,,,,
The Grove South Sect XI and XV,Grove South Properties LLC,North of NW 178th St .5 mi east of N Portland Ave,Oklahoma City,OK,73003,Oklahoma,35.654068,-97.57907,OKR1035328,4/5/2024,10/17/2027,1521,Single-Family Housing Construction,N,,,,,,,,,,,
Valencia Place,178th and May LLC,Northeast of NW 178th St and N May Ave,Oklahoma City,OK,73003,Oklahoma,35.6541667,-97.5652778,OKR1030500,9/6/2023,10/17/2027,6552,Subdividers And Developers,N,,,,,,,,,,,
Valencia Addition Section 11,Valencia Land LLC,North of NW 178th St .5 mi east of N May Ave,Oklahoma City,OK,73003,Oklahoma,35.6541667,-97.5586111,OKR1028792,8/9/2023,10/17/2027,1522,Residential Construction,N,,,,,,,,,,,
178th and Portland - Chicken Restaurant,SA2GND LLC,N of NW 178th St  .3 miles W of N Portland Ave,Edmond,OK,73012,Oklahoma,35.6542639,-97.5902194,OKR1036947,11/5/2025,10/17/2027,1542,Nonresidential Construction,N,,,,,,,,,,,
Kelly Hollow Apartments,SSLM Development LLC,.1 mi west of W 3rd St and .1 mi west of S Kelly Ave,Edmond,OK,73003,Oklahoma,35.6544444,-97.4983333,OKR1034796,9/29/2023,10/17/2027,1521,Single-Family Housing Construction,N,,,,,,,,,,,
Petroleum Club North,Jason Thomas Custom Homes,1 N SOONER RD,Edmond,OK,73034,Oklahoma,35.65495,-97.42541,OKR1034603,8/4/2023,10/17/2027,1542,Nonresidential Construction,N,,,,,,,,,,,
The Lark,The Lark Development LLC,225 W 1st St,Edmond,OK,73003,Oklahoma,35.65506,-97.486288,OKR1032924,4/2/2024,10/17/2027,1542,Nonresidential Construction,N,,,,,,,,,,,
Milhaus Silos,Milhaus Development LLC,104 W Main St,Edmond,OK,73003,Oklahoma,35.6552,-97.4839,OKR1032736,5/1/2023,10/17/2027,1521,Single-Family Housing Construction,N,,,,,,,,,,,
Anthem Phase 1,Sitelab Land Partners LLC,.2 miles N of NW 178th St .6 miles E of N Meridian Ave,Edmond,OK,73003,Oklahoma,35.655367,-97.591678,OKR1034637,8/14/2023,10/17/2027,1522,Residential Construction,N,,,,,,,,,,,
Saints Boulevard Office Building,L Wallace Construction Company,.2 mi north of E 2nd St east of N Saints Blvd,Edmond,OK,73034,Oklahoma,35.655536,-97.417724,OKR1033884,1/27/2023,10/17/2027,1542,Nonresidential Construction,N,,,,,,,,,,,
Deer Creek Crossing II,Saly LP & Centoma,.2 mi north of NW 178th St and west of N Portland Ave,Oklahoma City,OK,73003,Oklahoma,35.656168,-97.586038,OKR1035590,6/25/2024,10/17/2027,1542,Nonresidential Construction,N,,,,,,,,,,,
Valencia Addition Section 12,Valencia Land LLC,.2 miles N of NW 178th St .2 miles W of N Penn Ave,Oklahoma City,OK,73003,Oklahoma,35.6563889,-97.5533333,OKR1030089,8/9/2023,10/17/2027,6552,Subdividers And Developers,N,,,,,,,,,,,
103 Broadway,AC Owen Construction,105 N. Broadway,Edmond,OK,73003,Oklahoma,35.6566639,-97.4814583,OKR1038083,9/1/2026,10/17/2027,1522,Residential Construction,N,,,,,,,,,,,
I-35 Complex Storage Improvements Tank-02A,Archer Western The Walsh Group,4601 Woods and Sons Ave,Edmond,OK,73034,Oklahoma,35.6566667,-97.4211111,OKR1035933,10/8/2024,10/17/2027,1542,Nonresidential Construction,N,,,,,,,,,,,
City of Edmond - FY25 Waterline Improvements Phase 1,Cimarron Construction Co,Between E Ayers St and E 2nd St and between Garland,Edmond,OK,73034,Oklahoma,35.656744,-97.464478,OKR1037341,1/7/2026,10/17/2027,1623,"Water, Sewer, And Utility Lines",N,,,,,,,,,,,
Campbell Street Apartments,MXD Capital,North of W Hurd St and west of N Broadway Ave. 0.1 mi south,Edmond,OK,73003,Oklahoma,35.657,-97.4819167,OKR1033680,11/1/2022,10/17/2027,1521,Single-Family Housing Construction,N,,,,,,,,,,,
Rose Creek Apartments,Express Development Group,East of N May Ave .3 mi north of NW 178th St,Edmond,OK,73003,Oklahoma,35.6571,-97.567,OKR1036495,10/28/2025,10/17/2027,1521,Single-Family Housing Construction,N,,,,,,,,,,,
Dooley Creek Phase 2,SACC Investments Dooley Creek LLC,.6 mi east of N Santa Fe Ave .2 mi north of W Edmond Rd,Edmond,OK,73003,Oklahoma,35.6585,-97.5026,OKR1034739,10/4/2023,10/17/2027,1522,Residential Construction,N,,,,,,,,,,,
ODOT JP 37978 04,Frontier Bridge Inc,North Westminster Road over Coffee Creek,Arcadia,OK,73007,Oklahoma,35.660245,-97.33602,OKR1037787,5/26/2026,10/17/2027,1622,"Bridge, Tunnel, & Elevated Highway",N,,,,,,,,,,,
ODOT JP 34480 04,Sewell Bros Inc,CR N2500 Rd - 12.5 miles west of US-270,Geary,OK,73040,Blaine,35.6611111,-98.5433333,OKR1037591,4/3/2026,10/17/2027,1622,"Bridge, Tunnel, & Elevated Highway",N,,,,,,,,,,,
Sylhet Drive Addition,Rose Rock Builders,700 N. Sooner Road,Edmond,OK,73034,Oklahoma,35.66135,-97.426506,OKR1038013,8/14/2026,10/17/2027,1542,Nonresidential Construction,N,,,,,,,,,,,
Bungalow Heights,Raptor Development Group LLC Kip Ryan,0.5 mi north of E 2nd St west of S Saints Blvd,Edmond,OK,73034,Oklahoma,35.6622278,-97.4206583,OKR1030376,7/13/2023,10/17/2027,1522,Residential Construction,N,,,,,,,,,,,
OTA JP 37500 47,Sherwood Construction Co,On N 3310 Rd begin E 930 Rd ext .6 miles S,Wellston,OK,74881,Lincoln,35.66264,-97.105944,OKR1037187,11/18/2025,10/17/2027,1611,Highway And Street Construction,N,,,,,,,,,,,
Edmond Community Church,Clark Construction Inc,849 N Westminster Road,EDMOND,OK,73007,Oklahoma,35.6631,-97.3368667,OKR1036645,6/5/2025,10/17/2027,1542,Nonresidential Construction,N,,,,,,,,,,,
Deer Creek Land,Jimmey Green,W of N Merdian Ave and .2 miles S of Danforth Rd,Edmond,OK,73003,Oklahoma,35.6642761,-97.6039025,OKR1036697,6/26/2025,10/17/2027,1522,Residential Construction,N,,,,,,,,,,,
Lakeshore Pointe Townhomes,Merriemen Builders LLC,19000 N Western Ave,Oklahoma City,OK,73003,Oklahoma,35.6648,-97.5303,OKR1036454,4/7/2025,10/17/2027,1521,Single-Family Housing Construction,N,,,,,,,,,,,
3W Holdco,Yori Construction Group,5670 NW Expy,Okarche,OK,73762,Canadian,35.665,-97.8978,OKR1037799,6/15/2026,10/17/2027,1422,Crushed And Broken Limestone,N,,,,,,,,,,,
Danforth Crossing,Danforth Crossing LLC,South of E Danforth Rd .4 miles east of N Sooner Rd,Edmond,OK,73034,Oklahoma,35.665,-97.4183333,OKR1030569,2/5/2024,10/17/2027,1522,Residential Construction,N,,,,,,,,,,,
Danforth Crossing - Beacon 5 LLC,Beacon 5 LLC,.1 mi east of I-35 exit ramp .1 mi south of E Danforth Rd,Edmond,OK,73034,Oklahoma,35.665279,-97.417487,OKR1036102,12/16/2024,10/17/2027,1521,Single-Family Housing Construction,N,,,,,,,,,,,
Edmond Town Center - Three Jacks LLC,Three Jacks LLC,.1 miles S of W Danforth Rd .1 miles W of N Kelly Ave,Edmond,OK,73003,Oklahoma,35.6654722,-97.4981278,OKR1033185,6/20/2023,10/17/2027,1521,Single-Family Housing Construction,N,,,,,,,,,,,
Woody Creek - Oklahoma County,Woody Creek LLC,.2 mi east of N Coltrane Rd and south of E Danforth Rd,Edmond,OK,73034,Oklahoma,35.666111,-97.439166,OKR108308,11/9/2023,10/17/2027,1521,Single-Family Housing Construction,N,,,,,,,,,,,
Prescott Hills,"Prescott Hills, LLC.",SE corner of East Danforth Road and North Post Road,EDMOND,OK,73007,Oklahoma,35.666247,-97.351822,OKR1033181,9/26/2024,10/17/2027,1521,Single-Family Housing Construction,N,,,,,,,,,,,
The Scott,Oklahoma City Leased Housing Associates II,2124 NW 192nd St,Oklahoma City,OK,73012,Oklahoma,35.6664,-97.5511,OKR1037294,12/18/2025,10/17/2027,1521,Single-Family Housing Construction,N,,,,,,,,,,,
OnCue 151,OnCue Marketing LLC,3622 N.W. 192nd Street,Oklahoma City,OK,73003,Oklahoma,35.6668492,-97.5835206,OKR1035903,9/27/2024,10/17/2027,1522,Residential Construction,N,,,,,,,,,,,
35 North II,S&K Commercial Construction,SE corner of NW 192nd and May Ave,Oklahoma City,OK,73003,Oklahoma,35.6669333,-97.5664806,OKR1034219,4/20/2023,10/17/2027,1521,Single-Family Housing Construction,N,,,,,,,,,,,
Bison Ridge,McCaleb Homes,South of E Danforth Rd .4 mi east of N Air Depot Blvd,Edmond,OK,73034,Oklahoma,35.66707,-97.400288,OKR1033415,8/1/2023,10/17/2027,1521,Single-Family Housing Construction,N,,,,,,,,,,,
Bison Ridge 2,McCaleb Homes,Along the South RW of E. Danforth Road,Edmond,OK,73034,Oklahoma,35.6671,-97.4033,OKR1036917,8/28/2025,10/17/2027,1522,Residential Construction,N,,,,,,,,,,,
Covington Aircraft New Offic,Covington Aircraft,.4 miles East of N Wood Dr South of E Airport Rd.,Okmulgee,OK,74447,Okmulgee,35.6671889,-95.9554806,OKR1037769,6/2/2026,10/17/2027,1541,Industrial Buildings And Warehouses,N,,,,,,,,,,,
East Edmond Interconnect Bison Ridge - Gas Main Installation,Oklahoma Natural Gas ONG,North of E Danforth Rd from N Midwest Blvd ext 1.7 mi east,Edmond,OK,73034,Oklahoma,35.6675,-97.3893,OKR1036026,11/1/2024,10/17/2027,1623,"Water, Sewer, And Utility Lines",N,,,,,,,,,,,
Integris Deer Creek Primary Care Clinic,Walther Construction Inc,19301 N. Pennsylvania Ave.,Oklahoma City,OK,73003,Oklahoma,35.6677312,-97.5498845,OKR1035860,9/20/2024,10/17/2027,1542,Nonresidential Construction,N,,,,,,,,,,,
Country Colonnade Business Park 1,TG Enterprise Group LLC,3701 NW 192nd,Edmond,OK,73003,Oklahoma,35.668795,-97.57925,OKR1034597,7/28/2023,10/17/2027,1542,Nonresidential Construction,N,,,,,,,,,,,
Castleberry Addition Section 5,Farzaneh Development LLLP,NE of NW 192nd St and May Avenue. Tract 1 0.3 mi E of N May,Oklahoma City,OK,73003,Oklahoma,35.6688889,-97.5613889,OKR1033540,5/15/2023,10/17/2027,1521,Single-Family Housing Construction,N,,,,,,,,,,,
Keystone Adventure School,AC Owen Construction,19201 N Western Avenue,Edmond,OK,73003,Oklahoma,35.6689361,-97.5331694,OKR1036749,7/17/2025,10/17/2027,1542,Nonresidential Construction,N,,,,,,,,,,,
Castleberry Apartments,BF Roofing and Construction LLC,N of NW 192nd St .2 miles E of N May Ave,Oklahoma City,OK,73003,Oklahoma,35.669099,-97.563538,OKR1034623,10/24/2023,10/17/2027,1522,Residential Construction,N,,,,,,,,,,,
OKC Tree Removal,City of Arcadia,South of E 8th St .05 mi east of N Main St,Arcadia,OK,73007,Oklahoma,35.669889,-97.324201,OKR1036764,7/24/2025,10/17/2027,1542,Nonresidential Construction,N,,,,,,,,,,,
Carey E Jones Inc Construction,"Cary E. Jones, Inc.",3008 Basanova Dr,Edmond,OK,73034,Oklahoma,35.669972,-97.440829,OKR1038008,7/31/2026,10/17/2027,1521,Single-Family Housing Construction,N,,,,,,,,,,,
Castleberry West Villas Section 1 Offsite Sewer,Farzaneh Development LLLP,North of NW 192nd and 0.4 mi west of N May Ave,Oklahoma City,OK,73003,Oklahoma,35.67,-97.5747222,OKR1033986,2/3/2023,10/17/2027,1521,Single-Family Housing Construction,N,,,,,,,,,,,
Aspen Village,Farzenah Development LLLP,W of N May Ave .2 miles N of NW 192nd St,Oklahoma City,OK,73003,Oklahoma,35.6702778,-97.5688889,OKR1032539,6/8/2023,10/17/2027,1522,Residential Construction,N,,,,,,,,,,,
Basanova,Doyle Homes,3109 Basanova Dr,Edmond,OK,73034,Oklahoma,35.6704058,-97.4397837,OKR1037855,6/15/2026,10/17/2027,1522,Residential Construction,N,,,,,,,,,,,
Coffee Creek WRRF Expansion,Oscar Renda Contracting Inc,1600 N Midwest Blvd,Edmond,OK,73034,Oklahoma,35.671,-97.3852,OKR1037130,11/5/2025,10/17/2027,1542,Nonresidential Construction,N,,,,,,,,,,,
Somerset Ridge Phase 1,Farmhouse Partners LLC,North of E Danforth Rd .4 mi west of N Post Rd,EDMOND,OK,73007,Oklahoma,35.6710722,-97.3603611,OKR1031984,7/18/2023,10/17/2027,1522,Residential Construction,N,,,,,,,,,,,
Castleberry West Section 1,"Farzaneh Development, LLLP",NW 192nd and N. May Avenue,Oklahoma City,OK,73003,Oklahoma,35.671458,-97.569498,OKR1032561,6/22/2023,10/17/2027,1522,Residential Construction,N,,,,,,,,,,,
Castleberry Addition Section 4,"Farzaneh Development, LLLP",.5 mi south of NW 206th St east of N May Ave,Oklahoma City,OK,73003,Oklahoma,35.6722222,-97.5661111,OKR1031208,6/25/2024,10/17/2027,6552,Subdividers And Developers,N,,,,,,,,,,,
Country Colonnade Phase 11,TG Enterprise Group LLC,"North of NW 192nd St, 0.3 mi east of N Portland Ave, 0.5 mi",Oklahoma City,OK,73003,Oklahoma,35.672682,-97.579505,OKR1034584,7/24/2023,10/17/2027,1522,Residential Construction,N,,,,,,,,,,,
Chateauberry Villas Section 2,Farzaneh Development LLLP,West of N. May Ave. & 0.3 miles North of NW 192nd St.,Oklahoma City,OK,73003,Oklahoma,35.6727889,-97.5682222,OKR1037798,5/28/2026,10/17/2027,1522,Residential Construction,N,,,,,,,,,,,
Covell Ranch Phase 1,Rausch Coleman Homes OKC LLC,.4 mi north of E Danforth Rd .2 mi east of N Air Depot Blvd,Edmond,OK,73034,Oklahoma,35.6731,-97.4044,OKR1032276,6/22/2023,10/17/2027,1521,Single-Family Housing Construction,N,,,,,,,,,,,
Country Colonnade Phase VI,TG Enterprise Group LLC,.2 miles E of N Portland Ave .4 miles N of NW 192nd St,Edmond,OK,73003,Oklahoma,35.6731556,-97.5805556,OKR1035343,5/6/2024,10/17/2027,1521,Single-Family Housing Construction,N,,,,,,,,,,,
County Colonnade Phase V,TG Enterprise Group LLC,.4 mi north of NW 192nd St .5 mi east of N Portland Ave,Edmond,OK,73003,Oklahoma,35.6732361,-97.5766,OKR1035058,1/17/2024,10/17/2027,1521,Single-Family Housing Construction,N,,,,,,,,,,,
Castleberry West Villas Section 1,Farzenah Development LLLP,.4 miles N of NW 192nd St W of N May Ave,Oklahoma City,OK,73003,Oklahoma,35.6733333,-97.5702778,OKR1032562,6/12/2023,10/17/2027,1521,Single-Family Housing Construction,N,,,,,,,,,,,
Executive Suites at Covell Creek,RDM Developments LLC,1850 N Air Depot Blvd,Edmond,OK,73034,Oklahoma,35.6736528,-97.4064722,OKR1036228,1/21/2025,10/17/2027,1542,Nonresidential Construction,N,,,,,,,,,,,
Town Square Sec 5-7 Plaza 1-2,Town Square Commons LLC,.5 miles N of E Danforth Rd .4 miles E of N Coltrane Rd,Edmond,OK,73034,Oklahoma,35.673996,-97.436444,OKR1034453,6/20/2023,10/17/2027,1521,Single-Family Housing Construction,N,,,,,,,,,,,
Castleberry Villas Section 2,"Farzaneh Development, LLLP",NW 192nd St. and May Ave.,Oklahoma City,OK,73012,Oklahoma,35.6744444,-97.5608333,OKR1030041,6/22/2023,10/17/2027,6552,Subdividers And Developers,N,,,,,,,,,,,
Montie Carol Montgomery & Joe Wesley,Churchill Homes LLC,10209 & 10233 Grady Lane,Arcadia,OK,73007,Oklahoma,35.6748459,-97.3495038,OKR1036370,3/6/2025,10/17/2027,1521,Single-Family Housing Construction,N,,,,,,,,,,,
Quail Creek 5th Addition,Arcon Inc,400ft east of S Gulick between E 53rd and E 61st,Muskogee,OK,74403,Muskogee,35.6750806,-95.3560389,OKR1023496,10/13/2023,10/17/2027,1521,Single-Family Housing Construction,N,,,,,,,,,,,
Slawson Property - Slawson Private Drive Development,John Slawson,Abutting Property South of 2320 N Post Road,EDMOND,OK,73007,Oklahoma,35.676907,-97.352428,OKR1037990,8/17/2026,10/17/2027,1542,Nonresidential Construction,N,,,,,,,,,,,
20100 N Portland Ave,74 Leasing LLC,20100 N Portland Ave,Oklahoma City,OK,73003,Oklahoma,35.6769444,-97.5840556,OKR1036188,1/10/2025,10/17/2027,1542,Nonresidential Construction,N,,,,,,,,,,,
Thunder Canyon Phase 2,STK Development LLC,East of N Midwest Blvd .3 miles South of E Covell Rd,Edmond,OK,73034,Oklahoma,35.6772222,-97.3863889,OKR1034145,3/28/2023,10/17/2027,1521,Single-Family Housing Construction,N,,,,,,,,,,,
Deer Creek Wastewater Treatment Plant,Wynn Construction Co Inc,20601 Portland Ave,Edmond,OK,73003,Oklahoma,35.677454,-97.587511,OKR1036327,3/5/2025,10/17/2027,1542,Nonresidential Construction,N,,,,,,,,,,,
The Preserve at Antler Creek,OKC L DEV LLC,East of N May Ave .4 mi south of NW 206th St,Oklahoma City,OK,73003,Oklahoma,35.6775,-97.5658333,OKR1036243,2/3/2025,10/17/2027,1521,Single-Family Housing Construction,N,,,,,,,,,,,
Thomas Center II Edmond,Hutch Construction,.2 miles S of E Covell Rd .1 miles W of N Boulevard St,Edmond,OK,73003,Oklahoma,35.6776389,-97.4805611,OKR1031915,6/23/2023,10/17/2027,1542,Nonresidential Construction,N,,,,,,,,,,,
4444 West Covell,4444 West Covell LLC,4444 West Covell Road,Edmond,OK,73012,Oklahoma,35.6777778,-97.5416667,OKR1034206,4/7/2023,10/17/2027,1521,Single-Family Housing Construction,N,,,,,,,,,,,
Homestead at Spring Creek Phase 1 - Lennar Homes,Lennar Homes of Oklahoma LLC,SW of US Route 66 and N3350 Road,Wellston,OK,74881,Lincoln,35.677965,-97.036361,OKR1037201,11/21/2025,10/17/2027,1521,Single-Family Housing Construction,N,,,,,,,,,,,
Wellston East - Residential,Thomas Tillison,S of E Hwy 66 .2 miles  W of N 3350 Rd .2 miles,Wellston,OK,74881,Lincoln,35.678,-97.038,OKR1036205,1/16/2025,10/17/2027,1522,Residential Construction,N,,,,,,,,,,,
Stardust Muskogee Lithium Refinery,Stardust Power LLC,.3 mi south of W 53rd St S .1 mi west of US 64/S Cherokee St,Muskogee,OK,74401,Muskogee,35.678135,-95.378693,OKR1036094,11/26/2024,10/17/2027,1542,Nonresidential Construction,N,,,,,,,,,,,
The Preserve at Covell - Phase 2,Covell Partners LLC,.4 miles S of E Covell Rd & .5 miles W of Midwest Blvd,Edmond,OK,73034,Oklahoma,35.6782,-97.398129,OKR1035510,5/30/2024,10/17/2027,1521,Single-Family Housing Construction,N,,,,,,,,,,,
East Wellston Development,6T6 Investments LLC,South of SH 66 and 0.5 mi east of N/S portion of N3340 Rd,Wellston,OK,74881,Lincoln,35.6786111,-97.0413889,OKR1033832,12/16/2022,10/17/2027,1521,Single-Family Housing Construction,N,,,,,,,,,,,
ODOT JP 35308 04,Sherwood Construction Co Inc,site1:On E Hwy 66  from N 3340 Rd ext .9 miles site2:E I44,Wellston,OK,74881,Lincoln,35.679028,-97.052981,OKR1035277,3/20/2024,10/17/2027,1611,Highway And Street Construction,N,,,,,,,,,,,
Antler Creek Phase 1 and 2,Lennar Homes of Oklahoma LLC,Southeast of N May Ave and NW 206th St (Covell Rd),Oklahoma City,OK,73003,Oklahoma,35.679995,-97.563988,OKR1037290,1/12/2026,10/17/2027,1521,Single-Family Housing Construction,N,,,,,,,,,,,
The Preserve at Covell - Phase 1,"Covell Partners, LLC.",South of E Covell Rd .5 mi east of N Air Depot Blvd,Edmond,OK,73034,Oklahoma,35.680248,-97.397537,OKR1029070,9/18/2023,10/17/2027,1522,Residential Construction,N,,,,,,,,,,,
Honeyfield Development LLC,Honeyfield Development LLC,500 W Covell Road,Edmond,OK,73003,Oklahoma,35.6802639,-97.4911639,OKR1036508,4/16/2025,10/17/2027,1542,Nonresidential Construction,N,,,,,,,,,,,
Deer Creek New Middle School,Willowbrook,S of NW 206th St .3 miles W of N Meridian Ave,Edmond,OK,73003,Oklahoma,35.6804306,-97.6077222,OKR1035231,3/28/2024,10/17/2027,1542,Nonresidential Construction,N,,,,,,,,,,,
City of Edmond Fire Maintenance Building,Skybridge Construction LLC,Southwest of E Covell Rd and N Air Depot Blvd,Edmond,OK,73034,Oklahoma,35.6808453,-97.4079427,OKR1037728,5/4/2026,10/17/2027,1542,Nonresidential Construction,N,,,,,,,,,,,
Covell Crossing,Sooner & Covell Edmond OK LLC,SW corner of E Covell Road & N Sonner Road,Edmond,OK,73034,Oklahoma,35.6811111,-97.4266667,OKR1035619,7/17/2024,10/17/2027,1542,Nonresidential Construction,N,,,,,,,,,,,
The Lakes at Cross Timbers Section I,"G&W Property Group, LLC",South of Covell Rd between Sooner Rd & Coltrane Rd,Edmond,OK,73083,Oklahoma,35.6811528,-97.4346972,OKR1027457,11/6/2023,10/17/2027,6552,Subdividers And Developers,N,,,,,,,,,,,
Chick-fil-A - Edmond (Covell and Sooner) #6106,Chick-fil-A Inc,4200 E Covell Rd,Edmond,OK,73034,Oklahoma,35.681319,-97.426206,OKR1037523,3/5/2026,10/17/2027,1542,Nonresidential Construction,N,,,,,,,,,,,
Whataburger - 1642,VWB Legacy Holdings LLC,Covell Rd and Sooner Rd,Edmond,OK,73034,Oklahoma,35.6814639,-97.4267806,OKR1037085,10/16/2025,10/17/2027,1542,Nonresidential Construction,N,,,,,,,,,,,
Horizon Middle School,Lippert Bros Inc,SEC of E Covell Road and N Air Depot Blvd,Edmond,OK,73034,Oklahoma,35.681502,-97.406906,OKR1037060,11/3/2025,10/17/2027,1542,Nonresidential Construction,N,,,,,,,,,,,
The Lakes at Cross Timbers Phase II,"G&W Property Group, LLC",South of E Covell Rd .3 mi east of N Coltrane Rd,Edmond,OK,73034,Oklahoma,35.6816,-97.4373,OKR1032444,11/6/2023,10/17/2027,1522,Residential Construction,N,,,,,,,,,,,
Post Oak Elementary,L5 Construction LLC,2016 N Air Depot Blvd,Edmond,OK,73034,Oklahoma,35.681649,-97.407031,OKR1037059,11/7/2025,10/17/2027,1542,Nonresidential Construction,N,,,,,,,,,,,
Panda Express D34525,Panda Restaurant Group Inc,4116 East Covell Road,Edmond,OK,73034,Oklahoma,35.6816619,-97.4251451,OKR1037528,5/5/2026,10/17/2027,1542,Nonresidential Construction,N,,,,,,,,,,,
Antler Creek Phase 2,OKC L DEV LLC,South of NW 206th St .4 mi east of N May Ave,Oklahoma City,OK,73003,Oklahoma,35.6820389,-97.55915,OKR1036244,2/3/2025,10/17/2027,1521,Single-Family Housing Construction,N,,,,,,,,,,,
Cross Timbers-Northeast Plat,Cross Timbers Office Park LLC,NE Corner of E Covell Rd and Progressive Dr,Edmond,OK,73034,Oklahoma,35.682299,-97.412662,OKR1036887,8/28/2025,10/17/2027,1542,Nonresidential Construction,N,,,,,,,,,,,
Covell and Air Depot Retail Center,Aryan LLC,5837 E Covell Rd,Edmond,OK,73034,Oklahoma,35.6825556,-97.4053889,OKR1035321,4/3/2024,10/17/2027,1542,Nonresidential Construction,N,,,,,,,,,,,
Crossings Community Church - East Edmond,Crossings Community Church Inc,NWC of N Air Depot and E Covell Road,Edmond,OK,73034,Oklahoma,35.682897,-97.408621,OKR1035797,9/17/2024,10/17/2027,1542,Nonresidential Construction,N,,,,,,,,,,,
Tru by Hilton - Edmond,Winedown LLC,400 ft North of Covell on Progressive Dr,Edmond,OK,73034,Oklahoma,35.6832778,-97.4140778,OKR1037863,6/22/2026,10/17/2027,1542,Nonresidential Construction,N,,,,,,,,,,,
Walmart Neighborhood Market 0349,Coltrane Land Development LLC,Northwest of E Covell Rd and N Coltrane Rd,Edmond,OK,73034,Oklahoma,35.6832889,-97.4434694,OKR1036686,6/20/2025,10/17/2027,1542,Nonresidential Construction,N,,,,,,,,,,,
2911 High Ranch Way,Lone Oak Custom Homes,.3 mi west of N Post Rd .1 mi north of E Covell Rd,Arcadia,OK,73007,Oklahoma,35.683294,-97.360673,OKR1036968,9/16/2025,10/17/2027,1521,Single-Family Housing Construction,N,,,,,,,,,,,
OGE Horseshoe Pipeline Luther OK to Horseshoe Lake),ONEOK Inc,Begin W of N Triple XXX Rd and N of NE 206th St ext to S 15,Luther,OK,73054,Oklahoma,35.6836,-97.23082,OKR1035893,9/27/2024,10/17/2027,1623,"Water, Sewer, And Utility Lines",N,,,,,,,,,,,
Cottage Grove Addition,Cottage Grove,NE Corner of Covell Rd & Midwest Blvd,Edmond,OK,73013,Oklahoma,35.6836111,-97.3880556,OKR1022601,9/26/2023,10/17/2027,1521,Single-Family Housing Construction,N,,,,,,,,,,,
Cross Timbers Park,Covell - 35 Development LLC,Northwest of E Covell Rd and I 35,Edmond,OK,73034,Oklahoma,35.685027,-97.420587,OKR1021364,5/24/2024,10/17/2027,1542,Nonresidential Construction,N,,,,,,,,,,,
Fallbrook V,Fallbrook Development Co LLC,North side of Covell Rd approx 0.5mi West of Santa Fe Ave,Edmond,OK,73003,Oklahoma,35.685443,-97.523956,OKR1032103,4/20/2023,10/17/2027,1521,Single-Family Housing Construction,N,,,,,,,,,,,
Oak Ridge Park Edmond,J Bentley Construction,".09 miles West of N Sooner Road, .3 miles North of E Covell",Edmond,OK,73034,Oklahoma,35.686153,-97.426671,OKR1036009,10/28/2024,10/17/2027,1542,Nonresidential Construction,N,,,,,,,,,,,
Woodland Park Phase 9,Premium Land LLC,Approx .40 mi NW of the int of E Covell Rd and N Dougas Ave,EDMOND,OK,73007,Oklahoma,35.6862,-97.3746,OKR1036626,7/3/2025,10/17/2027,1521,Single-Family Housing Construction,N,,,,,,,,,,,
The Oaks at Covell,ACRE Construction II LLC,East of N Sooner Rd .3 mi north of E Covell Rd,Edmond,OK,73034,Oklahoma,35.686885,-97.424227,OKR1035486,6/3/2024,10/17/2027,1522,Residential Construction,N,,,,,,,,,,,
ITO Chandler WWTP Imprv 21-982 ARP-23-0020-DTG,Orr Construction,E of S 3430 Rd .6 miles S of W 15th St,Chandler,OK,74834,Lincoln,35.6874918,-96.8921955,OKR1037392,4/15/2026,10/17/2027,1623,"Water, Sewer, And Utility Lines",N,,,,,,,,,,,
Muskogee Bitcoin - Bifrost Substation and Miners,Polaris Technology Inc,4800 S 24th St W,Muskogee,OK,74401,Muskogee,35.6876472,-95.3916194,OKR1036480,3/31/2025,10/17/2027,1542,Nonresidential Construction,N,,,,,,,,,,,
Woodland Park VI,Woodland Park Edmond LLC,W of Douglas Blvd .5 miles N of Covell Rd,Edmond,OK,73034,Oklahoma,35.688,-97.374,OKR1032130,7/5/2023,10/17/2027,1521,Single-Family Housing Construction,N,,,,,,,,,,,
Woodland Park V,Shaw Homes,East side of N Douglas Blvd,EDMOND,OK,73007,Oklahoma,35.688675,-97.368987,OKR1034983,12/20/2023,10/17/2027,1521,Single-Family Housing Construction,N,,,,,,,,,,,
Timber Crest 2nd Addition,Premium Land LLC,0.4 miles north of E Covell Rd west of Midwest Blvd,Edmond,OK,73034,Oklahoma,35.688725,-97.390205,OKR1036974,9/12/2025,10/17/2027,6552,Subdividers And Developers,N,,,,,,,,,,,
Timber Crest 2nd Addition,Premium Land LLC,0.4 miles north of E Covell Rd west of Midwest Blvd,Edmond,OK,73034,Oklahoma,35.688725,-97.390205,OKR1036974,9/12/2025,10/17/2027,1521,Single-Family Housing Construction,N,,,,,,,,,,,
Cambridge Estates East Phase 1,JCKC Investments LLC,Along the west RW of Meridian Ave,Edmond,OK,73003,Oklahoma,35.6894,-97.603,OKR1037071,10/16/2025,10/17/2027,1521,Single-Family Housing Construction,N,,,,,,,,,,,
Ramblerock Pl,Ulises Zamora ,Ramblerock pl lot 4,Arcadia,OK,73007,Oklahoma,35.6899027,-97.297433,OKR1036529,7/1/2025,10/17/2027,1521,Single-Family Housing Construction,N,,,,,,,,,,,
Brunner Land,Concrete Enterprises,East of N Midwest Blvd .5 mi south of E Coffee Creek Rd,Edmond,OK,73034,Oklahoma,35.689971,-97.3892193,OKR1037302,12/22/2025,10/17/2027,1522,Residential Construction,N,,,,,,,,,,,
Scissortail - Muskogee,Whiting-Turner Contracting Company,.4 miles S of W Smith Ferry Rd W of S 24th St,Muskogee,OK,74401,Muskogee,35.6907945,-95.3998553,OKR1036185,2/24/2025,10/17/2027,1542,Nonresidential Construction,N,,,,,,,,,,,
Villagio Phase 2,Deer Creek Farm Development LLC,.4 miles S of NW 220th St .2 miles E of N Meridian Ave,Edmond,OK,73003,Oklahoma,35.691139,-97.598375,OKR1036479,4/8/2025,10/17/2027,1521,Single-Family Housing Construction,N,,,,,,,,,,,
Woodland Park Ph IV and Ph V - D.R. Horton-Tulsa LLC,"D.R. Horton � Tulsa, LLC.",East of N Douglas Blvd .3 mi south of E Coffee Creek Rd,EDMOND,OK,73007,Oklahoma,35.691595,-97.37124,OKR1036000,10/25/2024,10/17/2027,1521,Single-Family Housing Construction,N,,,,,,,,,,,
Windstone Estates,Cambridge DC LLC,East of N MacArthur Blvd .25 mi south of NW 220th St,Edmond,OK,73003,Oklahoma,35.69212,-97.620031,OKR1037072,10/20/2025,10/17/2027,1521,Single-Family Housing Construction,N,,,,,,,,,,,
Bigmans Triple Seven Properties LLC,Bigmans Triple Seven Properties LLC,3320 W 46th St S,Muskogee,OK,74403,Muskogee,35.6926897,-95.4051832,OKR1037292,12/10/2025,10/17/2027,,,N,,,,,,,,,,,
The Grove at Coffee Creek,Double Eagle Development LLC,Shortgrass Rd 2880 ft south of Coffee Creek Rd,Edmond,OK,73003,Oklahoma,35.6933333,-97.4802778,OKR1037589,6/1/2026,10/17/2027,1542,Nonresidential Construction,N,,,,,,,,,,,
Core Scientific Site,"Harper Construction Company, Inc.",1525 W Smith Ferry Road,Muskogee,OK,74401,Muskogee,35.6933639,-95.3866917,OKR1033128,5/8/2023,10/17/2027,1542,Nonresidential Construction,N,,,,,,,,,,,
Woodland Park VIII,Shaw Homes Inc,.6 mi east of N Douglas Blvd .1 mi south of E Coffee Creek R,EDMOND,OK,73007,Oklahoma,35.6939,-97.3645,OKR1037604,3/26/2026,10/17/2027,1521,Single-Family Housing Construction,N,,,,,,,,,,,
Stone Hill Cottages - IHRE Land Co,IHRE Land Company LLC,SE corner of N Coltrane Rd and E Coffee Creek Rd,Edmond,OK,73034,Oklahoma,35.6946,-97.4418,OKR1031939,5/15/2023,10/17/2027,1521,Single-Family Housing Construction,N,,,,,,,,,,,
Stone Hill at Iron Horse Ranch Phase 2,IHRE Land Company LLC,.3 mi east of N Coltrane Road south of E Coffee Creek Road,Edmond,OK,73034,Oklahoma,35.695,-97.437383,OKR1034538,7/20/2023,10/17/2027,1522,Residential Construction,N,,,,,,,,,,,
Bald Hill Subdivision,Muscogee Creek Nation Department of Housing,.25 mile south of Bald Hill Rd west of 240 Rd/N 3970 Rd,Preston,OK,74447,Okmulgee,35.695,-95.94639,OKR1036791,8/8/2025,10/17/2027,1522,Residential Construction,N,,,,,,,,,,,
Graves Golf Academy,Jonesplan Landscape Construction,"North of Hollowdale, 0.1 mi south of W Coffee Creek Rd, 0.2",Edmond,OK,73003,Oklahoma,35.6953333,-97.4932222,OKR1034678,8/24/2023,10/17/2027,1611,Highway And Street Construction,N,,,,,,,,,,,
Stone Hill at Iron Horse Ranch - Phase I,Coffee Creek Partners LLC,Southeast of N Coltrane Rd and NE 220th St,Edmond,OK,73034,Oklahoma,35.695361,-97.441449,OKR1028646,10/27/2023,10/17/2027,1542,Nonresidential Construction,N,,,,,,,,,,,
Sandstone  Hills,"Sandstone Edmond, LLC","South side of E. Coffee Creek Rd., approx.  0.30 mi. west of",EDMOND,OK,73007,Oklahoma,35.6957,-97.3586,OKR1037842,6/5/2026,10/17/2027,1521,Single-Family Housing Construction,N,,,,,,,,,,,
Coffee Creek Rebuild,Oklahoma County Dist 3,Coffee Creek Rd Between N Broadway and N Bryant,Edmond,OK,73034,Oklahoma,35.6962098,-97.4701542,OKR1037123,10/29/2025,10/17/2027,1611,Highway And Street Construction,N,,,,,,,,,,,
Grand Timber,Kanaly Properties Inc,.5 mi east of Air Depot south of Coffee Creek Rd,Edmond,OK,73034,Oklahoma,35.6963333,-97.4002833,OKR1022611,5/15/2023,10/17/2027,1521,Single-Family Housing Construction,N,,,,,,,,,,,
MSK1 Project - Muskogee,Evans General Contractors,1525 West 43rd Street South,Muskogee,OK,74401,Muskogee,35.6965964,-95.3859946,OKR1036365,2/28/2025,10/17/2027,1541,Industrial Buildings And Warehouses,N,,,,,,,,,,,
7357 NW 220th St,Brady Built Construction,7357 NW 220th St,Edmond,OK,73003,Oklahoma,35.69698,-97.645225,OKR1034915,11/29/2023,10/17/2027,1521,Single-Family Housing Construction,N,,,,,,,,,,,
Jackson Creek - Ideal Homes,Ideal Homes,East of Douglas Boulevard and north of Coffee Creek Rd,EDMOND,OK,73007,Oklahoma,35.6974147,-97.3695479,OKR1033956,2/7/2023,10/17/2027,,,N,,,,,,,,,,,
Liberty Park,The Point at Harper Reserve LLC,N of East Coffee Creek Rd.4 miles E of N Coltrane Rd,Edmond,OK,73025,Oklahoma,35.697506,-97.436507,OKR1037011,11/14/2025,10/17/2027,1521,Single-Family Housing Construction,N,,,,,,,,,,,
Echo Ranch Phase1,"Meek Development, LLC",the NW corner of Coffee Creek and North Blvd,Edmond,OK,73003,Oklahoma,35.697557,-97.480736,OKR1032115,3/24/2023,10/17/2027,1521,Single-Family Housing Construction,N,,,,,,,,,,,
Hilldale Public Schools,Hilldale Public Schools,500 East Smith Ferry Rd,Muskogee,OK,74403,Muskogee,35.6986111,-95.3691667,OKR1037275,6/15/2026,10/17/2027,1542,Nonresidential Construction,N,,,,,,,,,,,
Addington Farms II Section 1,Addington Farms Development LLC,NW corner of Coffee Creek Rd and Pennsylvania Ave,Oklahoma City,OK,73012,Oklahoma,35.698642,-97.551561,OKR1031584,4/20/2023,10/17/2027,1522,Residential Construction,N,,,,,,,,,,,
Cantrell Project,Brady Built Homes,22290 Pine Bluff Way,Edmond,OK,73003,Oklahoma,35.698907,-97.550128,OKR1036901,8/26/2025,10/17/2027,1522,Residential Construction,Y,,,,,,,,,,,
Echo Ranch Phase 2,Meek Development LLC,.3 miles North of W Coffee Creek St W of North,Edmond,OK,73003,Oklahoma,35.7001,-97.4785,OKR1036309,3/5/2025,10/17/2027,1521,Single-Family Housing Construction,N,,,,,,,,,,,
Ridge Creek 1 - STK Development LLC,STK Development LLC,West Side of Douglas Blvd .3 miles North of Coffee Creek Rd,Edmond,OK,73034,Oklahoma,35.7004167,-97.3783611,OKR1032111,8/29/2023,10/17/2027,1522,Residential Construction,N,,,,,,,,,,,
Ridge Creek II,STK Development,.3 mi north of E Coffee Creek Rd .4 mi west,Edmond,OK,73034,Oklahoma,35.7004167,-97.3783611,OKR1032318,8/29/2023,10/17/2027,1521,Single-Family Housing Construction,N,,,,,,,,,,,
Markland,Churchill Homes LLC,4409 Rock Canyon Rd,Edmond,OK,73003,Oklahoma,35.7007878,-97.5055622,OKR1034631,8/21/2023,10/17/2027,1522,Residential Construction,N,,,,,,,,,,,
V and S Schuler Tubular Plant,Fleming Construction Group,3730 Dal Tile Road,Muskogee,OK,74401,Muskogee,35.7008067,-95.3842573,OKR1038142,9/2/2026,10/17/2027,1542,Nonresidential Construction,N,,,,,,,,,,,
Addington Farms II Section 2,Addington Farms Development LLC,.5 miles N of NW 220th St .2 miles W of N Pennsylvania Ave,Edmond,OK,73003,Oklahoma,35.7036,-97.553,OKR1032639,4/20/2023,10/17/2027,1521,Single-Family Housing Construction,N,,,,,,,,,,,
Jackson Creek Phase 2,Ideal Homes,Approx. 0.30 mi east of N. Douglas Blvd. and 0.30 south of E,EDMOND,OK,73007,Oklahoma,35.704,-97.3639,OKR1038014,8/5/2026,10/17/2027,1521,Single-Family Housing Construction,N,,,,,,,,,,,
Shaw Residence,David and Alicia Shaw,22721 Tuscan Estates Drive,Edmond,OK,73003,Oklahoma,35.704101,-97.635786,OKR1034965,12/22/2023,10/17/2027,1521,Single-Family Housing Construction,N,,,,,,,,,,,
Promontory Ridge - Street Construction,Sooner Creek,"East of N Sooner Rd, approx 0.5mi north of E Coffee Creek,",Edmond,OK,73034,Oklahoma,35.7046,-97.4221,OKR1034672,10/30/2023,10/17/2027,1521,Single-Family Housing Construction,N,,,,,,,,,,,
Heritage Church of Christ,Landmark Construction Group,4900 N Broadway,Edmond,OK,73034,Oklahoma,35.705112,-97.476601,OKR1033915,1/31/2023,10/17/2027,1542,Nonresidential Construction,N,,,,,,,,,,,
Heritage Church of Christ,Landmark Construction Group,4900 N Broadway,Edmond,OK,73034,Oklahoma,35.705112,-97.476601,OKR1033915,1/31/2023,10/17/2027,8661,Religious Organizations,N,,,,,,,,,,,
Tuscan Estates Phase 2 - Kofi Amoah,Kofi Amoah ,7005 Tuscan Estates Dr. 0.25 mi south of NW 234th St and,Edmond,OK,73003,Oklahoma,35.7055111,-97.6362972,OKR1034399,5/26/2023,10/17/2027,1522,Residential Construction,N,,,,,,,,,,,
Tuscan Estates Phase 2,JYM Investments LLC,.3 miles S of Sorghum Mill Rd .1 mile E of N Rockwell Ave,Edmond,OK,73003,Oklahoma,35.7055111,-97.6362972,OKR1031777,6/9/2023,10/17/2027,1521,Single-Family Housing Construction,N,,,,,,,,,,,
Tuscan Estates Phase 2,JYM Investments LLC,.3 miles S of Sorghum Mill Rd .1 mile E of N Rockwell Ave,Edmond,OK,73003,Oklahoma,35.7055111,-97.6362972,OKR1031777,6/9/2023,10/17/2027,1522,Residential Construction,N,,,,,,,,,,,
Twin Bridges Village LLC,"Twin Bridges Village, LLC",N Broadway & Newport Bridge Dr. South side of Newport E of,Edmond,OK,73034,Oklahoma,35.706111,-97.474167,OKR1025534,5/25/2023,10/17/2027,1521,Single-Family Housing Construction,N,,,,,,,,,,,
Orchard Hills Section 1,WP Land LLC,.3 mi south of NW 234th St .1 mi west of N MacArthur Blvd,Oklahoma City,OK,73003,Oklahoma,35.7069444,-97.6227778,OKR1035830,9/12/2024,10/17/2027,1521,Single-Family Housing Construction,N,,,,,,,,,,,
MCCLANAHAN PARK,W.L. MCNATT AND COMPANY,W of U.S. ROUTE 66 .062 miles S of E 1st St,Chandler,OK,74834,Lincoln,35.7088849,-96.8770854,OKR1037047,10/13/2025,10/17/2027,1542,Nonresidential Construction,N,,,,,,,,,,,
Grandview Park Improvements,Ascend Commercial Builders,3301 Grandview Park Boulevard,Muskogee,OK,74403,Muskogee,35.7088889,-95.3694444,OKR1034884,10/30/2023,10/17/2027,1542,Nonresidential Construction,N,,,,,,,,,,,
Golden Gate at Twin Bridges Ph 6,Golden Gate Development LLC,Sorghum Mill Rd & Bryant Ave,Edmond,OK,73034,Oklahoma,35.7097222,-97.4619444,OKR1026378,5/8/2023,10/17/2027,1521,Single-Family Housing Construction,N,,,,,,,,,,,
Highgarden Phase III,Anthracite Investments LLC,S of Sorghum Mill Rd. .25 miles E of Douglas Blvd.,EDMOND,OK,73007,Oklahoma,35.709728,-97.365622,OKR1031415,7/7/2023,10/17/2027,1522,Residential Construction,N,,,,,,,,,,,
Highgarden Phase IV,Anthracite Investments LLC,Approximately a half mile east of Douglas Boulevard,EDMOND,OK,73007,Oklahoma,35.7099,-97.3651,OKR1034283,5/16/2023,10/17/2027,1522,Residential Construction,N,,,,,,,,,,,
Gardens III at Kelly Lake,Premium Land LLC,South of W Sorghum Mill Rd .5 mi east of N Kelly Ave,Edmond,OK,73003,Oklahoma,35.7101722,-97.4881083,OKR1033407,5/9/2023,10/17/2027,1521,Single-Family Housing Construction,N,,,,,,,,,,,
7865 Chesapeake Ln NE,David Cumming,7865 Chesapeake Ln NE,Piedmont,OK,73078,Canadian,35.71018,-97.70176,OKR1036438,4/3/2025,10/17/2027,1521,Single-Family Housing Construction,N,,,,,,,,,,,
Mixed Use Development,Cape Group LLC,North of E 1st St .1 mi west of N Industrial Rd,Chandler,OK,74834,Lincoln,35.7102417,-96.8566306,OKR1034160,3/31/2023,10/17/2027,1542,Nonresidential Construction,N,,,,,,,,,,,
Harvest Acres Development,Harvest Acres LLC,Southeast of NW 234th St and N County Line Rd,Edmond,OK,73003,Oklahoma,35.7103712,-97.6734975,OKR1036924,9/4/2025,10/17/2027,1521,Single-Family Housing Construction,N,,,,,,,,,,,
Chandler Meadows - Lennar Homes,Lennar Homes of Oklahoma LLC,NE of East 1st Street and N Sandy Lane,Chandler,OK,74834,Lincoln,35.711156,-96.856727,OKR1037200,11/19/2025,10/17/2027,,,N,,,,,,,,,,,
Chandler Meadows Phase 1,OKC L DEV LLC,East side of Sandy Lane .1 miles N of E 1st St,Chandler,OK,74834,Lincoln,35.711415,-96.856864,OKR1034988,12/14/2023,10/17/2027,1521,Single-Family Housing Construction,N,,,,,,,,,,,
Chandler Meadows Phase 2,OKC L DEV LLC,East side of Sandy Lane .1 miles North of US Route 66,Chandler,OK,74834,Lincoln,35.711415,-96.856864,OKR1036999,10/15/2025,10/17/2027,1521,Single-Family Housing Construction,N,,,,,,,,,,,
Wild Rose Ranch Section 1,"Premium Land, LLC.",North of E Sorghum Mill Rd .4 mi west of N Bryant Ave,Edmond,OK,73034,Oklahoma,35.7115361,-97.4683278,OKR1032710,5/8/2023,10/17/2027,1521,Single-Family Housing Construction,N,,,,,,,,,,,
ODOT JP 30571 04,Sherwood Construction Co Inc,US Hwy 75 from N 220 Rd ext S .7 miles and on Will Sampson,Preston,OK,74447,Okmulgee,35.711675,-95.987675,OKR1037436,2/19/2026,10/17/2027,1611,Highway And Street Construction,N,,,,,,,,,,,
ODOT JP 30571 04,Sherwood Construction Co Inc,US Hwy 75 from N 220 Rd ext S .7 miles and on Will Sampson,Preston,OK,74447,Okmulgee,35.711675,-95.987675,OKR1037436,2/19/2026,10/17/2027,1622,"Bridge, Tunnel, & Elevated Highway",N,,,,,,,,,,,
Muscogee Creek Nation Old Hwy 75 N Bridge 01211,Treas Construction Inc,Old Hwy 75 Will Sampson Rd begin 0.5 miles west of 3 Mile Rd,Beggs,OK,74421,Okmulgee,35.7116944,-96.050349,OKR1037337,1/7/2026,10/17/2027,1622,"Bridge, Tunnel, & Elevated Highway",N,,,,,,,,,,,
Council Crossing,Sugar Sands Services LLC,East of N Council Rd .5 mi north of NW 234th St,Edmond,OK,73003,Oklahoma,35.7138,-97.6533,OKR1034728,9/15/2023,10/17/2027,1611,Highway And Street Construction,N,,,,,,,,,,,
P-Pack Farm Pond Restoration,P Pack LLC,8804 Morgan Rd NE,Piedmont,OK,73078,Canadian,35.7143944,-97.6874306,OKR1037493,3/5/2026,10/17/2027,1542,Nonresidential Construction,N,,,,,,,,,,,
Wild Rose Ranch Section 2,Premium Land LLC,.4 miles West of N Bryant Ave and .4 miles N of E Sorghum,Edmond,OK,73034,Oklahoma,35.7163417,-97.4676028,OKR1036305,2/20/2025,10/17/2027,1521,Single-Family Housing Construction,N,,,,,,,,,,,
R+L Carriers - Muskogee,R+L Carriers,2311 W 29TH ST,Muskogee,OK,74401,Muskogee,35.7172874,-95.3917465,OKR1034643,8/14/2023,10/17/2027,1542,Nonresidential Construction,N,,,,,,,,,,,
Carmel Valley Place,Stephen Grimes,.4 mi north of W Sorghum Mill Rd .7 mi east of N Kelly Ave,Edmond,OK,73003,Oklahoma,35.7180556,-97.4830556,OKR1035708,8/14/2024,10/17/2027,1522,Residential Construction,N,,,,,,,,,,,
Bristow-Gypsy Electric Transmission Line,KAMO Electric Cooperative Inc,30877 S 417th W Av Begin W of S 417th W Av .5 m N of W 311th,Depew,OK,74028,Creek,35.71814,-96.458893,OKR1036055,11/21/2024,10/17/2027,1542,Nonresidential Construction,N,,,,,,,,,,,
ODOT JP 27108 04,Becco Contractors,US-69 from 0.52 miles north of the SH-165 interchange,Muskogee,OK,74401,Muskogee,35.7196441,-95.4027561,OKR1038124,8/27/2026,10/17/2027,1611,Highway And Street Construction,N,,,,,,,,,,,
Douglas 80 Land,Douglas 80 Land Co LLC,.5 miles S on N Douglas Blvd btwn E Waterloo Rd and,Arcadia,OK,73007,Oklahoma,35.72,-97.3672,OKR1035723,8/27/2024,10/17/2027,1542,Nonresidential Construction,N,,,,,,,,,,,
Oak Tree Blocks 120-123,FNFF LLC,East of N Santa Fe Ave .2 mi south of W Waterloo Rd,Edmond,OK,73003,Oklahoma,35.720616,-97.512681,OKR1029158,8/17/2023,10/17/2027,1522,Residential Construction,N,,,,,,,,,,,
Landmark at Oak Tree,Drew Litsch,6525 N Kelly Ave,Edmond,OK,73003,Oklahoma,35.7208333,-97.4976972,OKR1036447,3/28/2025,10/17/2027,1521,Single-Family Housing Construction,N,,,,,,,,,,,
Parkstone Estates,"Cooper Built, LLC",SE of Waterloo Rd and Post Rd.,Arcadia,OK,73007,Oklahoma,35.7208889,-97.3495556,OKR1037879,6/24/2026,10/17/2027,6552,Subdividers And Developers,N,,,,,,,,,,,
Jubilee New Construction,Jordan Howard,2529 S York St,Muskogee,OK,74403,Muskogee,35.7209305,-95.3412762,OKR1036571,5/8/2025,10/17/2027,1542,Nonresidential Construction,N,,,,,,,,,,,
ODFL Muskogee,Old Dominion Freight Line Inc,2544 South 32nd Street,Muskogee,OK,74401,Muskogee,35.72189,-95.401571,OKR1035469,6/3/2024,10/17/2027,1542,Nonresidential Construction,N,,,,,,,,,,,
"Waterloo & Portland Office Park, Phase 1","JCKC Investments, LLC",West of N Portland Ave and 0.2 mi south of NW 248th St,Edmond,OK,73003,Oklahoma,35.7226322,-97.5874123,OKR1033866,1/3/2023,10/17/2027,,,N,,,,,,,,,,,
Jackalope Corner,Jackalope Holdings LLC,Southeast of E Waterloo Rd and N Sooner Rd,Guthrie,OK,73034,Oklahoma,35.7241667,-97.4239611,OKR1036779,8/6/2025,10/17/2027,1542,Nonresidential Construction,N,,,,,,,,,,,
Waterloo 10,Smyrna Investments LLC,3410 E Waterloo Rd,Edmond,OK,73034,Oklahoma,35.724272,-97.436215,OKR1035275,6/5/2024,10/17/2027,1542,Nonresidential Construction,N,,,,,,,,,,,
Sooner Plaza at Waterloo,BCH LLC,South of E Waterloo Rd .05 mi east of N Sooner Rd,Guthrie,OK,73034,Oklahoma,35.7245056,-97.4243222,OKR1037492,3/3/2026,10/17/2027,1542,Nonresidential Construction,N,,,,,,,,,,,
Cable Placement AT&T Project A02LMDQ,Southwestern Bell Telephone Co dba AT&T Oklahoma,E Waterloo Rd between Sooner Rd and Air Depot Blvd,Edmond,OK,73034,Oklahoma,35.7245898,-97.4249495,OKR1037365,1/21/2026,10/17/2027,1623,"Water, Sewer, And Utility Lines",N,,,,,,,,,,,
Harvest Ridge,"Grellner Development, LLC","Part of the NW/4 of Sec. 5, T14N, R7W I.M.",Okarche,OK,73762,Canadian,35.7246747,-97.9687847,OKR1037831,6/23/2026,10/17/2027,1521,Single-Family Housing Construction,N,,,,,,,,,,,
Waterloo Ridge Estates,Shaws Development LLC,2420 E Waterloo Rd,Edmond,OK,73034,Oklahoma,35.724884,-97.449859,OKR1038100,8/17/2026,10/17/2027,1542,Nonresidential Construction,N,,,,,,,,,,,
Waterloo Business Park,Waterloo Business Park LLC,S of E Waterloo Rd .2 miles W of S Coltrane Rd Lot D and E,Edmond,OK,73034,Oklahoma,35.725127,-97.447269,OKR1037111,11/21/2025,10/17/2027,1542,Nonresidential Construction,N,,,,,,,,,,,
Braums Ice Cream and Dairy Stores - Edmond,Retail Buildings Inc,4595 E Waterloo Rd,Edmond,OK,73034,Logan,35.7256,-97.4203,OKR1035136,2/6/2024,10/17/2027,1542,Nonresidential Construction,N,,,,,,,,,,,
Shelleys Crate Escape Doggy Daycare and Pet Lodge,Shelleys Crate Escape LLC,3104 E Hancock St,Muskogee,OK,74403,Muskogee,35.7262636,-95.3313126,OKR1037029,9/30/2025,10/17/2027,1542,Nonresidential Construction,N,,,,,,,,,,,
Muskogee WWTP Improvements,Crossland Heavy Contractors,5000 E Hancock St,Muskogee,OK,74403,Muskogee,35.726437,-95.297789,OKR1037440,4/7/2026,10/17/2027,1542,Nonresidential Construction,N,,,,,,,,,,,
Edmond Tractor Supply,W.R. Newman & Associates,4340 Landing Ln,Edmond,OK,73034,Oklahoma,35.726959,-97.423648,OKR1037344,1/9/2026,10/17/2027,1542,Nonresidential Construction,N,,,,,,,,,,,
Cherokee Nation Housing - Muskogee,Housing Authority of the Cherokee Nation,North of E Hancock St and 0.3 mi east of S York St,Muskogee,OK,74403,Muskogee,35.7271,-95.3345,OKR1034683,9/5/2023,10/17/2027,1521,Single-Family Housing Construction,N,,,,,,,,,,,
Edmond RV and Self-Storage North Expansion,Edmond RV and Self Storage LLC,14675 S Coltrane Rd,Edmond,OK,73034,Logan,35.7272363,-97.4442841,OKR1037112,10/30/2025,10/17/2027,1542,Nonresidential Construction,N,,,,,,,,,,,
Waterloo Ridge Housing Addition,Sonoma Park Investments LLC,N of W Waterloo Road and E of S MacArthur Blvd,Edmond,OK,73003,Logan,35.7273183,-97.6166616,OKR1037028,10/2/2025,10/17/2027,1521,Single-Family Housing Construction,N,,,,,,,,,,,
Geber Auto Repair Shop,Expedition 309,.1 mi north of E Waterloo Rd .5 mi east of S Sooner Rd,Edmond,OK,73034,Logan,35.7273222,-97.4176222,OKR1036712,6/26/2025,10/17/2027,1542,Nonresidential Construction,N,,,,,,,,,,,
L and L addition,Construction 127 1,1406-1420 Foxcroft Dr.,Muskogee,OK,74403,Muskogee,35.7280694,-95.3367583,OKR1037761,5/22/2026,10/17/2027,1522,Residential Construction,N,,,,,,,,,,,
Balance on Waterloo,Fred Lydick,4535 Landing Ln,Edmond,OK,73034,Logan,35.728578,-97.421583,OKR1034447,6/9/2023,10/17/2027,1522,Residential Construction,N,,,,,,,,,,,
I-35 and Waterloo,Waterloo35 LLC,NW corner of I-35 and Waterloo Rd,Edmond,OK,73034,Logan,35.729167,-97.420532,OKR1030577,7/10/2023,10/17/2027,1542,Nonresidential Construction,N,,,,,,,,,,,
Storage Ranch Mini-Storage,Storage Ranch LLC,245 W Waterloo Rd,Edmond,OK,73034,Logan,35.7294722,-97.4828889,OKR1033183,7/15/2023,10/17/2027,1542,Nonresidential Construction,N,,,,,,,,,,,
Nicholson Residence,Bart Nicholson,14181 Walnut Ridge,Arcadia,OK,73007,Logan,35.7302968,-97.3259895,OKR1033969,2/1/2023,10/17/2027,1521,Single-Family Housing Construction,N,,,,,,,,,,,
ODOT JP 32097 04 / ODOT JP 30574 04 / ODOT JP 27116 04,APAC-Central Inc,sit1bridges along Hwy82 bt W Cookson Bend Rdan hwy 100site2,Cookson,OK,74427,Cherokee,35.7305556,-94.9033333,OKR1035849,10/2/2024,10/17/2027,1622,"Bridge, Tunnel, & Elevated Highway",N,,,,,,,,,,,
ODOT JP 32097 04 / ODOT JP 30574 04 / ODOT JP 27116 04,APAC-Central Inc,sit1bridges along Hwy82 bt W Cookson Bend Rdan hwy 100site2,Cookson,OK,74427,Cherokee,35.7305556,-94.9033333,OKR1035849,10/2/2024,10/17/2027,1611,Highway And Street Construction,N,,,,,,,,,,,
Rush Creek Phase II,Shaw Homes Inc,.4 miles N of W Waterloo Rd .6 miles W of S Portland Ave,Edmond,OK,73003,Logan,35.731819,-97.595877,OKR1035127,2/5/2024,10/17/2027,1521,Single-Family Housing Construction,N,,,,,,,,,,,
Walnut Creek,Provincial Homes Inc,8260 Walnut Creek Rd.,Arcadia,OK,73007,Logan,35.731824,-97.32485,OKR1036858,8/13/2025,10/17/2027,1521,Single-Family Housing Construction,N,,,,,,,,,,,
Muskogee Batch Plant,Eagle Redi-Mix,593 S 45th St E,Muskogee,OK,74403,Muskogee,35.732045,-95.305824,OKR1033148,8/9/2023,10/17/2027,1542,Nonresidential Construction,N,,,,,,,,,,,
Chandler Water Treatment Plant Expansion Project No 116938,Orr Construction,2201 North Post Road,Chandler,OK,74834,Lincoln,35.732287,-96.9143337,OKR1037205,4/15/2026,10/17/2027,1623,"Water, Sewer, And Utility Lines",N,,,,,,,,,,,
Georgia Pacific Muskogee Road Upgrade Project,Cook Construction and Crane Service,4901 Chandler Road,Muskogee,OK,74403,Muskogee,35.7336111,-95.2972222,OKR1035946,10/9/2024,10/17/2027,1611,Highway And Street Construction,N,,,,,,,,,,,
Rosewood Addition - N of Waterloo .5 mile of Pennsylvania,Armer Construction LLC,West of Pennsylvania Ave .3 miles S of W Simmons Rd,Edmond,OK,73003,Logan,35.734589,-97.550051,OKR1034023,3/31/2023,10/17/2027,1521,Single-Family Housing Construction,N,,,,,,,,,,,
CPKC - Heavener Subdivision - Cave Springs Siding Extension,Canadian Pacific Kansas City Railroad CPKC,Railroad tracks .2 mi west of D0885 Rd .3 mi southwest of N,Stilwell,OK,74960,Adair,35.7357102,-94.7266786,OKR1037427,2/11/2026,10/17/2027,1542,Nonresidential Construction,N,,,,,,,,,,,
South Country Club Road,Cooks Consulting LLC,On Country Club Rd between Chandler Rd and Monta Ave,Muskogee,OK,74403,Muskogee,35.7384834,-95.3227687,OKR1037402,2/2/2026,10/17/2027,1611,Highway And Street Construction,N,,,,,,,,,,,
ODOT JP 29367 04 - CIRB-242C113RB,Treas Construction Inc,Luther Rd NS-325 from 4 miles north of US-66,Luther,OK,73054,Logan,35.739463,-97.194438,OKR1036111,11/26/2024,10/17/2027,1611,Highway And Street Construction,N,,,,,,,,,,,
Lost Creek Residential Development,Lost Creek Development LLC,Northwest of W Simmons Rd and S Coltrane Rd,Edmond,OK,73034,Logan,35.7402,-97.4431,OKR1036588,5/27/2025,10/17/2027,1521,Single-Family Housing Construction,N,,,,,,,,,,,
Lazy Dave's RV Resort,Matthew David Howard,13201 S Douglas Blvd,Guthrie,OK,73044,Logan,35.742067,-97.372682,OKR1037051,10/14/2025,10/17/2027,1542,Nonresidential Construction,N,,,,,,,,,,,
ODOT JP 38010 04,"Redlands Contracting, LLC",Thomas Sidewalks: N Missouri St from W Broadway Av,Thomas,OK,73669,Custer,35.7441022,-98.748968,OKR1037975,7/16/2026,10/17/2027,1611,Highway And Street Construction,N,,,,,,,,,,,
Hamilton - Midwest 80,Midwest 80 LLC,E of S Pennsylvania Ave .3 miles N of Simmons Rd,Edmond,OK,73003,Logan,35.74519,-97.548226,OKR1030949,7/7/2023,10/17/2027,6552,Subdividers And Developers,N,,,,,,,,,,,
ONEOK Field Office,Black Rock Construction Mgmt LLC,East of S Rockwell Ave and .35 mi north of W Simmons Rd,Edmond,OK,73003,Logan,35.7455528,-97.6372722,OKR1037710,4/27/2026,10/17/2027,1542,Nonresidential Construction,N,,,,,,,,,,,
Post Oak Estates,"JOMO, LLC",.4 miles North of W Simmons Rd East of S Portland Ave.,Edmond,OK,73025,Logan,35.745747,-97.580483,OKR1037999,7/27/2026,10/17/2027,1522,Residential Construction,N,,,,,,,,,,,
Meadowview Estates,JAG Resources LLC,0.2 mi east of N 160 Rd and south of 9th St,Beggs,OK,74421,Okmulgee,35.7473361,-96.0829389,OKR1033830,12/18/2022,10/17/2027,1611,Highway And Street Construction,N,,,,,,,,,,,
Twin Cities Ready Mix Inc - Muskogee Facility,Twin Cities Ready Mix Inc,640 North 43rd East Ave,Muskogee,OK,74403,Muskogee,35.748572,-95.309525,OKR1037307,12/22/2025,10/17/2027,1542,Nonresidential Construction,N,,,,,,,,,,,
Bass Reeves Complex,Williams Contracting,201 S 5th St,Muskogee,OK,74401,Muskogee,35.748766,-95.375996,OKR1037633,3/31/2026,10/17/2027,1542,Nonresidential Construction,N,,,,,,,,,,,
Tenkiller Skies RV Park,Suzanne Hathaway,29429 S. Big Hollow Road,Park Hill,OK,74451,Cherokee,35.748775,-94.93892,OKR1035833,10/3/2024,10/17/2027,1542,Nonresidential Construction,N,,,,,,,,,,,
Arkansas Pier Improvements,Ergon Asphalt and Emulsions Inc.,4711 E. 2nd Street,Muskogee,OK,74403,Muskogee,35.7492778,-95.2959167,OKR1037840,6/4/2026,10/17/2027,1541,Industrial Buildings And Warehouses,N,,,,,,,,,,,
Oak Tree Landing,Pakana LLC,S Western Avenue and W Charter Oak Road,Edmond,OK,73025,Logan,35.7495444,-97.5818778,OKR1033092,8/25/2023,10/17/2027,1521,Single-Family Housing Construction,N,,,,,,,,,,,
12200 S Pine Street,CJLE LLC,12200 S Pine Street,Edmond,OK,73034,Logan,35.7508333,-97.4063889,OKR1032427,7/5/2023,10/17/2027,1542,Nonresidential Construction,N,,,,,,,,,,,
T-MC-128B - Excess Excavation Waste Site South - Stroud Srvc Plaza Modernization,Sherwood Construction Co Inc,2100 West US. RT. 66,Stroud,OK,74079,Lincoln,35.7512934,-96.6847236,OKR1036004,10/23/2024,10/17/2027,1611,Highway And Street Construction,N,,,,,,,,,,,
T-MC-128B-Excess Excavation Waste Site North-Stroud Srvc Plaza Modernization,Sherwood Construction Co Inc,S of E 0870 Rd .2 miles E of S 3540 Rd,Stroud,OK,74079,Lincoln,35.7525846,-96.6948926,OKR1036003,10/23/2024,10/17/2027,1611,Highway And Street Construction,N,,,,,,,,,,,
Saint Francis Hospital Muskogee Bed Tower Addition,Saint Francis Health System,300 Edna M. Rockefeller Dr,Muskogee,OK,74401,Muskogee,35.7531389,-95.4067861,OKR1033587,8/9/2023,10/17/2027,1542,Nonresidential Construction,N,,,,,,,,,,,
I-35 and Charter Oak,Soil Holdings LLC,915 East Charter Oak Rd,Edmond,OK,73034,Logan,35.7533092,-97.414458,OKR1036833,8/5/2025,10/17/2027,1542,Nonresidential Construction,N,,,,,,,,,,,
Proposed Plasma Center - Muskogee,BCCM Construction Group,219 South 32nd Street,Muskogee,OK,74401,Muskogee,35.7533153,-95.4030768,OKR1034397,6/8/2023,10/17/2027,1542,Nonresidential Construction,N,,,,,,,,,,,
Caseys General Store 5168,Caseys Marketing Company,East of N 8th Ave north of W 7th St,Stroud,OK,74079,Lincoln,35.753519,-96.662283,OKR1037500,3/2/2026,10/17/2027,1542,Nonresidential Construction,N,,,,,,,,,,,
Highline Ranch RV Park,"H4 Equities, LLC",5651 E Charter Oak Road,Guthrie,OK,73044,Logan,35.753997,-97.354722,OKR1037889,6/18/2026,10/17/2027,1623,"Water, Sewer, And Utility Lines",N,,,,,,,,,,,
Ranchero Lake Estates - Olveras Concrete Inc,Olveras Concrete Inc,S of W Charter Oak Rd .4 Miles E of S Penn Ave,Edmond,OK,73025,Logan,35.7540717,-97.5434957,OKR1036627,5/23/2025,10/17/2027,1522,Residential Construction,N,,,,,,,,,,,
Charter Oak Lakes,M and A Concrete LLC,Southeast of W Charter Oak Rd and S Pennsylvania Ave,Edmond,OK,73003,Logan,35.7544444,-97.5491667,OKR1036654,6/10/2025,10/17/2027,1542,Nonresidential Construction,N,,,,,,,,,,,
Koloa,"Koloa, LLC",.2 miles N of W Charter Oak Rd S of S Sooner Rd,Edmond,OK,73034,Logan,35.7579433,-97.4259418,OKR1033927,1/19/2023,10/17/2027,1542,Nonresidential Construction,N,,,,,,,,,,,
Dollar General 31927,Edmond 31927 LLC,11650 S Sooner Rd,Edmond,OK,73034,Logan,35.758081,-97.424461,OKR1037786,5/29/2026,10/17/2027,1542,Nonresidential Construction,N,,,,,,,,,,,
Construct North Firebreak,Oklahoma Military Department,From SH-10 and Black Hollow Rd north and east to Cedar,Fort Gibson,OK,74434,Muskogee,35.7659158,-95.1918486,OKR1033886,2/2/2023,10/17/2027,1542,Nonresidential Construction,N,,,,,,,,,,,
Muskogee Office Space Upgrade,"KAMO Electric Cooperative, Inc. dba KAMO Power",1951 N 64th St W.,Muskogee,OK,74401,Muskogee,35.7669144,-95.4493666,OKR1033689,11/14/2022,10/17/2027,,,N,,,,,,,,,,,
Honor Heights Substation,KAMO Electric Cooperative Inc,1509 N 64th St W  SW corner of N 64th St W & W Shawnee St,Muskogee,OK,74401,Muskogee,35.7680556,-95.4472222,OKR1025635,10/13/2023,10/17/2027,1542,Nonresidential Construction,N,,,,,,,,,,,
Thelma and Thelma South,TP Real Estate LLC,E of S Midwest Blvd .1 miles S of Rancho Dr,Guthrie,OK,73044,Logan,35.7684167,-97.38525,OKR1036699,7/1/2025,10/17/2027,1542,Nonresidential Construction,N,,,,,,,,,,,
ODOT 32697 04,Becco Contractors,SH-66 begins at the Lincoln CL and Ext east approx 8mi,Depew,OK,74028,Creek,35.7685616,-96.6199058,OKR1037229,12/8/2025,10/17/2027,1611,Highway And Street Construction,N,,,,,,,,,,,
Jakes Fireworks - 2609 West Shawnee St,Jakes Fireworks Inc,2609 West Shawnee St,Muskogee,OK,74401,Muskogee,35.7690083,-95.3962111,OKR1036395,3/27/2025,10/17/2027,1542,Nonresidential Construction,N,,,,,,,,,,,
William Street Properties Project,Edmond Landscapes,3280 W Simpson Rd,Edmond,OK,73044,Logan,35.769708,-97.465359,OKR1037124,11/3/2025,10/17/2027,1522,Residential Construction,N,,,,,,,,,,,
Oak Lawn Estates,Simpson 160 LLC,Northeast of W Simpson Rd and S Broadway,Guthrie,OK,73034,Logan,35.769808,-97.477637,OKR1036322,2/25/2025,10/17/2027,1521,Single-Family Housing Construction,N,,,,,,,,,,,
2501 HTeaO Muskogee OK,Dallas Commercial Builders LLC,1052 W Shawnee St,Muskogee,OK,74401,Muskogee,35.770292,-95.373915,OKR1036392,3/10/2025,10/17/2027,1542,Nonresidential Construction,N,,,,,,,,,,,
ODOT JP 30416 04,Jensen Construction Company,On Hwy 62 begin at Muskogee Tpke E extending 1.5 miles E,Muskogee,OK,74403,Muskogee,35.7703861,-95.3080028,OKR1033253,4/26/2023,10/17/2027,1611,Highway And Street Construction,N,,,,,,,,,,,
Timberwood,Simpson 160 LLC,Northwest of W Simpson Rd and Ward Rd,Guthrie,OK,73034,Logan,35.770766,-97.47024,OKR1036356,3/4/2025,10/17/2027,1521,Single-Family Housing Construction,N,,,,,,,,,,,
Texas Roadhouse - 2914 W Shawnee St,Cooks Consulting LLC,2914 W Shawnee St,Muskogee,OK,74401,Muskogee,35.7709111,-95.3987574,OKR1037284,12/23/2025,10/17/2027,1542,Nonresidential Construction,N,,,,,,,,,,,
Whispering Winds,Simpson 160 LLC,E of S Broadway and .5 miles S of W Forrest Hills Rd,Guthrie,OK,73034,Logan,35.775483,-97.477748,OKR1036321,2/24/2025,10/17/2027,1521,Single-Family Housing Construction,N,,,,,,,,,,,
The Silo at Doering Crossing,R Triple C LLC,S of E Harris Rd W of N 41st St E,Muskogee,OK,74403,Muskogee,35.7810361,-95.3125917,OKR1032435,9/15/2023,10/17/2027,1521,Single-Family Housing Construction,N,,,,,,,,,,,
Quality Liquid Feed Expansion,Muskogee City County Port Authority,2530 Port Pl,Muskogee,OK,74403,Muskogee,35.7816736,-95.3011855,OKR1035351,4/11/2024,10/17/2027,1541,Industrial Buildings And Warehouses,N,,,,,,,,,,,
Forrest Hills Estates,Forrest Hills Estates LLC,Southwest of S MacArthur Bvd and W Forrest Hills Rd,Cashion,OK,73016,Logan,35.783008,-97.622074,OKR1036656,6/16/2025,10/17/2027,1611,Highway And Street Construction,N,,,,,,,,,,,
Harris Road Residential Subdivision,Bill Cale,South of E Harris Rd .2 miles East of N York St,Muskogee,OK,74403,Muskogee,35.7838301,-95.3339404,OKR1037685,5/12/2026,10/17/2027,1522,Residential Construction,N,,,,,,,,,,,
Avington Farms,A&V Development Inc,.4 mi west of S May Ave north of W Forest Hills Road,Guthrie,OK,73044,Logan,35.7847222,-97.5747222,OKR1034670,8/29/2023,10/17/2027,1522,Residential Construction,N,,,,,,,,,,,
EDA Muskogee City Flood Protection,Muskogee City County Port Authority,4901 Harold Scoggins Dr,Muskogee,OK,74403,Muskogee,35.7866458,-95.3043147,OKR1035370,4/15/2024,10/17/2027,1542,Nonresidential Construction,N,,,,,,,,,,,
Dewberry Farms,Farmhouse Partners LLC,8700 S Coltrane Rd,Guthrie,OK,73044,Logan,35.78878,-97.44229,OKR1037639,4/20/2026,10/17/2027,1521,Single-Family Housing Construction,N,,,,,,,,,,,
Splash Sales LLC,Splash Sales LLC,8555 S Sooner Road,Guthrie,OK,73044,Logan,35.789249,-97.426217,OKR1032713,6/6/2023,10/17/2027,1542,Nonresidential Construction,N,,,,,,,,,,,
FAA AIP Project - 3-40-0091-016-2025 ODAA Project - SUD-26-FS,APAC-Central Inc,3500 N Highway 99,Stroud,OK,74079,Lincoln,35.7894473,-96.6562851,OKR1037553,3/17/2026,10/17/2027,1542,Nonresidential Construction,N,,,,,,,,,,,
Buck Crossing I and II,Midwest 80 LLC,Hwy 62 and N 3350 Rd,Guthrie,OK,73044,Logan,35.7903028,-97.4249028,OKR1032656,4/14/2023,10/17/2027,1521,Single-Family Housing Construction,N,,,,,,,,,,,
Quartermaster Site 19b Decommissioning,Hillside Operations LLC,Near Hwy 34 and E840 Rd,Leedey,OK,73654,Custer,35.7916667,-99.3688889,OKR1037838,6/1/2026,10/17/2027,1542,Nonresidential Construction,N,,,,,,,,,,,
Tenkiller Utilities Authority Contract 1 Plant Waterline Pump Station,Orr Construction,.20 mi SE of SH-82 and S Indian Rd ext S to S510 Rd then SW,Pettit,OK,74451,Cherokee,35.7922719,-94.9606166,OKR1037511,3/2/2026,10/17/2027,1623,"Water, Sewer, And Utility Lines",Y,,,,,,,,,,,
Guthrie Concrete Plant,Van Eaton Ready Mix,.3 mi south of E Seward Rd and .2 mi east of S Sooner Rd,Guthrie,OK,73034,Logan,35.793928,-97.42087,OKR1034082,3/8/2023,10/17/2027,3273,Ready-Mixed Concrete,N,,,,,,,,,,,
Guthrie Concrete Plant,Van Eaton Ready Mix,.3 mi south of E Seward Rd and .2 mi east of S Sooner Rd,Guthrie,OK,73034,Logan,35.793928,-97.42087,OKR1034082,3/8/2023,10/17/2027,1542,Nonresidential Construction,N,,,,,,,,,,,
Meadow Heights,Farmhouse Partners LLC,Southwest of W Seward Rd and S Coltrane Rd,Guthrie,OK,73044,Logan,35.7942778,-97.4449528,OKR1032240,8/3/2023,10/17/2027,1521,Single-Family Housing Construction,N,,,,,,,,,,,
Dawson Ridge South,ABC Holdings LLC,W of S 3 Mile Rd .1 miles S of Hwy 62,Fort Gibson,OK,74434,Muskogee,35.7956,-95.2005,OKR1033966,2/10/2023,10/17/2027,1522,Residential Construction,N,,,,,,,,,,,
74 Crossing,Sonoma Park Investments,Along Portland Ave approx 0.38 mi south of Seward Road,Guthrie,OK,73044,Logan,35.7985,-97.5781,OKR1035327,4/3/2024,10/17/2027,1521,Single-Family Housing Construction,N,,,,,,,,,,,
Stilwell Water Treatment Plant,Walters Morgan Construction Inc,400 Spray St,Stilwell,OK,74960,Adair,35.798848,-94.637212,OKR1035301,3/29/2024,10/17/2027,1542,Nonresidential Construction,N,,,,,,,,,,,
Cashion Public Schools,Joe D Hall Contractors,101 N Euclid St,Cashion,OK,73016,Logan,35.8019444,-97.6744444,OKR1037131,10/23/2025,10/17/2027,1542,Nonresidential Construction,N,,,,,,,,,,,
Dollar General 31895,Cashion 31895 LLC,N Euclid St and W Comanche Ave,Cashion,OK,73016,Logan,35.805419,-97.673619,OKR1037805,6/5/2026,10/17/2027,1542,Nonresidential Construction,N,,,,,,,,,,,
BRISTOW WASTEWATER TREATMENT PLANT EXPANSION,BRISTOW MUNICIPAL AUTHORITY,.1 miles W of S Hwy 48 .4 mile S of W 241st St S,Bristow,OK,74010,Creek,35.80639,-96.39,OKR1033863,12/28/2022,10/17/2027,1623,"Water, Sewer, And Utility Lines",N,,,,,,,,,,,
G property Duplex,Jason Garhart,S of W Locust St .4 miles E of S 4700 Rd,Stilwell,OK,74960,Adair,35.807918,-94.641361,OKR1034679,9/28/2023,10/17/2027,1521,Single-Family Housing Construction,N,,,,,,,,,,,
Verde Ridge Phase 2,A&V Development LLC,S of W Camp Dr .3 miles W of N Euclid Dr,Cashion,OK,73016,Kingfisher,35.8105556,-97.6802778,OKR1031307,10/11/2023,10/17/2027,6552,Subdividers And Developers,N,,,,,,,,,,,
Verde Ridge 1,A & V Development Inc,Southwest of E0830 Rd and N Euclid Ave,Cashion,OK,73016,Kingfisher,35.81108,-97.67584,OKR1023138,10/5/2023,10/17/2027,1521,Single-Family Housing Construction,N,,,,,,,,,,,
Okay Road - E0830 Rd,APAC Central Inc,On E 50th St N from N 49th St E to E 52nd St N,Fort Gibson,OK,74434,Muskogee,35.8132,-95.2742,OKR1036970,9/16/2025,10/17/2027,1622,"Bridge, Tunnel, & Elevated Highway",Y,,,,,,,,,,,
Cashion Estates,Mauna Lani LLC,"North of E 830 Rd, west of N Euclid Ave, and 0.5 mi east of",Cashion,OK,73016,Kingfisher,35.8151,-97.6745,OKR1034594,7/26/2023,10/17/2027,1521,Single-Family Housing Construction,N,,,,,,,,,,,
Wildflower Meadow,McGuire Brothers,.1 mi east of S 369th West Ave .1 mi north of W 241st St S,Bristow,OK,74010,Creek,35.8152212,-96.402643,OKR1036126,12/6/2024,10/17/2027,1521,Single-Family Housing Construction,N,,,,,,,,,,,
Clarksville TS Telecom Fiber,AEP Public Service Company of Oklahoma,23967 S 381 E Ave,Porter,OK,74454,Wagoner,35.81629,-95.553081,OKR1036643,7/2/2025,10/17/2027,1542,Nonresidential Construction,N,,,,,,,,,,,
Wildflower Meadows Phase 1 2 and 3 lots only,Rausch Coleman Homes of Tulsa LLC,East of S 369th West Ave .2 mi north of W 241st St,Bristow,OK,74010,Creek,35.8170167,-96.4049806,OKR1036112,12/6/2024,10/17/2027,1521,Single-Family Housing Construction,N,,,,,,,,,,,
Buffalo Ridge,46 Star Land Company LLC,East of Bixby Rd .7 mi west and south of Ferguson Rd jct,Mounds,OK,74047,Okmulgee,35.8183778,-95.883725,OKR1033808,12/9/2022,10/17/2027,1521,Single-Family Housing Construction,N,,,,,,,,,,,
ODOT JP 32859 04,Bridgeco Contractors Inc,On N 2740 Rd .5 mi south of E 0820 Rd,Kingfisher,OK,73750,Kingfisher,35.8194444,-98.1183333,OKR1036796,8/4/2025,10/17/2027,1622,"Bridge, Tunnel, & Elevated Highway",N,,,,,,,,,,,
Watonga WWTP Grit Removal and Digestion Improvements,BRB Contractors,West of US Hwy 270 .4 mi south of E 0820 Rd,Watonga,OK,73772,Blaine,35.820568,-98.420513,OKR1035741,8/13/2024,10/17/2027,1542,Nonresidential Construction,N,,,,,,,,,,,
Lopp Ranch,"Lennar Homes of Oklahoma, LLC",NW of E Franklin St and N Wichita Ave,Haskell,OK,74436,Muskogee,35.82165,-95.661334,OKR1038120,8/25/2026,10/17/2027,1521,Single-Family Housing Construction,N,,,,,,,,,,,
Lopp Ranch Phase 1,Tulsa L Dev LLC,Northwest of N Wichita Ave & Hwy 104 intersection,Haskell,OK,74436,Muskogee,35.822361,-95.662113,OKR1034132,3/22/2023,10/17/2027,1521,Single-Family Housing Construction,N,,,,,,,,,,,
"Cable Placement, AT&T Project A059C1F",Southwestern Bell Telephone Co dba AT&T Oklahoma,Along US Hwy 66 from S 369th West Ave ext 3.3 mi west,Bristow,OK,74010,Creek,35.823341,-96.403479,OKR1037034,10/6/2025,10/17/2027,1623,"Water, Sewer, And Utility Lines",N,,,,,,,,,,,
Haskell Public School Baseball Field,Brewer Construction Company Of Eastern Oklahoma,900 N Ohio Ave,Haskell,OK,74436,Muskogee,35.826393,-95.681283,OKR1036103,11/27/2024,10/17/2027,1542,Nonresidential Construction,N,,,,,,,,,,,
At Home Self Storage,Vandenberg Properties LLC DBA At Home Self Storage,1734 Highway 75,Mounds,OK,74047,Okmulgee,35.8315,-96.015105,OKR1035553,6/12/2024,10/17/2027,1541,Industrial Buildings And Warehouses,N,,,,,,,,,,,
Hidden Prairie,Post80 LLC,.5 mi south of E Prairie Grove Rd west of S Post Rd,Guthrie,OK,73044,Logan,35.8333,-97.3585,OKR1031622,7/7/2023,10/17/2027,6552,Subdividers And Developers,N,,,,,,,,,,,
Project 2055,Harold Langley,2055 Brookside St,Guthrie,OK,73044,Logan,35.835583,-97.399563,OKR1037350,1/8/2026,10/17/2027,1542,Nonresidential Construction,N,,,,,,,,,,,
Hannas Place,Mike Matthews Properties,.2 miles S of E 0810 Rd/W Will Rogers Dr .2 miles W of S,Kingfisher,OK,73750,Kingfisher,35.8388333,-97.9455833,OKR1036101,12/4/2024,10/17/2027,1521,Single-Family Housing Construction,N,,,,,,,,,,,
Mige Glory Addition,Housing Authority of the Cherokee Nation,SW Corner of S Bald Hill Rd and W 810 Rd,Tahlequah,OK,74464,Cherokee,35.8407,-94.9889,OKR1032057,7/7/2023,10/17/2027,1522,Residential Construction,Y,,,,,,,,,,,
Mission Hills Section 5,Mission Hills Land Fund LLC,North of W Prairie Grove Rd .2 mi west of S Division St,Guthrie,OK,73044,Logan,35.8421361,-97.4294611,OKR1037136,11/17/2025,10/17/2027,1521,Single-Family Housing Construction,N,,,,,,,,,,,
Byweld,Byweld 2nd Generation LLC,SW Corner of Hectorville Rd & US-75,Hectorville,OK,74047,Okmulgee,35.84227,-96.01734,OKR1035543,6/13/2024,10/17/2027,1542,Nonresidential Construction,N,,,,,,,,,,,
Mission Hills Section 6,"Mission Hills Land Fund, LLC",W. Prairie Grove Road and S. Division Street,Guthrie,OK,73044,Logan,35.8422917,-97.4296389,OKR1037822,6/5/2026,10/17/2027,1522,Residential Construction,N,,,,,,,,,,,
Kingfisher Fire Station,City of Kingfisher,1501 S Main St,Kingfisher,OK,73750,Kingfisher,35.8443224,-97.9320612,OKR1036949,9/9/2025,10/17/2027,1542,Nonresidential Construction,N,,,,,,,,,,,
Mounds RV Park,C and J Real Estate,15920 Buchanan Rd,Mounds,OK,74047,Okmulgee,35.84585,-95.90983,OKR1035168,2/22/2024,10/17/2027,1542,Nonresidential Construction,N,,,,,,,,,,,
Mission Hills Section 3,IH Development LLC,East of Davis Road approx .5 mi N of W Prairie Grove Rd,Guthrie,OK,73044,Logan,35.8463,-97.4342,OKR1035284,4/1/2024,10/17/2027,1521,Single-Family Housing Construction,N,,,,,,,,,,,
Stonebrook II Addition,"RJAK, LLC",South of Stonebrook Dr and .3 miles North from E0810 Rd,Kingfisher,OK,73750,Kingfisher,35.84703,-97.949007,OKR1027755,6/30/2023,10/17/2027,1522,Residential Construction,N,,,,,,,,,,,
Sequoyah High School,Crossland Construction Co Inc,17091 S Muskogee Ave,Tahlequah,OK,74464,Cherokee,35.847311,-95.000077,OKR1036034,11/4/2024,10/17/2027,1542,Nonresidential Construction,Y,,,,,,,,,,,
Durbin Community Center and Elder Housing,Stout Construction,16403 HIGHWAY 62,Tahlequah,OK,74464,Cherokee,35.848087,-95.012581,OKR1035872,9/20/2024,10/17/2027,1522,Residential Construction,Y,,,,,,,,,,,
Cherokee Nation Durbin Elder Housing,Stout Construction,16403 Highway 62,Tahlequah,OK,74464,Cherokee,35.84816,-95.01258,OKR1034916,11/17/2023,10/17/2027,1522,Residential Construction,Y,,,,,,,,,,,
Immersion Middle School,Thompson Construction Inc,16439 US-62,Tahlequah,OK,74464,Cherokee,35.848642,-95.015152,OKR1035969,10/18/2024,10/17/2027,1542,Nonresidential Construction,N,,,,,,,,,,,
Mission Hills Section 4,IH Development LLC,Along east Davis Road approx .5 mi N of W Prairie Grove Rd,Guthrie,OK,73044,Logan,35.848857,-97.433962,OKR1035285,4/1/2024,10/17/2027,1521,Single-Family Housing Construction,N,,,,,,,,,,,
Cherokee Nation Career Services Training Center,Cherokee Nation,16430 US-62,Tahlequah,OK,74464,Cherokee,35.8500134,-95.0091434,OKR1034261,5/1/2023,10/17/2027,,,Y,,,,,,,,,,,
ODOT JP 17671 42,Cornell Construction Company,US-270 from 3.09 miles NW of the SH-58 Intersection,Watonga,OK,73772,Blaine,35.8516667,-98.608055,OKR1038031,8/7/2026,10/17/2027,1611,Highway And Street Construction,N,,,,,,,,,,,
Creekside Estates,Zeppelin Land Investments,2401 S Western Ave,Guthrie,OK,73044,Logan,35.85299,-97.5365,OKR1036857,9/5/2025,10/17/2027,1522,Residential Construction,N,,,,,,,,,,,
Cherokee Nation,"Crossland Construction Company, Inc.",22230 S Bald Hill Rd,Tahlequah,OK,74464,Cherokee,35.8531522,-94.9845181,OKR1037941,7/27/2026,10/17/2027,1541,Industrial Buildings And Warehouses,Y,,,,,,,,,,,
Cherokee Nation EMS Facility Addition,Foreman Manhattan Construction,22114 S Bald Hill Rd,Tahlequah,OK,74464,Cherokee,35.855,-94.9836111,OKR1035454,5/13/2024,10/17/2027,1542,Nonresidential Construction,N,,,,,,,,,,,
ODOT JP 31003 07,Silver Star Construction Company Inc,On Hwy 33 from begin .2 miles E of N 2910 Rd ext to .6 miles,Kingfisher,OK,73750,Kingfisher,35.856311,-97.792175,OKR1037547,3/27/2026,10/17/2027,1611,Highway And Street Construction,N,,,,,,,,,,,
Varner South Spoils Site,Sherwood Construction Co Inc,"South of I44, south of S 337th St W .2 mi east of 8th St Rd",Bristow,OK,74010,Creek,35.856354,-96.364885,OKR1035154,2/15/2024,10/17/2027,1542,Nonresidential Construction,N,,,,,,,,,,,
Campos Residence,M&K Remodeling LLC,21020 S 142nd E Ave,Bixby,OK,74008,Tulsa,35.8563676,-95.8232431,OKR1036973,9/25/2025,10/17/2027,1521,Single-Family Housing Construction,N,,,,,,,,,,,
ODOT JP 31003 04,Silver Star Construction Company Inc,0.56 miles east of US 81 junction then east 4.73 miles,Kingfisher,OK,73750,Kingfisher,35.85688,-97.90566,OKR1037548,3/27/2026,10/17/2027,1611,Highway And Street Construction,N,,,,,,,,,,,
Cherokee Nation Wilma Mankiller Capitol Park,Foreman Manhattan Construction,.1 mi east of S Jules Valdez Rd north of S Muskogee Ave,Tahlequah,OK,74464,Cherokee,35.8569639,-94.9836944,OKR1035840,9/12/2024,10/17/2027,1542,Nonresidential Construction,N,,,,,,,,,,,
Watonga High School,Watonga School District,1202 Eagle Lane,Watonga,OK,73772,Blaine,35.8572444,-98.4095917,OKR1033737,11/17/2022,10/17/2027,1542,Nonresidential Construction,N,,,,,,,,,,,
Varner North Spoils Site,Sherwood Construction Co Inc,Northwest of I44 east of S 337th W Ave north of W 211th St S,Bristow,OK,74010,Creek,35.861401,-96.363132,OKR1035152,2/15/2024,10/17/2027,1542,Nonresidential Construction,N,,,,,,,,,,,
Smart Ranch,Jerad Alan Smart,14500 E 205 St S,Bixby,OK,74008,Wagoner,35.8651031,-95.819218,OKR1037417,2/6/2026,10/17/2027,1521,Single-Family Housing Construction,N,,,,,,,,,,,
Guthrie Farms Phase 2 - Lennar Homes,Lennar Homes of Oklahoma LLC,.2 mi west of S Pine St .7 mi north of E Industrial Rd,Guthrie,OK,73044,Logan,35.866176,-97.411185,OKR1037096,10/23/2025,10/17/2027,1521,Single-Family Housing Construction,N,,,,,,,,,,,
Guthrie Farms Phase 3,OKC L DEV LLC,.4 mi west of S Pine St .7 mi north of E Industrial Rd,Guthrie,OK,73044,Logan,35.867072,-97.414071,OKR1037032,10/21/2025,10/17/2027,1521,Single-Family Housing Construction,N,,,,,,,,,,,
US 62 Sidewalk and Pedestrian Crossing: Phase 2,FLS Contracting,US 62 Highway .44 miles of new 10' sidewalk along us62 from,Tahlequah,OK,74464,Cherokee,35.8671104,-94.9763386,OKR1037965,7/14/2026,10/17/2027,1611,Highway And Street Construction,Y,,,,,,,,,,,
ATT Project A05A428,Southwestern Bell Telephone Co dba AT&T Oklahoma,Hwy 177 from E 791st Rd to Santa Fe Ave,Carney,OK,74832,Lincoln,35.867756,-97.018513,OKR1037421,2/4/2026,10/17/2027,1623,"Water, Sewer, And Utility Lines",N,,,,,,,,,,,
ODOT JP 30570 04 Borrow Pits,Robinson Construction LLC,US-59 Beginning Approx .25mi south of SH-51 extend N 6.70mi,Peavine,OK,74960,Adair,35.86789,-94.64162,OKR1036467,4/2/2025,10/17/2027,1542,Nonresidential Construction,N,,,,,,,,,,,
Kelly North Spoils Site,Sherwood Construction Co Inc,.5 mi east of S 337th West Ave south of W 201st St S,Bristow,OK,74010,Creek,35.86978,-96.356804,OKR1035149,2/15/2024,10/17/2027,1542,Nonresidential Construction,N,,,,,,,,,,,
Fort Gibson Replace Spillway Bridge,Alberici Constructors Inc,OK-251A across Fourteenmile Creek,Fort Gibson,OK,74434,Muskogee,35.8698207,-95.2299607,OKR1037774,5/19/2026,10/17/2027,1622,"Bridge, Tunnel, & Elevated Highway",Y,,,,,,,,,,,
River Valley Church,River Valley Church,SEC of Park Hill Rd and E Willis Rd,Tahlequah,OK,74464,Cherokee,35.8699944,-94.9665111,OKR1037181,11/18/2025,10/17/2027,1542,Nonresidential Construction,N,,,,,,,,,,,
ODOT JP 29841 04,Sewell Bros Inc,SH-33 over Gar Creek at Western Ave,Guthrie,OK,73044,Logan,35.8713889,-97.5325,OKR1036621,5/23/2025,10/17/2027,1622,"Bridge, Tunnel, & Elevated Highway",N,,,,,,,,,,,
Chess Cottages,DAP Ventures LLC,530 S Academy Rd.,Guthrie,OK,73044,Logan,35.8727,-97.4593,OKR1037560,3/19/2026,10/17/2027,1521,Single-Family Housing Construction,N,,,,,,,,,,,
Owen Field Softball Complex Improvements Phase 1,Crossland Construction Company,West of S Academy Rd North of W University Ave,Guthrie,OK,73044,Logan,35.8745505,-97.462678,OKR1037898,6/26/2026,10/17/2027,1542,Nonresidential Construction,N,,,,,,,,,,,
Owen Field - Softball Facility Extension,True North Contracting LLC,203 S. Academy,Guthrie,OK,73044,Logan,35.8746654,-97.4630793,OKR1035825,9/12/2024,10/17/2027,1542,Nonresidential Construction,N,,,,,,,,,,,
ODOT JP 30570 04,Robinson Construction LLC,On US-59 .25 mi south of SH-51 extend 6.70 mi north,Peavine,OK,74960,Adair,35.8747222,-94.6394444,OKR1036222,1/23/2025,10/17/2027,1611,Highway And Street Construction,Y,,,,,,,,,,,
Rother Sand,Duit Construction Company Inc,N Side of SH-33 1.5 miles W of SH-74,Cashion,OK,73016,Logan,35.8755,-97.6089,OKR1033527,4/28/2023,10/17/2027,1542,Nonresidential Construction,Y,,,,,,,,,,,
Cable Placement AT&T Project A02KD45,Southwestern Bell Telephone Co dba AT&T Oklahoma,Along SH-105 from S Midwest Blvd to S Henney Rd,Guthrie,OK,73044,Logan,35.878003,-97.3897256,OKR1037364,1/23/2026,10/17/2027,1623,"Water, Sewer, And Utility Lines",N,,,,,,,,,,,
Cherry Springs,Steven A Worth Trust UA DTD,South of E Ballentine Rd & 0.4 mi east of S Park Hill Rd,Tahlequah,OK,74464,Cherokee,35.8791667,-94.9602778,OKR1033978,2/9/2023,10/17/2027,1521,Single-Family Housing Construction,N,,,,,,,,,,,
Kelly South Spoils Site,Sherwood Construction Co Inc,Southeast of I44 1.2 mi west of S 289th W Ave .5 mi north of,Bristow,OK,74010,Creek,35.879914,-96.33899,OKR1035150,2/15/2024,10/17/2027,1542,Nonresidential Construction,N,,,,,,,,,,,
The Woodlands of Southridge,Scott Wright dba Southridge Development Co.,Section 8 and 9 T 16N R 22E,Tahlequah,OK,74464,Cherokee,35.8816667,-94.9844444,OKR1025504,6/23/2023,10/17/2027,,,Y,,,,,,,,,,,
Mounds Football Improvements,Key Construction,1603 Russell Ave,Mounds,OK,74047,Creek,35.881873,-96.058388,OKR1036308,2/18/2025,10/17/2027,1542,Nonresidential Construction,N,,,,,,,,,,,
CERT Groundwater Remediation Project,O6 Environmental LLC,Hwy 74 .50 Mile North of Hwy 33,Guthrie,OK,73044,Logan,35.883567,-97.576119,OKR1036939,10/3/2025,10/17/2027,1542,Nonresidential Construction,Y,,,,,,,,,,,
THE MOUNTAIN OF SOUTHRIDGE,Southridge Development Co LLC,3402 Mountain Dr,Tahlequah,OK,74464,Cherokee,35.8838028,-94.98385,OKR1032494,6/9/2023,10/17/2027,1521,Single-Family Housing Construction,Y,,,,,,,,,,,
Cedar Creek Estates LLC,Cedar Creek Estates LLC,860 Creekside Trail,Guthrie,OK,73044,Logan,35.886409,-97.37692,OKR1034976,12/14/2023,10/17/2027,1522,Residential Construction,N,,,,,,,,,,,
Anderson Spoils Site,Sherwood Construction Co Inc,East of W 189th St S .2 mi south of Old Hwy 66,Bristow,OK,74010,Creek,35.889991,-96.330733,OKR1035148,2/15/2024,10/17/2027,1542,Nonresidential Construction,N,,,,,,,,,,,
Finley Ridge Subdivision,Jasen Wright,none listed,Tahlequah,OK,74464,Cherokee,35.8912444,-94.9656556,OKR1029452,6/28/2023,10/17/2027,,,Y,,,,,,,,,,,
Feeder 116 and 76 Washout Project,Grand River Dam Authority,On South 540 Road 2 miles S of E 760 Rd ext .8 miles E and W,Tahlequah,OK,74464,Cherokee,35.892929,-94.937115,OKR1036359,3/5/2025,10/17/2027,1542,Nonresidential Construction,N,,,,,,,,,,,
Stonebluff Views,Leverage Partners LP,North of E 191st S .2 mi west of S 201st East Ave,Haksell,OK,74436,Wagoner,35.89302,-95.75788,OKR1035392,5/13/2024,10/17/2027,1542,Nonresidential Construction,N,,,,,,,,,,,
Guthrie Wrestling Addition,Crossland Construction Company Inc.,200 N Crooks Dr,Guthrie,OK,73044,Logan,35.8930831,-97.4218118,OKR1037463,2/19/2026,10/17/2027,1542,Nonresidential Construction,N,,,,,,,,,,,
Hillcrest Farms,Builder Investment Group,NW of Intersection of N Pine Street and Hillcrest Avenue,Guthrie,OK,73044,Logan,35.8931389,-97.4079444,OKR1033518,6/16/2023,10/17/2027,1521,Single-Family Housing Construction,N,,,,,,,,,,,
ODOT JP 32821 04,Robinson Construction LLC,On US 69 From .5 mi south of W 90th St N ext 5.5 mi north,Tullahassee,OK,74454,Wagoner,35.8936111,-95.4027778,OKR1036374,3/6/2025,10/17/2027,1611,Highway And Street Construction,Y,,,,,,,,,,,
Join Parachute,Metro Construction,1501 S Muskogee Ave,Tahlequah,OK,74464,Cherokee,35.8969444,-94.9758333,OKR1034209,4/14/2023,10/17/2027,1542,Nonresidential Construction,N,,,,,,,,,,,
Eric Rogers,Eric Rogers,18380 S 65th Ave,Mounds,OK,74047,Creek,35.8983,-96.0724,OKR1033817,1/26/2023,10/17/2027,,,N,,,,,,,,,,,
Edgewater Subdivision,DJ Jamal LLC,South of intersection of E 4th & S Cedar Ave,Tahlequah,OK,74464,Cherokee,35.898527,-94.957388,OKR1025438,4/19/2023,10/17/2027,1521,Single-Family Housing Construction,Y,,,,,,,,,,,
McDougal Spoils Site,Sherwood Construction Co Inc,Southeast of I44 south of W 181st St S .5 mi west of S 273rd,Bristow,OK,74010,Creek,35.898605,-96.311717,OKR1035151,2/15/2024,10/17/2027,1542,Nonresidential Construction,N,,,,,,,,,,,
Liberty 342 - Block 1 and Block II,TC Burton LLC,Block I - south of E 181st St S and east of S Harvard Ave,Bixby,OK,74008,Tulsa,35.8994417,-95.9423306,OKR1037209,12/9/2025,10/17/2027,1521,Single-Family Housing Construction,N,,,,,,,,,,,
Belmont,Pakana LLC,NW corner of E Cooksey Rd and N Westminster Rd,Guthrie,OK,73044,Logan,35.8996,-97.3378,OKR1031621,7/1/2023,10/17/2027,6552,Subdividers And Developers,N,,,,,,,,,,,
"JP 21646 04 Grade, Drain, Surface and Erosion Control 4th St.",Young's Land Management,35' east of Int. of Kindle Ave. and 4th St. extend east 0.37,Tahlequah,OK,74464,Cherokee,35.900556,-94.969167,OKR1038116,8/25/2026,10/17/2027,1611,Highway And Street Construction,Y,,,,,,,,,,,
Summerfield Heights,Akia Properties,4th St btw S State Ave and S College Ave,Tahlequah,OK,74464,Cherokee,35.9015,-94.9773,OKR1032050,6/28/2023,10/17/2027,1521,Single-Family Housing Construction,Y,,,,,,,,,,,
Carson Trails,IH Development LLC,North of W 181st St S .1 mi east of S Union Ave,Glenpool,OK,74047,Tulsa,35.902011,-96.008686,OKR1034400,6/8/2023,10/17/2027,1522,Residential Construction,N,,,,,,,,,,,
Twin Ponds,Danny R and Zachary Beeler,0.4 mi W of Hwy 75 and N of W 181st St S,Glenpool,OK,74033,Tulsa,35.9030278,-96.0243667,OKR1030527,5/8/2023,10/17/2027,1521,Single-Family Housing Construction,N,,,,,,,,,,,
Twin Ponds Phase II,Southwind Homes of Glenpool,1600 ft east of S 33rd W Ave and 1200 ft north of W 181st St,Glenpool,OK,74033,Tulsa,35.9047417,-96.0236944,OKR1035738,8/15/2024,10/17/2027,1522,Residential Construction,N,,,,,,,,,,,
Magnolia Heights,Four Cedars Development LLC,W of S Yale Ave and 1600 ft N of 181st St,Bixby,OK,74008,Tulsa,35.905173,-95.925507,OKR1031195,7/18/2023,10/17/2027,6552,Subdividers And Developers,N,,,,,,,,,,,
The Farm by Pediatrics Plus,TAG Construction Co,.2mi south of W Carr Ln west of S Bryant Road,Tahlequah,OK,74464,Cherokee,35.9053424,-95.0114518,OKR1037016,9/26/2025,10/17/2027,1542,Nonresidential Construction,Y,,,,,,,,,,,
Magnolia Heights Ph II,Pine Springs Development Group LLC,"0.1 mi north of E 181st St S, 0.25 mi west of South Yale",Tulsa,OK,74008,Tulsa,35.9055,-95.9294,OKR1034327,5/12/2023,10/17/2027,,,N,,,,,,,,,,,
Yocham Spoils Site,Sherwood Construction Co Inc,Northwest of I44 south of W Hwy 66 .3 mi west of,Bristow,OK,74010,Creek,35.908233,-96.305799,OKR1035153,2/15/2024,10/17/2027,1542,Nonresidential Construction,N,,,,,,,,,,,
Magnolia Village,Pine Springs Development Group LLC,.4 mi south of E 171st St South .2 mi east of S Yale Ave,Bixby,OK,74008,Tulsa,35.9101222,-95.9190944,OKR1032604,7/16/2023,10/17/2027,1522,Residential Construction,N,,,,,,,,,,,
Magnolia Farms,Pine Springs Development LLC,West of S Sheridan Ave and 1000 ft South of E 171st St S,Bixby,OK,74008,Tulsa,35.9108361,-95.90605,OKR1035329,4/12/2024,10/17/2027,1521,Single-Family Housing Construction,N,,,,,,,,,,,
Magnolia Village II,Pine Springs Development Group LLC,500 ft W of S Sheridan Rd and 1300 ft S of 171st St S,Bixby,OK,74008,Tulsa,35.9112583,-95.9063889,OKR1037334,1/23/2026,10/17/2027,1521,Single-Family Housing Construction,N,,,,,,,,,,,
90th New Build,Birdhouse Properties LLC,17418 S 90th E Ave,Bixby,OK,74008,Tulsa,35.911267,-95.8763431,OKR1036793,8/5/2025,10/17/2027,1521,Single-Family Housing Construction,N,,,,,,,,,,,
New House Bixby,Patricia Zuniga,17409 S. 91st E. Ave,Bixby,OK,74008,Tulsa,35.911551,-95.874622,OKR1037811,5/29/2026,10/17/2027,1521,Single-Family Housing Construction,N,,,,,,,,,,,
Magnolia Crossing,Pine Springs Development Group LLC,.3 mi south of E 171st St S .4 mi east of S Yale Ave,Bixby,OK,74008,Tulsa,35.911923,-95.914975,OKR1033682,11/17/2022,10/17/2027,1521,Single-Family Housing Construction,N,,,,,,,,,,,
Cherokee Nation Parking Garage,Foreman Manhattan Construction ,19780 E. Ross St.,Tahlequah,OK,74465,Cherokee,35.9126773,-94.9474913,OKR1038066,8/12/2026,10/17/2027,1542,Nonresidential Construction,Y,,,,,,,,,,,
ODOT JP 24180 12,The Cummins Construction Company Inc,US-177 from SH -105 to Payne Co Line E 740 Rd,Perkins,OK,74875,Lincoln,35.913,-97.016,OKR1037005,9/30/2025,10/17/2027,1611,Highway And Street Construction,N,,,,,,,,,,,
Magnolia Crossing II,Pine Springs Development Group LLC,.6 mi east of S Yale Ave .2 mi south of E 171st St S,Tulsa,OK,74008,Tulsa,35.913375,-95.9114639,OKR1036176,2/5/2025,10/17/2027,1521,Single-Family Housing Construction,N,,,,,,,,,,,
Blue Flame 47 Addition,Blue Flame 47,12100 E 171st St S,Bixby,OK,74008,Tulsa,35.9139861,-95.8447139,OKR1032555,2/2/2024,10/17/2027,1542,Nonresidential Construction,N,,,,,,,,,,,
ODOT JP 30553 04,Robinson Construction Inc,On SH-51 from north of E 6th St in Hulbert,Tahlequah,OK,74464,Cherokee,35.915,-95.0730556,OKR1035129,2/9/2024,10/17/2027,1611,Highway And Street Construction,N,,,,,,,,,,,
Beacon Plaza,Terry Bigby and Mark Bigby,1100 East Downing Street,Tahlequah,OK,74464,Cherokee,35.9152056,-94.9538583,OKR1033246,3/24/2023,10/17/2027,1542,Nonresidential Construction,Y,,,,,,,,,,,
Rivercenter Streets,Ferguson Property Group,1101 E Downing Street,Tahlequah,OK,74464,Cherokee,35.91573,-94.954839,OKR1033723,11/16/2022,10/17/2027,1542,Nonresidential Construction,N,,,,,,,,,,,
The Preserve - D.R. Horton - Texas Ltd,D.R. Horton - Texas Ltd,North of E 171st St S and .5 mi west of S Memorial Dr,Bixby,OK,74008,Tulsa,35.91578,-95.89547,OKR1037174,11/18/2025,10/17/2027,1521,Single-Family Housing Construction,N,,,,,,,,,,,
Cherokee Nation Crises Shelter,Maska Builders LLC,1635 West Keetoowah Street,Tahlequah,OK,74464,Cherokee,35.9157893,-95.0014903,OKR1036388,3/17/2025,10/17/2027,1542,Nonresidential Construction,Y,,,,,,,,,,,
Woodward Acres II,DD&R Properties LLC,1000 feet North of East 171st Street South West Side,Bixby,OK,74008,Tulsa,35.9181453,-95.9448297,OKR1032255,8/25/2023,10/17/2027,1522,Residential Construction,N,,,,,,,,,,,
The Preserve - Bixby,PPM 171 Development LLC,Northeast of S Sheridan Rd and E 171st St S,Bixby,OK,74008,Tulsa,35.9186556,-95.8974583,OKR1035670,7/25/2024,10/17/2027,1522,Residential Construction,N,,,,,,,,,,,
Adeleine Hills,Gordon Developments LLC,.3 mi north of E 171st St S west of S Lewis Ave,Bixby,OK,74008,Tulsa,35.919767,-95.960636,OKR1036648,6/6/2025,10/17/2027,1522,Residential Construction,N,,,,,,,,,,,
Tahlequah  Bond Projects Fieldhouse,Tahlequah Public Schools,591 Pendleton St,Tahlequah,OK,74464,Cherokee,35.9200444,-94.9824861,OKR1037887,6/22/2026,10/17/2027,1542,Nonresidential Construction,N,,,,,,,,,,,
Tahlequah Asphalt Plant,Robinson Construction LLC,15900 Hwy 51,Tahlequah,OK,74464,Cherokee,35.920378,-95.013945,OKR1035038,1/2/2024,10/17/2027,2951,Asphalt Paving Mixtures And Blocks,N,,,,,,,,,,,
Tahlequah Asphalt Plant,Robinson Construction LLC,15900 Hwy 51,Tahlequah,OK,74464,Cherokee,35.920378,-95.013945,OKR1035038,1/2/2024,10/17/2027,1541,Industrial Buildings And Warehouses,N,,,,,,,,,,,
Tahlequah Asphalt Plant,Robinson Construction LLC,15900 Hwy 51,Tahlequah,OK,74464,Cherokee,35.920378,-95.013945,OKR1035038,1/2/2024,10/17/2027,1542,Nonresidential Construction,N,,,,,,,,,,,
Tahlequah Asphalt Plant,Oilstone LLC,15900 Hwy 51,Tahlequah,OK,74464,Cherokee,35.920378,-95.013945,OKR1037070,10/14/2025,10/17/2027,1542,Nonresidential Construction,N,,,,,,,,,,,
Tahlequah Asphalt Plant,Oilstone LLC,15900 Hwy 51,Tahlequah,OK,74464,Cherokee,35.920378,-95.013945,OKR1037070,10/14/2025,10/17/2027,1541,Industrial Buildings And Warehouses,N,,,,,,,,,,,
Tahlequah Asphalt Plant,Oilstone LLC,15900 Hwy 51,Tahlequah,OK,74464,Cherokee,35.920378,-95.013945,OKR1037070,10/14/2025,10/17/2027,2951,Asphalt Paving Mixtures And Blocks,N,,,,,,,,,,,
Coweta WWTP,Daris Contractors,.2 mi east of Hwy 72 south of E 164th St S,Coweta,OK,74429,Wagoner,35.9224266,-95.6520805,OKR1036158,1/8/2025,10/17/2027,1542,Nonresidential Construction,N,,,,,,,,,,,
Weeks Waste Area,Sherwood Construction Co Inc,17452 Oklahoma 80,Hulbert,OK,74441,Cherokee,35.9229075,-95.1488619,OKR1037963,7/10/2026,10/17/2027,1611,Highway And Street Construction,N,,,,,,,,,,,
Ellis Ranch,Ellis Ranch Land Fun LLC,W of S Memorial Dr .4 miles S of E 161st St S,Bixby,OK,74008,Tulsa,35.923674,-95.887477,OKR1034979,12/11/2023,10/17/2027,1542,Nonresidential Construction,N,,,,,,,,,,,
ODOT JP 35120 08 Borrow 1,Sherwood Construction,.4 miles S of W 161st St S .2 miles E of S Union Ave,Glenpool,OK,74033,Tulsa,35.9237231,-96.0092032,OKR1035448,5/14/2024,10/17/2027,1611,Highway And Street Construction,N,,,,,,,,,,,
Deer Meadows,A+ Construction,.3 miles S of E 161st St S E of S 337th E Ave,Coweta,OK,74454,Wagoner,35.92467,-95.600168,OKR1036113,12/17/2024,10/17/2027,1522,Residential Construction,N,,,,,,,,,,,
Johns Park - 16527 and 16531 S 97th Pl,The Brumble Group,16527 & 16531 S. 97th Pl.,Bixby,OK,74008,Tulsa,35.924701,-95.868032,OKR1037497,3/4/2026,10/17/2027,1521,Single-Family Housing Construction,N,,,,,,,,,,,
Bixby Plains,Calara Land (OK) LLC,.7 miles North of E 171st St S .6 miles East of S Memorial,Bixby,OK,74008,Tulsa,35.9251861,-95.8752833,OKR1038129,8/31/2026,10/17/2027,1542,Nonresidential Construction,N,,,,,,,,,,,
By-Weld,Bob Fuqua,East of S Broadway St and 0.25 mi south of W 161St St S,Glenpool,OK,74033,Tulsa,35.9261363,-96.0083741,OKR1034834,10/18/2023,10/17/2027,1542,Nonresidential Construction,N,,,,,,,,,,,
Elwood Crossing III - IV,Elwood Crossing LLC,E of S Elwood Ave .3 miles S of E161st St S,Glenpool,OK,74033,Tulsa,35.9261667,-95.9935278,OKR1033255,5/16/2023,10/17/2027,1522,Residential Construction,N,,,,,,,,,,,
Southern Farms,Acre Development Partners LLC,S of E 161st St S .1 miles W of S Memorial Dr,Bixby,OK,74008,Tulsa,35.9281583,-95.8892528,OKR1034029,2/27/2023,10/17/2027,1542,Nonresidential Construction,N,,,,,,,,,,,
All American Floats Parking Lot,James Cody Bartmess - All American Floats,17170 N Highway 10,Tahlequah,OK,74464,Cherokee,35.9282828,-94.9270213,OKR1037057,10/14/2025,10/17/2027,1542,Nonresidential Construction,Y,,,,,,,,,,,
Bixby Village,CBH Development Services LLC,Southeast of E 161st St S and S Riverview Dr intersection.,Bixby,OK,74008,Tulsa,35.928285,-95.876623,OKR1035863,9/18/2024,10/17/2027,1522,Residential Construction,N,,,,,,,,,,,
Creek Co RWD2 Bixby Zone,Cooks Consulting LLC,S Lewis Ave from E 131st St S to E 171st St S and S 33rd,Jenks,OK,74008,Tulsa,35.9285055,-95.9583,OKR1034745,9/29/2023,10/17/2027,1623,"Water, Sewer, And Utility Lines",N,,,,,,,,,,,
Dr Jake Brown DVM Veterinary Clinic,Hunter Construction Management Inc,.1 mi south of W 161st St S east of S Broadway St W,Glenpool,OK,74033,Tulsa,35.9287,-96.0082,OKR1036032,1/13/2025,10/17/2027,1542,Nonresidential Construction,N,,,,,,,,,,,
Cherokee Nation Health Warehouse,Cherokee Nation Health Services,S of W Allen Road E of  Main Parkway,Tahlequah,OK,74464,Cherokee,35.9291,-94.9926,OKR1033833,1/17/2023,10/17/2027,1542,Nonresidential Construction,N,,,,,,,,,,,
ODOT JP 31246 04,Sherwood Construction Co Inc,on N 4410 Rd / Wilson Rd from Hwy 80 to Hwy 51,Hulbert,OK,74441,Cherokee,35.9297272,-95.1539516,OKR1037369,1/20/2026,10/17/2027,1611,Highway And Street Construction,Y,,,,,,,,,,,
Tahlequah Municipal Airport Construct Taxilane and Relocate AWOS,"Paragon Contractors, LLC",2100 Airport Pkwy,Tahlequah,OK,74464,Cherokee,35.930048,-95.003098,OKR1037943,7/7/2026,10/17/2027,4581,"Airports, Flying Fields, & Services",N,,,,,,,,,,,
Robinson Ranch,"Rausch Coleman Homes of Tulsa, LLC",E 161st and S Memorial DR,Bixby,OK,74008,Tulsa,35.9303806,-95.8799889,OKR1029761,9/21/2023,10/17/2027,,,N,,,,,,,,,,,
The Arena 918,Chris Neffendorf,N of West 161st Street South .5 miles E of S Union Ave,Glenpool,OK,74033,Tulsa,35.9307,-96.0031,OKR1035253,3/8/2024,10/17/2027,1542,Nonresidential Construction,N,,,,,,,,,,,
OTA Job 36529 04 MU-MC-53 Muskogee Turnpike,Duit Construction Co,Muskogee Turnpike from .4 mi southeast of S 421st East Ave,Coweta,OK,74429,Wagoner,35.9310046,-95.5811374,OKR1036220,3/17/2025,10/17/2027,1611,Highway And Street Construction,N,,,,,,,,,,,
161 Business Park,161 Business Park LLC,NWC of 161st and Hwy 75 South,Glenpool,OK,74033,Tulsa,35.93107,-96.0128,OKR1036561,5/7/2025,10/17/2027,1542,Nonresidential Construction,N,,,,,,,,,,,
CoachPort Glenpool Storage,CoachPort II LLC,1903 W 161st St,Glenpool,OK,74033,Tulsa,35.9311,-96.0139,OKR1037320,1/6/2026,10/17/2027,1542,Nonresidential Construction,N,,,,,,,,,,,
Davis Ranch Estates Subdivision 1 and 2,Veraman Davis,715 W Northlake Drive,Tahlequah,OK,74464,Cherokee,35.9325,-94.9791667,OKR1032958,6/28/2023,10/17/2027,1521,Single-Family Housing Construction,Y,,,,,,,,,,,
Deer Valley,Green Property Management Inc,Northwest of E 161st St S  and S Yale Ave,Bixby,OK,74008,Tulsa,35.933775,-95.9266528,OKR1037692,5/5/2026,10/17/2027,1521,Single-Family Housing Construction,N,,,,,,,,,,,
Anthis Brennan Sports Complex,Hellas Construction,1046 W Allen Road,Tahlequah,OK,74464,Cherokee,35.934492,-94.991075,OKR1035923,10/3/2024,10/17/2027,1542,Nonresidential Construction,N,,,,,,,,,,,
Bixby Meadows II,West Avenue Investments LLC,Northeast of W 161st St S and S Harvard Ave,Bixby,OK,74008,Tulsa,35.936225,-95.9344778,OKR1037582,3/25/2026,10/17/2027,1521,Single-Family Housing Construction,N,,,,,,,,,,,
McKellop Meadows Phase 2 - Lennar Homes,Lennar Homes of Oklahoma LLC,Southeast of W Ruth and Slick Rd,Kellyville,OK,74039,Creek,35.936241,-96.222825,OKR1037298,1/13/2026,10/17/2027,1521,Single-Family Housing Construction,N,,,,,,,,,,,
McKellop Meadow,McGuire Brothers LLC,.2 miles E of Slick Road and S of West Ruth Road,Kellyville,OK,74039,Creek,35.936707,-96.222248,OKR1033401,8/1/2023,10/17/2027,1521,Single-Family Housing Construction,N,,,,,,,,,,,
Pelican Point RV Park,Gates Estates ,North of SH 51  .2 mi east of S 320 Rd,Wagoner,OK,74467,Wagoner,35.9388615,-95.3112372,OKR1037318,12/30/2025,10/17/2027,1542,Nonresidential Construction,N,,,,,,,,,,,
Alderwood Estates - Residential Development,15400 Harvard LLC,.3 mi south of E 151st St S and .4 mi west of S Harvard Ave,Bixby,OK,74008,Tulsa,35.9396,-95.9475,OKR1034358,5/31/2023,10/17/2027,1522,Residential Construction,N,,,,,,,,,,,
Prescott Hill,"Precision Project Management, Inc",Part of S/2 of NW/4 SEC22 T17N R13E,Bixby,OK,74008,Tulsa,35.9397,-95.9174,OKR1030993,7/10/2023,10/17/2027,6552,Subdividers And Developers,N,,,,,,,,,,,
Whisper Lane,Lindsay Development LLC,.3 mi east of S Lewis Ave .2 south of Hwy 67,Bixby,OK,74008,Tulsa,35.9407111,-95.9525139,OKR1032730,6/12/2023,10/17/2027,1521,Single-Family Housing Construction,N,,,,,,,,,,,
Sportsman Spears,Johnson Brothers Construction,2591 N Oklahoma Ave,Tahlequah,OK,74464,Cherokee,35.941417,-94.961547,OKR1034031,2/22/2023,10/17/2027,1521,Single-Family Housing Construction,N,,,,,,,,,,,
Bixby Performing Art Center,Nabholz Construction ,50 North Montgomery St,Bixby,OK,74008,Tulsa,35.9419011,-95.8811612,OKR1037231,12/11/2025,10/17/2027,1542,Nonresidential Construction,N,,,,,,,,,,,
Kingdom Office Center,Kingdom Investment Group,15300 S Memorial Dr,Bixby,OK,74008,Tulsa,35.942,-95.88904,OKR1034254,12/12/2023,10/17/2027,1542,Nonresidential Construction,N,,,,,,,,,,,
Gibson RV Park,Gibson RV Park,33173 SH 51 East,Wagoner,OK,74467,Wagoner,35.942025,-95.296673,OKR1033678,11/14/2022,10/17/2027,1542,Nonresidential Construction,N,,,,,,,,,,,
Wagoner Willows,Tulsa L Dev LLC,East of S Hwy 69/S Dewey Ave south of SW 15th St,Wagoner,OK,74467,Wagoner,35.9420611,-95.3902694,OKR1034418,6/12/2023,10/17/2027,1522,Residential Construction,N,,,,,,,,,,,
Langston University Physical Therapy Clinic,Lippert Bros Inc,Southwest of Sammy Davis Jr Dr and N Choctaw Rd.,Langston,OK,73050,Logan,35.942287,-97.2652525,OKR1036950,9/8/2025,10/17/2027,1542,Nonresidential Construction,N,,,,,,,,,,,
Kent Construction Custom,Kent Construction,6719 E 153RD ST S,Bixby,OK,74008,Tulsa,35.942525,-95.901304,OKR1034898,11/13/2023,10/17/2027,1521,Single-Family Housing Construction,N,,,,,,,,,,,
151-75 Crossing,151-75 Crossing LLC,South of W 151st St S and East of S Union Ave.,Glenpool,OK,74033,Tulsa,35.9425917,-96.015925,OKR1038103,8/31/2026,10/17/2027,1542,Nonresidential Construction,N,,,,,,,,,,,
Kiefer Public School Activity Center,Williams Contracting,4600 W 151ST ST S,Kiefer,OK,74033,Creek,35.9428,-96.0444,OKR1034315,5/22/2023,10/17/2027,1542,Nonresidential Construction,N,,,,,,,,,,,
Henson Square - Mass Grading,Marlee Commercial Resources LLC,SE corner of 151st Street and Harvard Avenue,Bixby,OK,74008,Tulsa,35.9428083,-95.9380028,OKR1034921,11/16/2023,10/17/2027,1542,Nonresidential Construction,N,,,,,,,,,,,
Barrett Ridge Estates,HMR Development LLC,South of W 151st St S .3 mi east of S 97th West Ave,Glenpool,OK,74066,Creek,35.9429,-96.0945,OKR1035734,8/9/2024,10/17/2027,1522,Residential Construction,N,,,,,,,,,,,
Roxies BBQ,Wagers Family LLC,16407 N Hwy 10,Tahlequah,OK,74464,Cherokee,35.94307,-94.91875,OKR1035377,5/3/2024,10/17/2027,1542,Nonresidential Construction,N,,,,,,,,,,,
Casey's Bixby,Caseys Marketing Company,3350 E 152nd st S,Bixby,OK,74008,Tulsa,35.943268,-95.939769,OKR1037711,5/1/2026,10/17/2027,1542,Nonresidential Construction,N,,,,,,,,,,,
Tru by Hilton Hotel,Sai Ram Hospitality LLC,251 N Cabaniss Ave,Bixby,OK,74008,Tulsa,35.9436,-95.8844,OKR1037389,2/2/2026,10/17/2027,1542,Nonresidential Construction,N,,,,,,,,,,,
Watonga Dam Rehabilitation,Oklahoma Department of Wildlife Conservation,Dam on the northeast side of Watonga Lake 1 mi north of Hwy,Watonga,OK,73772,Blaine,35.9436111,-98.4211111,OKR1033405,5/9/2023,10/17/2027,1622,"Bridge, Tunnel, & Elevated Highway",N,,,,,,,,,,,
First Baptist Church Bixby,First Baptist Church,6200 E 151st St,Bixby,OK,74008,Tulsa,35.9436222,-95.9099917,OKR1030345,8/23/2023,10/17/2027,1542,Nonresidential Construction,N,,,,,,,,,,,
Iconik Bixby C-428,Red Dog Construction LLC,125 West Needles,Bixby,OK,74008,Tulsa,35.944001,-95.885171,OKR1033710,11/4/2022,10/17/2027,1542,Nonresidential Construction,N,,,,,,,,,,,
Barrett Ridge Estates - D.R. Horton - Texas Ltd.,D.R. Horton - Texas Ltd.,.46 mi east of S 97th W Ave south of W 151st St S,Sapulpa,OK,74066,Creek,35.94457,-96.09275,OKR1037422,2/6/2026,10/17/2027,1521,Single-Family Housing Construction,N,,,,,,,,,,,
The Reserve at 151,The Reserve at 151 LP,8491 E 151st St S,Bixby,OK,74008,Tulsa,35.945,-95.8797222,OKR1037196,11/24/2025,10/17/2027,1522,Residential Construction,N,,,,,,,,,,,
Chinowth Glenpool Office,459 E 151st LLC,North of Hwy 67 & 0.3 mi east of S Elwood Ave,Glenpool,OK,74033,Tulsa,35.945275,-95.989003,OKR1034549,7/14/2023,10/17/2027,1542,Nonresidential Construction,N,,,,,,,,,,,
Spartan Creek,BR Heavy Construction,S 151st South and West of Memorial,Bixby,OK,74008,Tulsa,35.9452778,-95.8997222,OKR1037164,11/5/2025,10/17/2027,1542,Nonresidential Construction,N,,,,,,,,,,,
2601 E 151st St S,DeWayne Corvin,2601 E 151st St S,Bixby,OK,74008,Tulsa,35.945329,-95.94643,OKR1037784,5/20/2026,10/17/2027,1542,Nonresidential Construction,N,,,,,,,,,,,
Grandview Ridge Subdivision,Grandview Ridge LLC,17600 W Grandview Road,Tahlequah,OK,74464,Cherokee,35.9461111,-94.9830556,OKR1033235,5/15/2023,10/17/2027,1521,Single-Family Housing Construction,Y,,,,,,,,,,,
Arbys - Bixby,Flynn Restaurant Group LLC,14985 S Memorial Drive,Bixby,OK,74008,Tulsa,35.9464074,-95.8863862,OKR1034938,12/1/2023,10/17/2027,1542,Nonresidential Construction,N,,,,,,,,,,,
GPS High School Cheer and Wrestling Addition,Glenpool Public Schools,West of S Fern St and north of W 151st St S,Glenpool,OK,74033,Tulsa,35.9467333,-96.0035194,OKR1037926,7/9/2026,10/17/2027,1542,Nonresidential Construction,N,,,,,,,,,,,
ODOT JP 31287 04,Paradigm Construction & Engineering Inc,On N 4670 Rd from .5 mi south of Hwy 62 ext .5 mi southeast,Stilwell,OK,74960,Adair,35.946763,-94.684951,OKR1036338,2/24/2025,10/17/2027,1622,"Bridge, Tunnel, & Elevated Highway",Y,,,,,,,,,,,
Redbud Glen,Gold Team Realty Group LLC,.2 mi north of W 151st St S .1 mi west of  S Elwood Ave,Glenpool,OK,74033,Tulsa,35.947995,-95.99564,OKR1031732,4/25/2023,10/17/2027,6552,Subdividers And Developers,N,,,,,,,,,,,
Abby Business Park,Dunhill Properties Rentals LLC,.45 miles north of E 151st St S W of Kimberly Clark Pl,Bixby,OK,74008,Tulsa,35.948387,-95.928437,OKR1033881,1/10/2023,10/17/2027,1542,Nonresidential Construction,N,,,,,,,,,,,
Pecan Ridge Estates,Posey Creek 151 LLC,.3 mi north of E 151st St S .3 mi west of S Harvard Ave,Bixby,OK,74008,Tulsa,35.9486361,-95.9467972,OKR1034212,4/17/2023,10/17/2027,1542,Nonresidential Construction,N,,,,,,,,,,,
Scooters Coffee,Venture Construction,14801 S Memorial Drive,Bixby,OK,74008,Tulsa,35.948791,-95.886131,OKR1034102,3/10/2023,10/17/2027,1542,Nonresidential Construction,N,,,,,,,,,,,
Southridge at Lantern Hills,Home Creations DBA Glenwood Homes,.3 mi north of E 151st St S west of S Sheridan Rd,Bixby,OK,74008,Tulsa,35.9496556,-95.9067586,OKR1032666,10/31/2023,10/17/2027,1521,Single-Family Housing Construction,N,,,,,,,,,,,
Scissortail II - Glenwood Homes,Glenwood Homes,East of S Elwood Ave between E 146th Pl S and E 149th St S,Glenpool,OK,74033,Tulsa,35.9499417,-95.987274,OKR1037449,3/25/2026,10/17/2027,1521,Single-Family Housing Construction,N,,,,,,,,,,,
Redbud Glen II,Redbud Glen LLC,.35 mi north of E 151st St S west of S Elwood Ave,Glenpool,OK,74033,Tulsa,35.95,-95.9940833,OKR1037336,1/12/2026,10/17/2027,1521,Single-Family Housing Construction,N,,,,,,,,,,,
Bixby Business Park,Dunhill Properties Rental LLC,14600 S Kimberly Clark Place,Bixby,OK,74008,Tulsa,35.95094,-95.928116,OKR1035055,1/12/2024,10/17/2027,1623,"Water, Sewer, And Utility Lines",N,,,,,,,,,,,
Warren Clinic - Coweta,Warren Professional Building Corporation,N of E State Highway 51 .084 miles W of S 305th East Ave,Coweta,OK,74429,Wagoner,35.952263,-95.637986,OKR1036343,2/27/2025,10/17/2027,1542,Nonresidential Construction,N,,,,,,,,,,,
2991 E 146th Street S,Mathis Homes,2991 E 146th Street S,Bixby,OK,74008,Tulsa,35.9528554,-95.9459356,OKR1035867,10/2/2024,10/17/2027,1521,Single-Family Housing Construction,N,,,,,,,,,,,
Glenpool Restaurant,Key Plus Properties LLC,South of W 146th St S West of US Hwy 75,Glenpool,OK,74033,Tulsa,35.9528778,-96.0127472,OKR1034755,9/20/2023,10/17/2027,1542,Nonresidential Construction,N,,,,,,,,,,,
Presley Heights,"Jenks Land, LLC",0.3 mi West of SW corner of E 141st St S. and S. Harvard Ave,Bixby,OK,74008,Tulsa,35.952984,-95.946044,OKR1027050,5/16/2023,10/17/2027,,,N,,,,,,,,,,,
South County Industrial Park,South County Industrial Park LLC,South of E 141st St S and 2000 ft east of S Yale Ave,Bixby,OK,74008,Tulsa,35.9533139,-95.9305083,OKR1035400,4/19/2024,10/17/2027,1542,Nonresidential Construction,N,,,,,,,,,,,
Valentine Home,Brandon Valentine,2976 E 145th St S,Bixby,OK,74008,Tulsa,35.9534,-95.9467,OKR1034690,8/25/2023,10/17/2027,1521,Single-Family Housing Construction,N,,,,,,,,,,,
Glenpool HS Addition,Glenpool Public Schools,14502 S Fern St,Glenpool,OK,74033,Tulsa,35.9544889,-96.0046444,OKR1037154,11/20/2025,10/17/2027,1542,Nonresidential Construction,N,,,,,,,,,,,
Canebrake RV Park,The Canebrake,33241 E 732 Rd,Wagoner,OK,74467,Wagoner,35.9557615,-95.2941768,OKR1037133,11/3/2025,10/17/2027,1542,Nonresidential Construction,N,,,,,,,,,,,
Young Property,SP Silica of Dover LLC,17258 E 730 Rd,Dover,OK,73734,Kingfisher,35.956458,-97.880612,OKR1037982,7/20/2026,10/17/2027,1542,Nonresidential Construction,N,,,,,,,,,,,
Rongey Estates,Eddie Rongey,South of 141st St S and east of S 26th W Ave,Glenpool,OK,74033,Tulsa,35.9568,-96.02306,OKR1038110,8/19/2026,10/17/2027,1521,Single-Family Housing Construction,N,,,,,,,,,,,
Express Oil Change Wagoner,Devier Enterprises LLC,300 S Dewey Ave,Wagoner,OK,74467,Wagoner,35.9577,-95.3957,OKR1038029,8/5/2026,10/17/2027,1542,Nonresidential Construction,N,,,,,,,,,,,
141st and Lewis,Premium Land LLC,SW corner of E 141st St S and S Lewis Ave,Bixby,OK,74008,Tulsa,35.9577778,-95.9525,OKR1036636,5/28/2025,10/17/2027,1521,Single-Family Housing Construction,N,,,,,,,,,,,
Intersection of 141st and Peoria Commercial Property,"Do It All DuVall, LLC",Southeast of E 141st St S and S Peoria Ave,Glenpool,OK,74033,Tulsa,35.958455,-95.975133,OKR1037413,2/11/2026,10/17/2027,1542,Nonresidential Construction,N,,,,,,,,,,,
Bancfirst Wagoner,BancFirst,SH-51 and S Susan Ave,Wagoner,OK,74467,Wagoner,35.9586111,-95.3997222,OKR1037120,10/24/2025,10/17/2027,1542,Nonresidential Construction,N,,,,,,,,,,,
CPKC - Heavener Subdivision - Baron Siding Project MP246.85 - MP 248.60,Canadian Pacific Kansas City Railroad CPKC,"On railroad beginning at Morris Rd, 1 mi north of E 740 Rd",Westville,OK,74965,Adair,35.958846,-94.5746735,OKR1036114,12/3/2024,10/17/2027,1542,Nonresidential Construction,Y,,,,,,,,,,,
Baron's Crossing,D.R. Horton � Texas Ltd,South of W 141st St S .05 mi east of Farley Rd,Kellyville,OK,74066,Creek,35.95916,-96.20137,OKR1037636,4/3/2026,10/17/2027,1521,Single-Family Housing Construction,N,,,,,,,,,,,
Presley Heights West,"141st Bixby, LLC",S of E 141st St S .4 miles W of S Harvard Ave,Bixby,OK,74008,Tulsa,35.95917,-95.9477717,OKR1033763,12/8/2022,10/17/2027,1521,Single-Family Housing Construction,N,,,,,,,,,,,
ODOT JP 28845 04,Timber Wolf Excavating LLC,From E 146th St and Warrior Rd to S Elwood Ave north to,Glenpool,OK,74033,Tulsa,35.959297,-95.992144,OKR1037418,2/3/2026,10/17/2027,1611,Highway And Street Construction,N,,,,,,,,,,,
The Summit at Pine Ridge,141 Summit LLC,1805 E. 141 St. .02 miles W. of E. 141st St. S. and S. Utica,Bixby,OK,74008,Tulsa,35.9608333,-95.9705556,OKR1038072,8/12/2026,10/17/2027,6552,Subdividers And Developers,N,,,,,,,,,,,
Juniper Hills,Grassland Development,North of E 141st St S and west of Evans Rd,Broken Arrow,OK,74014,Wagoner,35.9613,-95.7309,OKR1034790,9/27/2023,10/17/2027,1521,Single-Family Housing Construction,N,,,,,,,,,,,
Bowles Residence,Monroe Design LLC,5715 E 139th St S,Bixby,OK,74008,Tulsa,35.9614694,-95.9119188,OKR1037077,10/15/2025,10/17/2027,1522,Residential Construction,N,,,,,,,,,,,
Wilson Residence,Monroe Design LLC,5835 E 139TH ST S,Bixby,OK,74008,Tulsa,35.9614853,-95.911328,OKR1035364,4/15/2024,10/17/2027,1522,Residential Construction,N,,,,,,,,,,,
Pine Ridge,141 Peoria LLC,NEC of E 141st St S and S Peoria Ave,Jenks,OK,74008,Tulsa,35.9617278,-95.9736111,OKR1035237,3/6/2024,10/17/2027,1521,Single-Family Housing Construction,N,,,,,,,,,,,
Broken Arrow East,Blue Chip Development LLC,Northeast of S 193rd East Ave and E 141st St S,Broken Arrow,OK,74014,Wagoner,35.962082,-95.760153,OKR1035676,7/22/2024,10/17/2027,1522,Residential Construction,N,,,,,,,,,,,
ODOT JP 27101 04,Robinson Construction LLC,Realignment of SH-82 from Bertha Parker Byp and N Cedar Ave,Tahlequah,OK,74464,Cherokee,35.9629417,-94.9781083,OKR1035128,2/9/2024,10/17/2027,1611,Highway And Street Construction,N,,,,,,,,,,,
Wagoner County RWD #5 WTP Expansion,Wagoner County RWD #5,Northwest of 141st St and S 369th E Ave,Coweta,OK,74429,Wagoner,35.963227,-95.566006,OKR1034686,9/5/2023,10/17/2027,1623,"Water, Sewer, And Utility Lines",N,,,,,,,,,,,
Glenpool Wastewater Treatment Facility,Crossland Heavy Contractors,11 E. 136th Pl,Glenpool,OK,74033,Tulsa,35.9652797,-96.0078552,OKR1036187,1/8/2025,10/17/2027,1623,"Water, Sewer, And Utility Lines",N,,,,,,,,,,,
Torrey Lakes,Torrey Lakes Partners LLC,W of Harvard Ave .4 miles N of E 141st St S,Jenks,OK,74008,Tulsa,35.965388,-95.942216,OKR1031249,6/20/2023,10/17/2027,6552,Subdividers And Developers,N,,,,,,,,,,,
City of Bixby � North Lagoon Closure,MTC Tulsa LLC,S of E 135th St S /E Riverside Park Rd .2 miles E of 72nd E,Bixby,OK,74008,Tulsa,35.9654143,-95.8951378,OKR1037485,2/26/2026,10/17/2027,1542,Nonresidential Construction,N,,,,,,,,,,,
Harvard Oaks,C&C Development Group LLC,East of Harvard Ave and 0.5 mi south of E 131st St,Jenks,OK,74008,Tulsa,35.967205,-95.936025,OKR1033614,8/21/2023,10/17/2027,1521,Single-Family Housing Construction,N,,,,,,,,,,,
BA West Phase I,Blue Chip Development LLC,.4 miles S of E Jasper St/E 131st St S W of S 193rd E Ave,Broken Arrow,OK,74011,Tulsa,35.967541,-95.761991,OKR1036409,4/24/2025,10/17/2027,1521,Single-Family Housing Construction,N,,,,,,,,,,,
13453 RiversEdge Bixby Residential Home,Sunstone Construction LLC,13453 S 68th E Ave,Bixby,OK,74008,Tulsa,35.967757,-95.9005852,OKR1036982,9/16/2025,10/17/2027,1521,Single-Family Housing Construction,N,,,,,,,,,,,
Haikey Creek Estates Blocks 1-7,151 Bixby LLC,.2 mi east of S Mingo Rd .4 mi south of E 131st St S,Tulsa,OK,74008,Tulsa,35.967814,-95.866116,OKR1033120,7/18/2023,10/17/2027,1521,Single-Family Housing Construction,N,,,,,,,,,,,
River Crest Blocks 11-13,River Crest Development Bixby Inc,.4 mi south of E 131st St S .4 mi west of S Memorial Dr,Bixby,OK,74008,Tulsa,35.9681139,-95.8945222,OKR1032698,6/14/2023,10/17/2027,1522,Residential Construction,N,,,,,,,,,,,
RIVERBROOK II,RIVERBROOK APARTMENTS LLP,8575 S ASPEN AVE,Broken Arrow,OK,74011,Tulsa,35.9684038,-95.814679,OKR1036774,7/16/2025,10/17/2027,,,N,,,,,,,,,,,
Lynch Residence,Brian D Wiggs Homes Inc,13411 South Garnett Road,Broken Arrow,OK,74011,Tulsa,35.9693796,-95.8484484,OKR1037752,5/8/2026,10/17/2027,1521,Single-Family Housing Construction,N,,,,,,,,,,,
Kimberly Estates,Calara Land (OK) LLC,E of S Harvard Ave S of E 131st St S,Jenks,OK,74008,Tulsa,35.969837,-95.940062,OKR1036903,8/28/2025,10/17/2027,1521,Single-Family Housing Construction,N,,,,,,,,,,,
Jasper St and Aspen Ave Intersection Improvements,Paragon Contractors LLC,Along Aspen Ave from W Shreveport St to Jasper St,Broken Arrow,OK,74011,Tulsa,35.970016,-95.815077,OKR1036851,8/18/2025,10/17/2027,1611,Highway And Street Construction,N,,,,,,,,,,,
River Crest - Simmons Homes Residential Group LLC,Simmons Homes Residential Group LLC,.2 miles S of E 131st St S .6 miles W of S Memorial Dr,Bixby,OK,74008,Tulsa,35.970392,-95.897092,OKR1034439,6/9/2023,10/17/2027,1522,Residential Construction,N,,,,,,,,,,,
Rowan Grove II,Rowan Grove LLC,.2 mi south of E 131st St S .4 mi east of S Mingo Rd,Bixby,OK,74008,Tulsa,35.9706944,-95.8622333,OKR1036786,7/30/2025,10/17/2027,1521,Single-Family Housing Construction,N,,,,,,,,,,,
Bentley Ranch,Brumble Development Group LLC,South of E 131st St S 1300 ft east of S Peoria Ave,Jenks,OK,74008,Tulsa,35.9721111,-95.9703444,OKR1037304,12/31/2025,10/17/2027,1521,Single-Family Housing Construction,N,,,,,,,,,,,
Rowan Grove,Rowan Grove LLC,South of E 131st St S .3 mi east of S Mingo Rd,Bixby,OK,74008,Tulsa,35.9725,-95.8636111,OKR1032382,10/13/2023,10/17/2027,1522,Residential Construction,N,,,,,,,,,,,
MNGE Coweta Casino and Hotel,Thompson Construction Inc,13185 S. State Highway 51,Coweta,OK,74429,Wagoner,35.9731883,-95.6597735,OKR1035912,10/7/2024,10/17/2027,1542,Nonresidential Construction,N,,,,,,,,,,,
Northwest Elementary Schools,Coweta Public Schools,26954 East 131st Street South,Coweta,OK,74429,Wagoner,35.9731972,-95.6762,OKR1035762,8/16/2024,10/17/2027,1542,Nonresidential Construction,N,,,,,,,,,,,
ODOT JP 27101 12,Robinson Construction,5 sites-Hwy 82 .5 mi northwest of E Red Fuller Rd; N Jarvis,Tahlequah,OK,74464,Cherokee,35.973446,-94.993171,OKR1034396,6/8/2023,10/17/2027,1611,Highway And Street Construction,N,,,,,,,,,,,
Watercrest,"Watercrest Development, LLC",E 131st St S and S Sheridan Rd,Tulsa,OK,74008,Tulsa,35.9736111,-95.9041667,OKR1033445,9/25/2023,10/17/2027,1522,Residential Construction,N,,,,,,,,,,,
City of Coweta E 131st St Widening,Becco Contractors Inc,On E 131st St from SH 51 to S 298th St E Ave,Coweta,OK,74429,Wagoner,35.9737,-95.6614,OKR1037036,10/6/2025,10/17/2027,1611,Highway And Street Construction,N,,,,,,,,,,,
Glenwood Ridge,131 Elm LLC,North of E 131st St S .2 miles West of S Peoria Ave,Tulsa,OK,74037,Tulsa,35.9738472,-95.9799194,OKR1037721,4/28/2026,10/17/2027,1522,Residential Construction,N,,,,,,,,,,,
Fraizier Meadows II,Frazier Meadows LLC,N of E 131st S & W of S Harvard Ave,Jenks,OK,74037,Tulsa,35.975238,-95.941819,OKR1035629,7/1/2024,10/17/2027,1521,Single-Family Housing Construction,N,,,,,,,,,,,
Belvedere Reserve,Clearfield Partners LLC,1000 ft east of S Harvard Ave and north of E 131st St S,Jenks,OK,74008,Tulsa,35.9753419,-95.9361737,OKR1036703,6/25/2025,10/17/2027,1521,Single-Family Housing Construction,N,,,,,,,,,,,
Watercrest D.R. Horton,D.R. Horton - Tulsa LLC,NW of S Sheridan Rd and E 131st St S,Bixby,OK,74008,Tulsa,35.9755721,-95.9047787,OKR1037489,2/27/2026,10/17/2027,1521,Single-Family Housing Construction,N,,,,,,,,,,,
Greyhawk Residential Phase I,Paradigm Land Corp,E. of S. Mingo Rd. and N. of East 131st St. S,Bixby,OK,74008,Tulsa,35.9759306,-95.8625917,OKR1037972,7/14/2026,10/17/2027,1521,Single-Family Housing Construction,N,,,,,,,,,,,
ODOT JP 31209 04,Frontier Bridge Inc,Along N Hwy 69 from .2 mi southwest of E 710 Rd,Wagoner,OK,74467,Wagoner,35.9766667,-95.3830556,OKR1034868,11/6/2023,10/17/2027,1622,"Bridge, Tunnel, & Elevated Highway",N,,,,,,,,,,,
Grandview Ridge II,"Grandview Ridge, LLC",880' west and 1000' north of the intersection of SH-82 and,Tahlequah,OK,74464,Cherokee,35.9766667,-94.9694444,OKR1037906,7/9/2026,10/17/2027,1522,Residential Construction,Y,,,,,,,,,,,
Sandmeyer Residence,Southern Homes LLC,12831 S Mingo Rd E,Bixby,OK,74008,Tulsa,35.9779295,-95.8737652,OKR1037683,4/23/2026,10/17/2027,1522,Residential Construction,N,,,,,,,,,,,
Addison Creek Blocks 10-15,Executive Homes LLC,.4 mi west of S Sheridan Rd .3 mi north of E 131st St S,Tulsa,OK,74008,Tulsa,35.978639,-95.91189,OKR1034407,7/17/2023,10/17/2027,1522,Residential Construction,N,,,,,,,,,,,
Frazier Falls,Frazier Falls LLC,SW Corner of E 126th St S & S Harvard Ave,Jenks,OK,74037,Tulsa,35.9794395,-95.9423385,OKR1036845,8/13/2025,10/17/2027,1521,Single-Family Housing Construction,N,,,,,,,,,,,
Cox Nursing Center,Memorial BPP,E 126th Street S and S Memorial Drive,Bixby,OK,74008,Tulsa,35.980054,-95.883539,OKR1034003,4/4/2023,10/17/2027,1521,Single-Family Housing Construction,N,,,,,,,,,,,
Reserve at Pecan Creek,Spartan South Development Group LLC,W of S Mingo Rd  .5 miles N of E 131st St S,Bixby,OK,74008,Tulsa,35.9801167,-95.8689417,OKR1036803,7/29/2025,10/17/2027,1521,Single-Family Housing Construction,N,,,,,,,,,,,
Quail Creek Lot 17 Blk 2,DPT Construction LLC,12672 S 73RD EAST AVE,Bixby,OK,74008,Tulsa,35.980326,-95.895154,OKR1034642,10/5/2023,10/17/2027,1521,Single-Family Housing Construction,N,,,,,,,,,,,
Quail Creek,Labella Homes,7370 E 126th Pl S,Bixby,OK,74008,Tulsa,35.980405,-95.893835,OKR1034185,4/10/2023,10/17/2027,1521,Single-Family Housing Construction,N,,,,,,,,,,,
The Estates at the River IV,EATR LLC,.5 mi south of E 121st St S .5 mi west of S Sheridan Rd,Tulsa,OK,74008,Tulsa,35.9805,-95.9155,OKR1031462,2/1/2024,10/17/2027,6552,Subdividers And Developers,N,,,,,,,,,,,
Red Fern Estates Subdivision,Prosource Consulting Solutions Inc,S of E Steely Hollow Rd .2 miles W of N Hwy 10,Tahlequah,OK,74464,Cherokee,35.9810722,-94.92805,OKR1035977,10/23/2024,10/17/2027,1521,Single-Family Housing Construction,N,,,,,,,,,,,
South Elm Widening Phase II,Paragon Contractors LLC,Along S Elm St from 121st St S to W 131st St,Jenks,OK,74037,Tulsa,35.981161,-95.975994,OKR1037844,6/10/2026,10/17/2027,1611,Highway And Street Construction,N,,,,,,,,,,,
Spradlin Estates III,Abundant Rain Ministries Inc,750 East and 265 North of Inter 273rd E Ave and 125 Pl South,Coweta,OK,74429,Wagoner,35.9818833,-95.6700639,OKR1036839,8/7/2025,10/17/2027,1521,Single-Family Housing Construction,N,,,,,,,,,,,
17 Quincy Office Warehouse,"17 Quincy, LLC.",548 West 125th pl South,Glenpool,OK,74066,Tulsa,35.9820872,-96.0146155,OKR1033819,12/15/2022,10/17/2027,1541,Industrial Buildings And Warehouses,N,,,,,,,,,,,
Lovers Lane Duplexes,Lovers Lane Duplexes LLC,.2 miles S of Hwy 33 E of Lovers Ln,Perkins,OK,74059,Payne,35.9821,-97.0243,OKR1032405,7/20/2023,10/17/2027,1521,Single-Family Housing Construction,N,,,,,,,,,,,
New Healthcare Bixby,Embree Development Group,S Memorial Drive E and E 121st St S,Bixby,OK,74008,Tulsa,35.982103,-95.8852,OKR1036763,7/11/2025,10/17/2027,,,N,,,,,,,,,,,
Freedom Living Perkins,Freedom Living Perkins LLC,605 - 618 E Pam Dr,Perkins,OK,74059,Payne,35.982228,-97.0261,OKR1033757,11/30/2022,10/17/2027,1521,Single-Family Housing Construction,N,,,,,,,,,,,
Drumright Gymnasium,Drumright Public Schools,South of W 2nd St west of S Skinner Ave,Drumright,OK,74030,Creek,35.9825167,-96.611975,OKR1034754,9/18/2023,10/17/2027,1542,Nonresidential Construction,N,,,,,,,,,,,
Shadow Trails II,81st & Memorial LLC,.3mi west then .25mi south from the intersection,Broken Arrow,OK,74011,Tulsa,35.9827777,-95.8394444,OKR1031838,6/26/2023,10/17/2027,1522,Residential Construction,N,,,,,,,,,,,
Mammoth Plains Wind Strategic Turbine Repower,NextEra Energy,btwn E0670 Rd and E 0760 Rd and btwn N2360 Rd and Hwy 58,Oakwood,OK,73658,Dewey,35.982986,-98.707889,OKR1035493,5/31/2024,10/17/2027,1623,"Water, Sewer, And Utility Lines",N,,,,,,,,,,,
Mammoth Plains Wind Remaining Site,NextEra Energy,71171 N 2410 Rd; Lines bt .5 mi west of N 2380 Rd to .5 east,Oakwood,OK,73658,Dewey,35.982986,-98.707889,OKR1035894,9/20/2024,10/17/2027,1623,"Water, Sewer, And Utility Lines",N,,,,,,,,,,,
Elm Creek,"Rausch Coleman Homes of Tulsa, LLC",.4 mi east of S Aspen Ave .4 mi south of W Tucson St,Broken Arrow,OK,74011,Tulsa,35.9830278,-95.8054167,OKR1033116,6/28/2023,10/17/2027,1521,Single-Family Housing Construction,N,,,,,,,,,,,
Addison Creek Crossing,Stone Horse Development LLC,.2 mi south of E 121st St S .4 mi west of S Sheridan Rd,Tulsa,OK,74008,Tulsa,35.983576,-95.912833,OKR1035228,3/1/2024,10/17/2027,1521,Single-Family Housing Construction,N,,,,,,,,,,,
Greyhawk Basin Sewer Interceptor,Timber Wolf Excavating LLC,Beginning at 8700 E 124th St S extending 1 mi east,Bixby,OK,74008,Tulsa,35.9836111,-95.8780556,OKR1036966,9/18/2025,10/17/2027,1623,"Water, Sewer, And Utility Lines",N,,,,,,,,,,,
Antis Home,Joseph Antis,12433 S 106th E Ave,Broken Arrow,OK,74014,Tulsa,35.983635,-95.85829,OKR1037569,3/19/2026,10/17/2027,1521,Single-Family Housing Construction,N,,,,,,,,,,,
Osko Development,Garden Trail Homes Inc,East of S Mingo Rd .3 mi south of E 121st St S,Bixby,OK,74008,Tulsa,35.983678,-95.867631,OKR1037598,3/31/2026,10/17/2027,1521,Single-Family Housing Construction,N,,,,,,,,,,,
Phillips Corner - Jenks,21st Place Investment Group LLC,.3 miles South of W 121st St S E of Hwy 75,Jenks,OK,74037,Tulsa,35.983794,-96.010411,OKR1034419,6/20/2023,10/17/2027,1542,Nonresidential Construction,N,,,,,,,,,,,
Wright Office 2,101st Copper Oaks LLC,7623 E 126th St S,Bixby,OK,74008,Tulsa,35.9838,-95.8902,OKR1035518,5/24/2024,10/17/2027,1542,Nonresidential Construction,N,,,,,,,,,,,
Marlee Office 6,Marlee Commercial Resources LLC,7611 E 126th St S,Bixby,OK,74008,Tulsa,35.9838889,-95.8905556,OKR1037815,6/2/2026,10/17/2027,1542,Nonresidential Construction,N,,,,,,,,,,,
South Memorial Business Park,126th Street Office LLC,N of E 126th St S .1 miles W of S Memorial Dr,Bixby,OK,74008,Tulsa,35.9839528,-95.889225,OKR1032951,6/6/2023,10/17/2027,1542,Nonresidential Construction,N,,,,,,,,,,,
City of Cushing PEC Project No 237050-009,Ellsworth Construction LLC,9th St Meyers to Lakeview Walnut St Highland Ave to Linwood,Cushing,OK,74023,Payne,35.984131,-96.752818,OKR1036889,8/25/2025,10/17/2027,1611,Highway And Street Construction,N,,,,,,,,,,,
Cozort Office,MGC Properties LLC,.3 mi south of E 121st St S .2 mi west of S Memorial Dr,Bixby,OK,74008,Tulsa,35.9842028,-95.8907833,OKR1034104,3/13/2023,10/17/2027,1542,Nonresidential Construction,N,,,,,,,,,,,
Kinder Wells,"Lennar Homes of Oklahoma, LLC",625 Oak Tree Ave.,Perkins,OK,74059,Payne,35.984234,-97.027493,OKR1038138,9/2/2026,10/17/2027,1521,Single-Family Housing Construction,N,,,,,,,,,,,
Wood Hollow Estates,Perfection Homes by Wayne Farabough,6608 E. 123rd Pl S,Bixby,OK,74008,Tulsa,35.984373,-95.861137,OKR1033946,2/2/2023,10/17/2027,1521,Single-Family Housing Construction,N,,,,,,,,,,,
Marlee Office No 5,Marlee Commercial Resources LLC,7639 E 126th St S,Bixby,OK,74008,Tulsa,35.9844806,-95.889675,OKR1035662,7/17/2024,10/17/2027,1542,Nonresidential Construction,N,,,,,,,,,,,
Elysian Fields IV,Elysian Fields Development Company LLC,.2 mi south of E 121st St S .3 mi east of S Garnett Rd,Broken Arrow,OK,74011,Tulsa,35.984529,-95.845175,OKR1035516,5/28/2024,10/17/2027,1522,Residential Construction,N,,,,,,,,,,,
The Reserve at Cedar Ridge,TCGH,.2 miles S of E 121st St S .6 miles E of S Mingo Rd,Bixby,OK,74008,Tulsa,35.9847306,-95.8578944,OKR1033871,1/12/2023,10/17/2027,1521,Single-Family Housing Construction,N,,,,,,,,,,,
Presley Reserve,"139BA, LLC",S of W Tucson St .4 miles W of S Aspen Ave,Broken Arrow,OK,74011,Tulsa,35.9848056,-95.823,OKR1031855,5/16/2023,10/17/2027,1522,Residential Construction,N,,,,,,,,,,,
Woodhollow Estates - Lot 3 Block 2 and Lot 2 Block 2,Farabough Homes,12370 S 65th E Pl and 6526 S 123rd Pl S,Bixby,OK,74008,Tulsa,35.984826,-95.904045,OKR1033835,1/12/2023,10/17/2027,1521,Single-Family Housing Construction,N,,,,,,,,,,,
Iowa Tribe of Oklahoma Family Clinic & Childcare Facility,Iowa Tribe of Oklahoma,S of E 116th Street .3 miles E of S Perkins Rd,Perkins,OK,74059,Payne,35.985158,-97.04559,OKR1035563,6/12/2024,10/17/2027,1542,Nonresidential Construction,N,,,,,,,,,,,
Iowa Tribe of Oklahoma Family Clinic & Childcare Facility,Crossland Construction Co,S of E 116th Street .3 miles E of S Perkins Rd,Perkins,OK,74059,Payne,35.985158,-97.04559,OKR1036731,7/2/2025,10/17/2027,1542,Nonresidential Construction,N,,,,,,,,,,,
ODOT JP 20331 13 & ODOT JP 20331 14,TJ Campbell Const Co JV,On W Hwy 33 from S Country Club Rd ext 8.5 mi west,Coyle,OK,73027,Payne,35.9852778,-97.1675,OKR1036342,4/2/2025,10/17/2027,1622,"Bridge, Tunnel, & Elevated Highway",N,,,,,,,,,,,
Grandview Apartments Ph II,Grandview Heights Apartments LLC,.5 mi east of S 33rd West Ave .2 mi south of W 121st St S,Glenpool,OK,74066,Tulsa,35.9852778,-96.02,OKR1034780,10/11/2023,10/17/2027,1521,Single-Family Housing Construction,N,,,,,,,,,,,
Bison Run,4k Bison Run Group LLC,0.25 miles South of E 116th Street on N Main Street,Perkins,OK,74059,Payne,35.985304,-97.037483,OKR1037995,7/28/2026,10/17/2027,1522,Residential Construction,N,,,,,,,,,,,
6545 - Residential New Construction,Cobblestone Homes Inc,6545 E. 123rd Place,Bixby,OK,74008,Tulsa,35.9855515,-95.9029254,OKR1033720,11/16/2022,10/17/2027,1521,Single-Family Housing Construction,N,,,,,,,,,,,
Holiday Inn at Cushing,HRP Construction LLC,2213 E Main Street,Cushing,OK,74023,Payne,35.985562,-96.736202,OKR1035099,1/24/2024,10/17/2027,1542,Nonresidential Construction,N,,,,,,,,,,,
6544 E 123rd Pl - Redsidential New Construction,Cobblestone Homes Inc,6544 E 123rd Pl S,Bixby,OK,74008,Tulsa,35.98578,-95.90316,OKR1033938,1/25/2023,10/17/2027,1521,Single-Family Housing Construction,N,,,,,,,,,,,
6536 - Residential New Construction,Cobblestone Homes Inc,6536 E. 123rd Place,Bixby,OK,74008,Tulsa,35.98578,-95.90316,OKR1033632,7/28/2023,10/17/2027,1521,Single-Family Housing Construction,N,,,,,,,,,,,
Quail Creek Commons - 6 Lot Office Park,Brumble Development Group LLC,"East of S 74th Ave E, 0.1 mi south of E 121 St S and",Bixby,OK,74008,Tulsa,35.9863889,-95.8917889,OKR1034155,4/3/2023,10/17/2027,1542,Nonresidential Construction,N,,,,,,,,,,,
Woodmere Spec,Boyds Drywall Inc,6642 W 122nd Pl S,Bixby,OK,74008,Tulsa,35.986726,-95.902325,OKR1036267,2/3/2025,10/17/2027,1521,Single-Family Housing Construction,N,,,,,,,,,,,
Woodmere - Block 3 Lot 7,Labella Homes,6568 E 122nd St S,Bixby,OK,74008,Tulsa,35.987046,-95.903107,OKR1035527,6/24/2024,10/17/2027,1521,Single-Family Housing Construction,N,,,,,,,,,,,
121st & Elm Complex,Elm Crossing Development LLC,Southwest of W 121st St S and S Elm St,Jenks,OK,74037,Tulsa,35.987425,-95.977346,OKR1035010,1/18/2024,10/17/2027,1521,Single-Family Housing Construction,N,,,,,,,,,,,
Coweta Storage Facility,Dooley Designs LLC,28081 E 121st St S,Coweta,OK,74429,Wagoner,35.9875168,-95.6638846,OKR1036572,5/13/2025,10/17/2027,1542,Nonresidential Construction,N,,,,,,,,,,,
Elysian Fields - Phase I,Elysian Fields Development Company LLC,S of Tucson St. .3 miles E of S. Garnett Rd,Broken Arrow,OK,74011,Tulsa,35.987551,-95.845346,OKR1031491,6/28/2023,10/17/2027,6552,Subdividers And Developers,N,,,,,,,,,,,
6721 E 122nd Street S - Residential New Construction,True North Homes LLC,6721 E 122nd Street S,Bixby,OK,74008,Tulsa,35.987585,-95.901683,OKR1033714,12/2/2022,10/17/2027,1521,Single-Family Housing Construction,N,,,,,,,,,,,
Wood Bridge Estates,Woodbridge Homes LLC,South of E 121st St S .1 mi west of S 241st East Ave,Broken Arrow,OK,74014,Wagoner,35.9875868,-95.7107768,OKR1035182,2/20/2024,10/17/2027,1521,Single-Family Housing Construction,N,,,,,,,,,,,
Taft and Cheyenne Earthwork,Highway 75 LLC,Southeast of W Taft St and S Cheyenne Rd intersection,Sapulpa,OK,74066,Creek,35.9877,-96.131,OKR1033699,11/4/2022,10/17/2027,1542,Nonresidential Construction,N,,,,,,,,,,,
Aequitas Tucson Dev,Aequitas Holdings LLC,1201 West Tucson Street,Broken Arrow,OK,74011,Tulsa,35.9877778,-95.8027778,OKR1037813,6/2/2026,10/17/2027,1542,Nonresidential Construction,N,,,,,,,,,,,
State Hwy 117 Commercial Development,Wachob Irrevocable Trust,S of Hwy 117 .3 miles E of S 33rd W Ave,Sapulpa,OK,74066,Tulsa,35.9878472,-96.0242056,OKR1028467,12/12/2023,10/17/2027,1542,Nonresidential Construction,N,,,,,,,,,,,
Woodmere Office Park,SmithONiell LLC,6630 E 121st St S,Tulsa,OK,74008,Tulsa,35.9879667,-95.9016472,OKR1035014,1/12/2024,10/17/2027,1542,Nonresidential Construction,N,,,,,,,,,,,
Elysian Fields - Phase II,Elysian Fields Development Company,S of E 121st St S/W Tucson St and.4 miles E of S Garnett,Broken Arrow,OK,74011,Tulsa,35.988019,-95.844611,OKR1035063,1/17/2024,10/17/2027,1542,Nonresidential Construction,N,,,,,,,,,,,
Christian Brothers Automotive - Bixby,Christian Brothers Automotive,8210 East 121st Street S,Bixby,OK,74008,Tulsa,35.988166,-95.884941,OKR1035342,4/5/2024,10/17/2027,1542,Nonresidential Construction,N,,,,,,,,,,,
ODOT JP 36450 04,Daris Contractors LLC,1055 W 121st Street South,Jenks,OK,74037,Tulsa,35.9884458,-95.9845062,OKR1037446,4/3/2026,10/17/2027,1611,Highway And Street Construction,N,,,,,,,,,,,
Indigo Ranch,Marlee Commercial Resources LLC,North of E 121st St S .4 mi east of S Mingo Rd,Bixby,OK,74008,Tulsa,35.9884722,-95.8613333,OKR1036802,7/30/2025,10/17/2027,1521,Single-Family Housing Construction,N,,,,,,,,,,,
Spring Creek Crossing,Tulsa L Dev LLC,N of E Tucson St  .4 miles W of S Lynn Lane Rd,Broken Arrow,OK,74011,Tulsa,35.9885,-95.7868333,OKR1035737,8/9/2024,10/17/2027,1521,Single-Family Housing Construction,N,,,,,,,,,,,
The Way Church,Master Plan Church Design and Construction,811 W Taft Ave,Sapulpa,OK,74066,Creek,35.9886,-96.1266,OKR1036125,12/30/2024,10/17/2027,1542,Nonresidential Construction,N,,,,,,,,,,,
The Park at Hughes Farm 1,Park Hughes Farms LLC,North of E 121st St S  .4 miles East of S 225th E Ave,Coweta,OK,74014,Wagoner,35.98865,-95.71959,OKR1037733,5/7/2026,10/17/2027,1521,Single-Family Housing Construction,N,,,,,,,,,,,
Extra Space Storage,OV Jenks LLC,1577 W 121 Street,Jenks,OK,74037,Tulsa,35.9887067,-95.989035,OKR1037939,7/8/2026,10/17/2027,1542,Nonresidential Construction,N,,,,,,,,,,,
POP SHELF BROKEN ARROW - PUD 220 SHOPS,PALMETTO BROKEN ARROW-E 121ST STREET S LLC,1550 W Tucson Street,Broken Arrow,OK,74011,Tulsa,35.988889,-95.808333,OKR1034458,6/22/2023,10/17/2027,1542,Nonresidential Construction,N,,,,,,,,,,,
South County Crossing Lots 1 and 2,Black Gold Construction II LLC dba Gold Rock Construction,N of W 121st St S and 2250 ft E of S Elwood Ave,Jenks,OK,74037,Tulsa,35.9893333,-95.9857361,OKR1037161,11/13/2025,10/17/2027,1542,Nonresidential Construction,N,,,,,,,,,,,
Jenks Retail Center,"Wachob, Derek E Trustee Wachob Irrevocable Trust",12023 S 27th,Jenks,OK,74066,Tulsa,35.9894,-96.0225,OKR1031775,9/28/2023,10/17/2027,1542,Nonresidential Construction,N,,,,,,,,,,,
The Fountains,Sooner Development LLC,Northwest of E 121st St S and S Mingo Rd,Tulsa,OK,74008,Tulsa,35.9895,-95.8700444,OKR1035138,2/5/2024,10/17/2027,1521,Single-Family Housing Construction,N,,,,,,,,,,,
Muscogee Creek Nation - Sapulpa Clinic,Crossland Construction,4949 E Hwy 117,Sapulpa,OK,74066,Creek,35.98965,-96.0488045,OKR1037398,2/2/2026,10/17/2027,1542,Nonresidential Construction,N,,,,,,,,,,,
Wind River Plaza,Gold Team Realty Group LLC,Northwest of E 121st St S and S Yale Ave,Tulsa,OK,74137,Tulsa,35.989722,-95.923329,OKR1032330,5/23/2023,10/17/2027,1522,Residential Construction,N,,,,,,,,,,,
South County  Crossing II - Office Warehouse and Medical,Black Gold Group LLC,N of W 121st St S .6 miles W of S Elm St,Jenks,OK,74037,Tulsa,35.9898167,-95.9869111,OKR1032851,8/11/2023,10/17/2027,1542,Nonresidential Construction,N,,,,,,,,,,,
Courts and Commons,Raj and Josh Ventures LLC,0.1 mi north of E 121st St S & 0.1 mi west of S Memorial Dr,Bixby,OK,74008,Tulsa,35.9899932,-95.8880827,OKR1034732,9/7/2023,10/17/2027,1542,Nonresidential Construction,N,,,,,,,,,,,
Spring Creek Crossing - Lennar Homes,Lennar Homes of Oklahoma LLC,NW of East Tucson St and South 5th Ave,Broken Arrow,OK,74011,Tulsa,35.990015,-95.786212,OKR1037451,6/18/2026,10/17/2027,1521,Single-Family Housing Construction,N,,,,,,,,,,,
State Hwy 117 Development,Wachob Irrevocable Trust,NE Corner of Hwy 117 and S 33rd W Ave,Sapulpa,OK,74066,Tulsa,35.990035,-96.027552,OKR1028483,11/9/2023,10/17/2027,1542,Nonresidential Construction,N,,,,,,,,,,,
Hackberry Market,Sherwood Construction,Northeast of S Aspen Ave and W Tucson St,Broken Arrow,OK,74011,Tulsa,35.9902778,-95.8133333,OKR1036660,6/20/2025,10/17/2027,1542,Nonresidential Construction,N,,,,,,,,,,,
Sheridan Hollow,Bison Civil LLC,E of S Sheridan Rd .1 miles N of E 121st St S,Bixby,OK,74008,Tulsa,35.990283,-95.902839,OKR1037555,3/19/2026,10/17/2027,1522,Residential Construction,N,,,,,,,,,,,
The Highlands-Phase 1 Subdivision,Integrity Development Group LLC,Northwest of E 121st St S and S 225th East Ave.,Broken Arrow,OK,74014,Wagoner,35.99056,-95.72833,OKR1037058,10/15/2025,10/17/2027,1522,Residential Construction,N,,,,,,,,,,,
Somerset - Lot 24 Block 2,DPT Construction LLC,11797 S 66th E Ave,Bixby,OK,74008,Tulsa,35.99134,-95.90318,OKR1033975,2/23/2023,10/17/2027,1521,Single-Family Housing Construction,N,,,,,,,,,,,
Kelly Crossing,Tulsa L Dev LLC,North of E 121st St S .3 mi west of S 241st East Ave,Broken Arrow,OK,74014,Wagoner,35.9919,-95.715,OKR1037456,2/24/2026,10/17/2027,1521,Single-Family Housing Construction,N,,,,,,,,,,,
Ozark Drive Sanitary Sewer Extension,True North Utility Contractors,On W Taft St from W Ozark Trl to W Wickham Rd,Sapulpa,OK,74066,Creek,35.9929711,-96.141169,OKR1037763,5/12/2026,10/17/2027,1623,"Water, Sewer, And Utility Lines",N,,,,,,,,,,,
Route 66 Park at Historic Bridge 18,Magnum Construction Inc,13000 West Ozark Trail,Sapulpa,OK,74066,Creek,35.99342,-96.136309,OKR1036724,6/30/2025,10/17/2027,1622,"Bridge, Tunnel, & Elevated Highway",N,,,,,,,,,,,
The Woods Phases 3-6 - Lennar Homes,Lennar Homes of Oklahoma LLC,.4 mi north of E  121st St S .5 mi west of S 289th East Ave,Coweta,OK,74429,Wagoner,35.99371,-95.66335,OKR1037236,12/5/2025,10/17/2027,1521,Single-Family Housing Construction,N,,,,,,,,,,,
Reserve B - Aspen Ridge Business Park,OakTrust Development LLC,"1811 W Norfolk Drive, Lot 4 Blk2",Broken Arrow,OK,74011,Tulsa,35.994,-95.813,OKR1033834,5/19/2023,10/17/2027,1542,Nonresidential Construction,N,,,,,,,,,,,
Panda Express D22200,Panda Express Inc,Northeast of Creek Turnpike and S 145th East Ave,Broken Arrow,OK,74011,Tulsa,35.994255,-95.814532,OKR1034058,3/2/2023,10/17/2027,1542,Nonresidential Construction,N,,,,,,,,,,,
Tinker Federal Credit Union - Broken Arrow OK,Tinker Federal Credit Union,5608 S Aspen Ave,Broken Arrow,OK,74011,Tulsa,35.99442,-95.81583,OKR1037650,4/6/2026,10/17/2027,1542,Nonresidential Construction,N,,,,,,,,,,,
7Brew Aspen,"Wilson Global General Contracting, LLC C/O Zach Kuhl",5568 S. Aspen Ave.,Broken Arrow,OK,74011,Tulsa,35.994723,-95.8157715,OKR1038105,8/20/2026,10/17/2027,1542,Nonresidential Construction,N,,,,,,,,,,,
Peak Broken Arrow,Peak Development Partners,.1 mi west of S Aspen Ave north of Creek Tpke S,Broken Arrow,OK,74011,Tulsa,35.994786,-95.817386,OKR1036546,4/28/2025,10/17/2027,1623,"Water, Sewer, And Utility Lines",N,,,,,,,,,,,
Coody Residence,Oak Hill Construction,21122 E 116th St S,Broken Arrow,OK,74014,Wagoner,35.994908,-95.740323,OKR1035958,10/11/2024,10/17/2027,1521,Single-Family Housing Construction,N,,,,,,,,,,,
McDonalds 035-0445,McDonalds USA Inc,2201 W Norfolk Dr,Broken Arrow,OK,74011,Tulsa,35.995353,-95.815639,OKR1036784,8/28/2025,10/17/2027,1542,Nonresidential Construction,N,,,,,,,,,,,
South Elm Street Widening,Paragon Contractors LLC,S Elm St from W 121st St S to W 111th St S,Jenks,OK,74037,Tulsa,35.995969,-95.975954,OKR1036151,12/18/2024,10/17/2027,1542,Nonresidential Construction,N,,,,,,,,,,,
Aspen Ridge Business Park -  Lot 3 Block 1,Oaktrust Development LLC,0.1 mi east of S Aspen Ave and 0.2 mi north of the Creek,Broken Arrow,OK,74011,Tulsa,35.996,-95.813,OKR1033519,4/17/2023,10/17/2027,1542,Nonresidential Construction,N,,,,,,,,,,,
116th and Peoria Substation Expansion,AEP PUBLIC SERVICE CO OF OKLAHOMA (PSO),11542 S Elm Street,Jenks,OK,74037,Tulsa,35.996016,-95.976564,OKR1035061,1/22/2024,10/17/2027,1542,Nonresidential Construction,N,,,,,,,,,,,
Reasors at Aspen Ridge,Crossland Construction,1914 West Norfolk Drive,Broken Arrow,OK,74011,Tulsa,35.9964639,-95.8140425,OKR1034359,6/20/2023,10/17/2027,1542,Nonresidential Construction,N,,,,,,,,,,,
Tiger Trails,Tulsa L Dev LLC,E of S 241st E Ave .4 miles S of E 111th St S,Coweta,OK,74014,Wagoner,35.9967778,-95.7078056,OKR1036522,4/21/2025,10/17/2027,1521,Single-Family Housing Construction,N,,,,,,,,,,,
The Woods Phases 3-6,Tulsa L Dev LLC,.4 miles S of E 111th St S .8 miles W of S289th E Ave,Coweta,OK,74429,Wagoner,35.9968889,-95.6695833,OKR1033943,1/27/2023,10/17/2027,1521,Single-Family Housing Construction,N,,,,,,,,,,,
Coweta Crossing Mini Storage,PB Coweta LLC,E of Hwy 51 .4 miles S of E 111th St S,Coweta,OK,74429,Wagoner,35.9969,-95.675,OKR1035175,2/26/2024,10/17/2027,1542,Nonresidential Construction,N,,,,,,,,,,,
Riverside to South Hudson Transmission Line Rebuild,AEP Public Service Company of Oklahoma,South of E Skelly Dr in Tulsa to East 12th St in Jenks,Tulsa,OK,74119,Tulsa,35.996907,-95.960119,OKR1037411,2/26/2026,10/17/2027,1542,Nonresidential Construction,N,,,,,,,,,,,
Eighteen Acres Ranch,Eighteen Acres Ranch,11524 S Elwood Ave,Jenks,OK,74037,Tulsa,35.997,-95.998,OKR1033508,6/20/2023,10/17/2027,1542,Nonresidential Construction,N,,,,,,,,,,,
Jenks Landing II,Defender Resources LLC,.4 mi south of W 111th St S and .2 mi west of S Union Ave,Jenks,OK,74066,Tulsa,35.997174,-96.015549,OKR1032982,6/16/2023,10/17/2027,1521,Single-Family Housing Construction,N,,,,,,,,,,,
Roland Coweta Tract,Roland Investments LTD,West of S Hwy 51 between E 111th St S and E 121st St S,Coweta,OK,74429,Wagoner,35.9975833,-95.6786111,OKR1035816,8/29/2024,10/17/2027,1611,Highway And Street Construction,N,,,,,,,,,,,
SunAuto Tire and Service,MAV Broken Arrow Aspen LLC,5229 S Aspen Ave,Broken Arrow,OK,74011,Tulsa,35.9979833,-95.8151639,OKR1037927,6/26/2026,10/17/2027,1542,Nonresidential Construction,N,,,,,,,,,,,
Aspen Ridge Apartments,Cowen Construction,5356 S Redbud Place,Broken Arrow,OK,74011,Tulsa,35.998169,-95.811424,OKR1036419,3/27/2025,10/17/2027,1521,Single-Family Housing Construction,N,,,,,,,,,,,
OCCU - Jenks Landing,Thompson Construction Inc,SW corner of W 114th St S and South Union Ave,Jenks,OK,74066,Tulsa,35.9987585,-96.0136412,OKR1036167,12/23/2024,10/17/2027,1542,Nonresidential Construction,N,,,,,,,,,,,
Sapulpa High School,Nabholz Construction Corporation,3 S Mission Street,Sapulpa,OK,74066,Creek,35.998905,-96.098568,OKR1036079,1/13/2025,10/17/2027,1542,Nonresidential Construction,N,,,,,,,,,,,
Estates at Ritz Hollow,The Brumble Group,South of West 111th Street S and 1100 feet west of,Jenks,OK,74037,Tulsa,35.9997083,-95.9797389,OKR1032293,6/20/2023,10/17/2027,1522,Residential Construction,N,,,,,,,,,,,
South Brook IV,Wes Coblentz,11266 S 220th E Ave,Broken Arrow,OK,74014,Wagoner,36.0003139,-95.7307306,OKR1037904,6/26/2026,10/17/2027,1522,Residential Construction,N,,,,,,,,,,,
Hobson Substation,Oklahoma Gas and Electric Company,401 E Hobson Ave,Sapulpa,OK,74066,Creek,36.00032,-96.107704,OKR1036504,4/14/2025,10/17/2027,1542,Nonresidential Construction,N,,,,,,,,,,,
South Brook III,South Brook BA LLC,.2 miles S of E 111th St S .4 miles W of S 225th E Ave,Broken Arrow,OK,74014,Wagoner,36.0005222,-95.7329444,OKR1035819,9/9/2024,10/17/2027,1542,Nonresidential Construction,N,,,,,,,,,,,
Walmart Supercenter 00374-1008 Pavement Rehabilitation and Remodel,Wal-Mart Real Estate Business Trust,11207 S State Highway 51,Coweta,OK,74429,Wagoner,36.00168,-95.67797,OKR1037979,7/20/2026,10/17/2027,1542,Nonresidential Construction,N,,,,,,,,,,,
Cook Residence,Rob Cook,9800 E 111th St S,Bixby,OK,74008,Tulsa,36.0019,-95.8676,OKR1036619,6/23/2025,10/17/2027,1521,Single-Family Housing Construction,N,,,,,,,,,,,
The Reserve at Southern Woods,Amian Homes,South of W 111th St S .2 mi east of S 33rd W Ave,Jenks,OK,74066,Tulsa,36.0019444,-96.0252778,OKR1035780,8/26/2024,10/17/2027,1522,Residential Construction,N,,,,,,,,,,,
111th Street Project,Homestead Hill LLC,33905 East 111th Street S,Coweta,OK,74429,Wagoner,36.00324,-95.5976011,OKR1036598,5/13/2025,10/17/2027,1521,Single-Family Housing Construction,N,,,,,,,,,,,
Legends Reserve,DH & RB Properties LLC,N of E 111th St S and W of S Mingo Rd,Bixby,OK,74133,Tulsa,36.0038556,-95.8697944,OKR1036673,6/26/2025,10/17/2027,1521,Single-Family Housing Construction,N,,,,,,,,,,,
265th East Avenue,10986 Hwy 51 LLC,10986 South 265th East Avenue,Coweta,OK,74014,Wagoner,36.0042,-95.6842,OKR1036078,11/18/2024,10/17/2027,1542,Nonresidential Construction,N,,,,,,,,,,,
Sapulpa Hobson Sanitary Sewer Rehabilitation Project,Sapulpa Digging Inc,1818 E Denton Ave,Sapulpa,OK,74066,Creek,36.0044327,-96.0839576,OKR1038096,8/14/2026,10/17/2027,1623,"Water, Sewer, And Utility Lines",N,,,,,,,,,,,
Haddington Square,Melody Development Inc,Northwest corner of W 111th St S and S Elm St,Jenks,OK,74037,Tulsa,36.0047222,-95.9775,OKR1026964,7/18/2023,10/17/2027,1542,Nonresidential Construction,N,,,,,,,,,,,
Evergreen Baptist Church - Phase 5,Lowry Construction Services Inc,10301 East 111th Street S,Broken Arrow,OK,74011,Tulsa,36.005123,-95.862436,OKR1036490,4/14/2025,10/17/2027,1542,Nonresidential Construction,N,,,,,,,,,,,
Village at 1 Eleven Flats,BLDP SC 1Eleven LP,W of S 145 E Ave/Aspen Ave .2 miles N of E 111th St S/W,Broken Arrow,OK,74011,Tulsa,36.0051667,-95.8163889,OKR1034720,9/27/2023,10/17/2027,1521,Single-Family Housing Construction,N,,,,,,,,,,,
Wynstone Phase 3,Integrity Development Group LLC,.2 mi north of E 111th St S ..4 mi east of S 273rd E Ave,Coweta,OK,74429,Wagoner,36.0059,-95.6658,OKR1035062,1/25/2024,10/17/2027,1521,Single-Family Housing Construction,N,,,,,,,,,,,
Tracey Estates,TCGH LLC,10910 S Sheridan Rd,Tulsa,OK,74137,Tulsa,36.005981,-95.904347,OKR1034174,4/11/2023,10/17/2027,1521,Single-Family Housing Construction,N,,,,,,,,,,,
Lancaster Park - Phase 1,Glenwood Homes LP,.3 miles N of E 111th St S .2 miles W of S 273rd E Ave,Coweta,OK,74014,Wagoner,36.006389,-95.676944,OKR1034491,7/21/2023,10/17/2027,1542,Nonresidential Construction,N,,,,,,,,,,,
The Vineyard on Memorial,South Memorial Development Group LLC,E 109th St S and S Memorial Dr,Tulsa,OK,74137,Tulsa,36.0069444,-95.8886111,OKR1025416,7/24/2023,10/17/2027,1521,Single-Family Housing Construction,N,,,,,,,,,,,
Wynstone Phase 2,Integrity Development Group LLC,.3 mi north of E 111th St S .2 mi east of S 273rd East Ave,Coweta,OK,74429,Wagoner,36.0069444,-95.6683333,OKR1031276,8/25/2023,10/17/2027,6552,Subdividers And Developers,N,,,,,,,,,,,
Wynstone Phase 4,"Integrity Development Group, LLC",.4 miles N of East 111th Street S. and .2 miles E of S 273rd,Coweta,OK,74429,Wagoner,36.0086,-95.6697,OKR1035225,2/27/2024,10/17/2027,1522,Residential Construction,N,,,,,,,,,,,
Melvin Phillips Homes,Melvin Phillips,10636 S Elgin Ave,Jenks,OK,74037,Tulsa,36.008655,-95.985838,OKR1035141,3/15/2024,10/17/2027,1521,Single-Family Housing Construction,N,,,,,,,,,,,
Fox Trails,The Judy Gilstrap Revocable Trust,E side of 289th East Ave N of Muskogee TPK,Oneta,OK,74014,Wagoner,36.0088583,-95.6524361,OKR1029809,1/5/2024,10/17/2027,1522,Residential Construction,N,,,,,,,,,,,
Highland Ridge Phase 1 Subdivision,Integrity Development Group LLC,E 106th St S and 225th East Ave,Broken Arrow,OK,74014,Wagoner,36.0088889,-95.7213889,OKR1032798,6/16/2023,10/17/2027,1522,Residential Construction,N,,,,,,,,,,,
CUSHING REMEDIATION SITE,Greenfield Environmental Multistate Trust LLC,1005 E DEEP ROCK RD,Cushing,OK,74023,Payne,36.01,-96.757777,OKR1022807,5/10/2024,10/17/2027,1542,Nonresidential Construction,N,,,,,,,,,,,
The Ripken Experience,Oak Properties LLC,West 106th Street and E of South Elm Street,Jenks,OK,74037,Tulsa,36.0102,-95.9721,OKR1035159,2/21/2024,10/17/2027,1542,Nonresidential Construction,N,,,,,,,,,,,
The Retreat Blocks 16-21,Precision Project Management Inc Ruhl Properties LLC,.3 mi east of S 129th East Ave .4 mi south of,Broken Arrow,OK,74011,Tulsa,36.010951,-95.826206,OKR1034368,5/26/2023,10/17/2027,1521,Single-Family Housing Construction,N,,,,,,,,,,,
County Line Trunk Sewer Phase IIA � Sanitary Sewer Improvements,Belt Construction Group,Along S 193rd East Ave from E New Orleans St ext 6 mi south,Broken Arrow,OK,74011,Tulsa,36.0119444,-95.7619444,OKR1036850,8/12/2025,10/17/2027,1542,Nonresidential Construction,N,,,,,,,,,,,
Woodlake Church - Youth Addition,Warren Construction Solutions LLC,10444 S Mingo Rd,Tulsa,OK,74133,Tulsa,36.012005,-95.8693967,OKR1037644,4/7/2026,10/17/2027,1542,Nonresidential Construction,N,,,,,,,,,,,
Tulsa Premium Outlets,"Simon Property Group, Inc.",801 E 103rd St S,Tulsa,OK,74146,Tulsa,36.0145139,-95.9624861,OKR1030554,8/30/2023,10/17/2027,1542,Nonresidential Construction,N,,,,,,,,,,,
The Enclave - Tulsa,Gunther Construction,10245 S 82nd E Ave,Tulsa,OK,74133,Tulsa,36.01489,-95.8849,OKR1034687,8/31/2023,10/17/2027,1542,Nonresidential Construction,N,,,,,,,,,,,
Trophy Ridge Phase 2,Trio Ranch LLC,NW of Intersection at E 92nd St and S Jardot Rd,Perkins,OK,74059,Payne,36.015035,-97.034227,OKR1036759,7/24/2025,10/17/2027,1521,Single-Family Housing Construction,N,,,,,,,,,,,
Triple Creek Phase 1,Trio Ranch LLC,North of E 92nd St .3 mi west of S Jardot Rd,Stillwater,OK,74074,Payne,36.0152778,-97.0391667,OKR1034624,8/7/2023,10/17/2027,1522,Residential Construction,N,,,,,,,,,,,
Petre Residence,Robert Petre,.1 south of E 101st St S .3 mi east of S Garnett Rd,Broken Arrow,OK,74011,Tulsa,36.015805,-95.845066,OKR1031596,8/17/2023,10/17/2027,1542,Nonresidential Construction,N,,,,,,,,,,,
The Colony at Cedar Ridge - CNB Trust,City National Bank and Trust,South of W New Orleans St .3 mi east of S 129th E Ave,Broken Arrow,OK,74011,Tulsa,36.0158333,-95.8266667,OKR1035413,5/28/2024,10/17/2027,1521,Single-Family Housing Construction,N,,,,,,,,,,,
The Enclave at Southern Trails,ACRE Development Partners LLC,Southeast of W New Orleans St and S 129th East Ave,Broken Arrow,OK,74011,Tulsa,36.0158972,-95.8327,OKR1036568,5/9/2025,10/17/2027,1521,Single-Family Housing Construction,N,,,,,,,,,,,
ODOT JP 35639 04,C3 Construction Inc,Along US-75 over Polecat Creek .4 miles N of Creek TPKE,Jenks,OK,74066,Tulsa,36.016119,-96.011617,OKR1037267,12/29/2025,10/17/2027,1542,Nonresidential Construction,N,,,,,,,,,,,
BROWN ST VILLAS,KYLE CLAVIN,1024 N BROWN ST,Sapulpa,OK,74066,Creek,36.016637,-96.093524,OKR1036741,7/14/2025,10/17/2027,1522,Residential Construction,N,,,,,,,,,,,
FRANKHOMA INDUSTRIAL PARK,Josh Carnley,10126 S 98th W Ave,Sapulpa,OK,74066,Creek,36.0172099,-96.1026847,OKR1037287,12/18/2025,10/17/2027,1541,Industrial Buildings And Warehouses,N,,,,,,,,,,,
THE VILLAGE AT SOUTHERN TRAILS,Oklahoma Neighborhood LLC,3639 South Fir Blvd,Broken Arrow,OK,74011,Tulsa,36.0172222,-95.8213889,OKR107015,8/30/2023,10/17/2027,1521,Single-Family Housing Construction,N,,,,,,,,,,,
The Pines,Ira M Green Construction,Northeast of E 101st St S and S 257th East Ave,Broken Arrow,OK,74014,Wagoner,36.0175672,-95.690001,OKR1036116,12/5/2024,10/17/2027,1521,Single-Family Housing Construction,N,,,,,,,,,,,
2.0-2.5 MG Elevated Storage Tank,Landmark Structures,Northeast of E 101st St S and S Lynn Lane Rd,Broken Arrow,OK,74012,Tulsa,36.018107,-95.778634,OKR1036262,1/31/2025,10/17/2027,1623,"Water, Sewer, And Utility Lines",N,,,,,,,,,,,
County Line Crossing,Calara Land OK LLC,Northwest of E 101st St S and S 193rd East Ave,Broken Arrow,OK,74012,Tulsa,36.018525,-95.7635,OKR1037458,2/24/2026,10/17/2027,1521,Single-Family Housing Construction,N,,,,,,,,,,,
Reynolds Ace,Elm Street Business Park,679 West 101st Place South,Jenks,OK,74037,Tulsa,36.0192,-95.9786,OKR1033769,12/8/2022,10/17/2027,1542,Nonresidential Construction,N,,,,,,,,,,,
OTA CR-34501A,OBC Inc,Creek Turnpke from MP 15.05 to MP 15.93,Broken Arrow,OK,74012,Tulsa,36.0195378,-95.8490101,OKR1036923,9/8/2025,10/17/2027,1611,Highway And Street Construction,N,,,,,,,,,,,
Motorsports Collective,Motorsports Collective,320 S Adams St W,Jenks,OK,74037,Tulsa,36.0201083,-96.0055111,OKR1035310,4/1/2024,10/17/2027,1542,Nonresidential Construction,N,,,,,,,,,,,
Storm Residential,IPC Solutions LLC,2423 S 1st Pl,Broken Arrow,OK,74012,Tulsa,36.021032,-95.7880537,OKR1037390,1/28/2026,10/17/2027,1522,Residential Construction,N,,,,,,,,,,,
Pine Valley,Pine Valley Ranch LLC,Part of the E2 SE4 Section 20 T18N R14E,Broken Arrow,OK,74011,Tulsa,36.0212556,-95.8350806,OKR1033070,6/16/2023,10/17/2027,1521,Single-Family Housing Construction,N,,,,,,,,,,,
Jenks Office Park,Jenks Office Park LLC,2900 W Main St,Jenks,OK,74037,Tulsa,36.021872,-96.003303,OKR1036809,7/30/2025,10/17/2027,1542,Nonresidential Construction,N,,,,,,,,,,,
Tulsa Classical Academy - Key Construction,Key Construction,9801 S Sheridan Rd,Tulsa,OK,74133,Tulsa,36.0219444,-95.9019444,OKR1037801,6/1/2026,10/17/2027,1542,Nonresidential Construction,N,,,,,,,,,,,
Chase Bank - 706 W Main St,Cumulus Design,706 W Main St,Jenks,OK,74037,Tulsa,36.02233,-95.97803,OKR1036133,12/12/2024,10/17/2027,1542,Nonresidential Construction,N,,,,,,,,,,,
ONE Gas Broken Arrow Service,One Gas,2421 S 1st Pl,Broken Arrow,OK,74012,Tulsa,36.022966,-95.786774,OKR1035650,7/15/2024,10/17/2027,1542,Nonresidential Construction,N,,,,,,,,,,,
Estates at Lynn Lane Phase 2,"Rausch Coleman Homes of Tulsa, LLC",.4 miles N of E 101st St S .4 miles E of S Lynn Lane Rd,Broken Arrow,OK,74012,Tulsa,36.0239,-95.7721,OKR1032449,6/28/2023,10/17/2027,1521,Single-Family Housing Construction,N,,,,,,,,,,,
Attic Storage Route 66,Attic Storage,Northwest of Hwy 66 and W 96th St S,Sapulpa,OK,74131,Creek,36.02492,-96.092611,OKR1036354,5/28/2025,10/17/2027,1542,Nonresidential Construction,N,,,,,,,,,,,
Burn Boot Camp,Pense Company Inc,813 East B Street,Jenks,OK,74037,Tulsa,36.02505,-95.960436,OKR1035499,5/23/2024,10/17/2027,1542,Nonresidential Construction,N,,,,,,,,,,,
ODOT JP 34066 04,Crossland Heavy Contractors,From E Washington St between S Main St and S 1st Pl and,Broken Arrow,OK,74012,Tulsa,36.02588,-95.788399,OKR1037564,3/25/2026,10/17/2027,1542,Nonresidential Construction,N,,,,,,,,,,,
Walmart Neighborhood Market 02395-1007 Pavement Rehabilitation and Remodel,Wal-Mart Real Estate Business Trust,9411 S Delaware Ave,Tulsa,OK,74137,Tulsa,36.027652,-95.947018,OKR1038004,7/27/2026,10/17/2027,1542,Nonresidential Construction,N,,,,,,,,,,,
Jenks Freshman Academy Classroom Addition - Phase III,Jenks Public School Services,207 East D Street,Jenks,OK,74037,Tulsa,36.027665,-95.967343,OKR1036718,7/1/2025,10/17/2027,1542,Nonresidential Construction,N,,,,,,,,,,,
Washington Lane IX,Armory LLC,.075 miles E of S 177th E Ave .3 miles S of E 91st St S,Broken Arrow,OK,74012,Tulsa,36.0277444,-95.7783361,OKR1034839,10/18/2023,10/17/2027,1521,Single-Family Housing Construction,N,,,,,,,,,,,
91st Industrial Park,Old No. 7 Land Company,S of West 91st St South .4 miles W of Frankhoma Rd,Sapulpa,OK,74066,Creek,36.0302,-96.108,OKR1032203,9/12/2023,10/17/2027,1542,Nonresidential Construction,N,,,,,,,,,,,
Jenks PS Tennis Facility,Thompson Construction,110 West K Place,Jenks,OK,74037,Tulsa,36.0302083,-95.9715083,OKR1037759,5/27/2026,10/17/2027,1542,Nonresidential Construction,N,,,,,,,,,,,
Bill Knight Commercial Center,Knight Automotive Stillwater,9731 E 92nd St S,Tulsa,OK,74133,Tulsa,36.0304694,-95.8670278,OKR1036179,12/30/2024,10/17/2027,1542,Nonresidential Construction,N,,,,,,,,,,,
Gaslight Landing,Ferguson Property Group,Northeast of Creek Turnpike Off Ramp and Hwy 66,Sapulpa,OK,74131,Creek,36.0308333,-96.0861111,OKR1031370,8/18/2023,10/17/2027,1542,Nonresidential Construction,N,,,,,,,,,,,
Gaslight Landing,Ferguson Property Group,Northeast of Creek Turnpike Off Ramp and Hwy 66,Sapulpa,OK,74131,Creek,36.0308333,-96.0861111,OKR1031370,8/18/2023,10/17/2027,1522,Residential Construction,N,,,,,,,,,,,
Veritas 91st and Mingo,Veritas Development,North of E 91st St S and .1 mi east of S 97th East Ave,Tulsa,OK,74133,Tulsa,36.031719,-95.867048,OKR1034216,4/20/2023,10/17/2027,1542,Nonresidential Construction,N,,,,,,,,,,,
Rehabilitation and Reconstruction of 91st St S from Harvard to Yale,Paragon Contractors LLC,Along 91st St S from S Harvard Ave to S Yale Ave,Tulsa,OK,74137,Tulsa,36.0319,-95.922177,OKR1037178,11/20/2025,10/17/2027,1611,Highway And Street Construction,N,,,,,,,,,,,
COT Art Widen E 91st Memorial - Mingo,Tri-Star Construction LLC,On E 91st St from S Memorial Dr to S Mingo Rd,Tulsa,OK,74133,Tulsa,36.0319444,-95.8780556,OKR1036180,1/2/2025,10/17/2027,1611,Highway And Street Construction,N,,,,,,,,,,,
Three Oaks,FP Investors LLC,N of E 91st St S/E Washington St .6 miles E of S 193rd E Ave,Broken Arrow,OK,74014,Wagoner,36.0320556,-95.7516944,OKR1036119,12/9/2024,10/17/2027,1521,Single-Family Housing Construction,N,,,,,,,,,,,
Brook Chase,DR Horton - Texas Ltd,North of E 91st St S .4 mi east of S 193rd Ave E,Broken Arrow,OK,74012,Tulsa,36.032281,-95.769774,OKR1034480,6/23/2023,10/17/2027,1521,Single-Family Housing Construction,N,,,,,,,,,,,
Zeeco Properties,Zeeco,22151 E 91ST ST S,Broken Arrow,OK,74014,Wagoner,36.0327201,-95.7285852,OKR1034748,9/18/2023,10/17/2027,1541,Industrial Buildings And Warehouses,N,,,,,,,,,,,
Stuco LLC,4Sight Construction Group,1901 East 91st St,Jenks,OK,74037,Tulsa,36.0331,-95.9648,OKR1036459,4/8/2025,10/17/2027,1521,Single-Family Housing Construction,N,,,,,,,,,,,
Zeeco East Manufacturing Exp,Zeeco Manufacturing,22151 East 91st St,Broken Arrow,OK,74014,Wagoner,36.0334806,-95.7278917,OKR1036742,7/15/2025,10/17/2027,1542,Nonresidential Construction,N,,,,,,,,,,,
Saint Francis Hospital South Expansion,Saint Francis Health System,10501 East 91st Street,Tulsa,OK,74136,Tulsa,36.033678,-95.857325,OKR1033193,9/27/2023,10/17/2027,1542,Nonresidential Construction,N,,,,,,,,,,,
S Maybelle Ave Extension,Patterson Trucking and Excavating Inc,9100 S Maybelle Ave.  Extends north of E 91st St S approx.,Tulsa,OK,74132,Tulsa,36.03375,-96.0027528,OKR1034093,3/9/2023,10/17/2027,1542,Nonresidential Construction,N,,,,,,,,,,,
Brook Chase Phase III,Eagle 1 Investments LLC,.2 miles N of E 91st St S/E Washington St  .4 miles W of S,Broken Arrow,OK,74012,Tulsa,36.03485,-95.768975,OKR1035941,10/9/2024,10/17/2027,1521,Single-Family Housing Construction,N,,,,,,,,,,,
Route 66 Industrial Park Phase 1 and 2,"Core Civil Construction, LLC",8751 Frankoma Road,Sapulpa,OK,74066,Creek,36.034979,-96.099289,OKR1037961,7/14/2026,10/17/2027,1542,Nonresidential Construction,N,,,,,,,,,,,
Brook Chase Phase IV,Eagle 1 Investments LLC,.2 mi north of E 91st St S .2 mi west of S 193rd East Ave,Broken Arrow,OK,74012,Tulsa,36.034991,-95.765402,OKR1037106,10/28/2025,10/17/2027,1522,Residential Construction,N,,,,,,,,,,,
Brook Chase Phase V,Eagle 1 Investments LLC,.3 miles N of E Washington St .4 miles W of S 193rd E Ave,Broken Arrow,OK,74012,Tulsa,36.03645,-95.7692861,OKR1037419,2/20/2026,10/17/2027,1521,Single-Family Housing Construction,N,,,,,,,,,,,
Wagoner County Rural Water District 4 WWTP,Daris Contractors,30200 E 91st Street,Broken Arrow,OK,74014,Wagoner,36.036806,-95.651812,OKR1033007,6/8/2023,10/17/2027,1542,Nonresidential Construction,N,,,,,,,,,,,
Predevelopment Excavation for 66 Industrial Park,Adaptable Land Management LLC,8751 Frankoma Rd,Sapulpa,OK,74131,Creek,36.037734,-96.100116,OKR1037147,11/6/2025,10/17/2027,1542,Nonresidential Construction,N,,,,,,,,,,,
Trio Ridge,Trio Ranch LLC,.4 mi south of E 68th St .4 mi west of S Perkins Rd,Stillwater,OK,74074,Payne,36.0377778,-97.0575,OKR1032172,1/30/2024,10/17/2027,1522,Residential Construction,N,,,,,,,,,,,
Tulsa Riverside Airport RVS - Drainage Improvements Project,Magnum Construction Inc,Along S Airport Hwy and 8605 S Elwood Ave,Tulsa,OK,74132,Tulsa,36.037896,-95.993446,OKR1037655,4/14/2026,10/17/2027,1542,Nonresidential Construction,N,,,,,,,,,,,
Tulsa Riverside Airport Security Fence Upgrades,Delta Specialty Contractors,Tulsa Riverside Airport along perimeter road,Tulsa,OK,74115,Tulsa,36.038208,-95.991047,OKR1036723,6/25/2025,10/17/2027,1542,Nonresidential Construction,N,,,,,,,,,,,
Sunbelt Rentals - Broken Arrow,Agree Realty Corporation,Southwest of E Hwy 51 and 0.5 mi north of E 91st St S,Broken Arrow,OK,74014,Wagoner,36.038225,-95.7469556,OKR1033702,11/18/2022,10/17/2027,,,N,,,,,,,,,,,
Fox Run Ridge,Timberland Investments LLC,Southeast of E 0670 Rd and County Line Rd,Crescent,OK,73028,Logan,36.04002,-97.67122,OKR1036566,5/8/2025,10/17/2027,1522,Residential Construction,N,,,,,,,,,,,
51 West,51 West Center LLC,3611 E Nashville St,Broken Arrow,OK,74014,Wagoner,36.0402778,-95.7461111,OKR1035636,7/3/2024,10/17/2027,1542,Nonresidential Construction,N,,,,,,,,,,,
Wedgewood II III IV Non-Arterial Rehab Project ST22100,Gradeline Construction LLC,On S Poplar Ave from W Houston St to W Pittsburg Pl,Broken Arrow,OK,74012,Tulsa,36.0410007,-95.8110534,OKR1037176,11/17/2025,10/17/2027,1611,Highway And Street Construction,N,,,,,,,,,,,
Oak Crossing - South 23rd Street,Tulsa L Dev LLC,E of S 193rd E Ave N of S 27th St,Broken Arrow,OK,74014,Wagoner,36.041253,-95.75949,OKR1036575,6/5/2025,10/17/2027,1521,Single-Family Housing Construction,N,,,,,,,,,,,
TAIT Project 70722 - Taxilane TB and Perimeter Road,"APAC-Central, Inc.",8605 South Elwood,Tulsa,OK,74132,Tulsa,36.0416914,-95.9808589,OKR1038059,8/10/2026,10/17/2027,1542,Nonresidential Construction,N,,,,,,,,,,,
Wolf Creek Estates - Broken Arrow,Wolf Creek Estates LLC,.2 mi south of E 81st St S west of .2 mi west of,Broken Arrow,OK,74014,Wagoner,36.043,-95.6214,OKR1032920,8/25/2023,10/17/2027,1521,Single-Family Housing Construction,N,,,,,,,,,,,
"Maybelle Villas - D.R. Horton � Tulsa, LLC.",D.R. Horton � Tulsa LLC,"E of S Maybelle Ave, .2 mi south of W 81st St S",Tulsa,OK,74132,Tulsa,36.043272,-96.001714,OKR1035991,10/29/2024,10/17/2027,1521,Single-Family Housing Construction,N,,,,,,,,,,,
Drakes Landing,Trio Ranch LLC,North of E 68th St .5 mi east of S Perkins Rd,Stillwater,OK,74074,Payne,36.0435,-97.0426,OKR1037690,5/7/2026,10/17/2027,1521,Single-Family Housing Construction,N,,,,,,,,,,,
Antler Falls,Antler Falls LLC,25900 E 81St S,Broken Arrow,OK,74014,Wagoner,36.0445,-95.6876,OKR1036127,12/4/2024,10/17/2027,1522,Residential Construction,N,,,,,,,,,,,
CSD Enterprises Warehouse,Daniels & Daniels Construction,801 and 805 S 9th St,Broken Arrow,OK,74012,Tulsa,36.0445444,-95.7788944,OKR1036456,4/2/2025,10/17/2027,1542,Nonresidential Construction,N,,,,,,,,,,,
The 20,Kyle Ray dba Southstone Properties LLC,8908 W 81st St S,Tulsa,OK,74131,Creek,36.0449278,-96.0933167,OKR1033898,1/19/2023,10/17/2027,1542,Nonresidential Construction,N,,,,,,,,,,,
Blue Bell Broken Arrow Plant Expansion,Blue Bell Creameries LP,8201 E Hwy 51,Broken Arrow,OK,74014,Wagoner,36.045015,-95.747787,OKR1034019,3/1/2023,10/17/2027,1542,Nonresidential Construction,N,,,,,,,,,,,
Walmart Neighborhood Market 02880-1009 Pavement Rehabilitation and Remodel,Wal-Mart Real Estate Business Trust,6066 E 81st Street,Tulsa,OK,74136,Tulsa,36.045314,-95.903247,OKR1038003,7/24/2026,10/17/2027,1542,Nonresidential Construction,N,,,,,,,,,,,
Ellsworth Materials  - 2101 E Houston St,Ellsworth Materials,2101 E Houston St,Broken Arrow,OK,74012,Tulsa,36.046133,-95.762152,OKR1036323,2/18/2025,10/17/2027,1542,Nonresidential Construction,N,,,,,,,,,,,
ODOT JP 30374 04,Sherwood Construction Co Inc,US 75 over W 81st St S,Tulsa,OK,74132,Tulsa,36.0463456,-96.0070046,OKR1037595,3/24/2026,10/17/2027,1611,Highway And Street Construction,N,,,,,,,,,,,
ST-2029 Houston St Widening Olive Ave to Aspen Ave,Becco Contractors Inc,Houston St Olive Ave to Aspen Ave,Broken Arrow,OK,74012,Tulsa,36.0463734,-95.8242702,OKR1037233,12/3/2025,10/17/2027,1611,Highway And Street Construction,N,,,,,,,,,,,
Broken Arrow Project ST2028 - Houston Street Widening,Becco Contractors Inc,On W Houston St from S Garnett Rd to S Olive Ave,Broken Arrow,OK,74012,Tulsa,36.0464,-95.8509,OKR1035828,9/3/2024,10/17/2027,1611,Highway And Street Construction,N,,,,,,,,,,,
The Estates at Ridgewood,D.R. Horton - Texas Ltd.,North of E 81st St S .4 mi east of S 357th East Ave,Broken Arrow,OK,74014,Wagoner,36.04643,-95.68232,OKR1035990,10/21/2024,10/17/2027,1521,Single-Family Housing Construction,N,,,,,,,,,,,
Old Houston Street - Storm Sewer Improvements,Gober Construction LLC,Along E Houston St from Ft Worth to S 9th St,Broken Arrow,OK,74012,Tulsa,36.046588,-95.786078,OKR1037516,3/3/2026,10/17/2027,1542,Nonresidential Construction,N,,,,,,,,,,,
OK IOS Land Company,Barnes Construction Solutions,1700 E Houston St,Broken Arrow,OK,74012,Tulsa,36.046854,-95.768122,OKR1037030,10/1/2025,10/17/2027,1541,Industrial Buildings And Warehouses,N,,,,,,,,,,,
East Village Phase 5 - Lennar Homes,Lennar Homes of Oklahoma LLC,N of E 81st St S  W of S 301st E Ave,Broken Arrow,OK,74014,Wagoner,36.047495,-95.653684,OKR1037297,1/13/2026,10/17/2027,1521,Single-Family Housing Construction,N,,,,,,,,,,,
Nickel Creek Phase V - Lot 1C and 1D Blk 1,Nickel Creek Developers Inc,.1 mi north of W 81st S and west of S Union Ave,Tulsa,OK,74132,Tulsa,36.047501,-96.011074,OKR1033344,6/1/2023,10/17/2027,1542,Nonresidential Construction,N,,,,,,,,,,,
Homes 2 Suites by Hilton,Mark Patel,8009 South 101st Avenue East,Tulsa,OK,74133,Tulsa,36.0475833,-95.8632333,OKR1034798,10/5/2023,10/17/2027,1542,Nonresidential Construction,N,,,,,,,,,,,
Tulsa Cardiovascular ASC-MOB,Ashton Gray,Northwest of W 80th St S and S Santa Fe Ave intersection and,Tulsa,OK,74132,Tulsa,36.047675,-96.011094,OKR1034608,8/2/2023,10/17/2027,1542,Nonresidential Construction,N,,,,,,,,,,,
Rock Creek - Sapulpa,RBP Development LLC,NW of W 81st St S and Frankhoma Rd,Sapulpa,OK,74066,Creek,36.0477778,-96.0983333,OKR1033736,12/2/2022,10/17/2027,1521,Single-Family Housing Construction,N,,,,,,,,,,,
81st Industrial Park,Ferguson Property Group,8045 W 81st St S,Tulsa,OK,74131,Creek,36.048783,-96.079165,OKR1035694,7/29/2024,10/17/2027,1542,Nonresidential Construction,N,,,,,,,,,,,
Nickel Creek Storage,81st & Union Holdings LLC,.2 mi north of W 81st S and west of S Union Ave,Tulsa,OK,74132,Tulsa,36.049197,-96.010875,OKR1034606,8/7/2023,10/17/2027,1542,Nonresidential Construction,N,,,,,,,,,,,
Rosewood - Broken Arrow,RoseWood Village Development LLC,2093 W FT WORTH ST,Broken Arrow,OK,74012,Tulsa,36.0496589,-95.8139356,OKR1035446,5/13/2024,10/17/2027,1522,Residential Construction,N,,,,,,,,,,,
East Village,"Tulsa L Dev, LLC",SW Qtr of S7 T18N R16E,Tulsa,OK,74014,Wagoner,36.0496944,-95.6496944,OKR1030386,7/6/2023,10/17/2027,1522,Residential Construction,N,,,,,,,,,,,
Wyckford at Forest Ridge,The Robson Companies Inc,7501 E Forest Ridge Blvd,Broken Arrow,OK,74014,Wagoner,36.0516667,-95.7013889,OKR1030124,8/25/2023,10/17/2027,6552,Subdividers And Developers,N,,,,,,,,,,,
ORU Housing & Dining,Thompson Construction Inc,7777 S. Lewis Avenue,Tulsa,OK,74136,Tulsa,36.052289,-95.952981,OKR1036251,1/28/2025,10/17/2027,1542,Nonresidential Construction,N,,,,,,,,,,,
VICTORY CHRISTIAN INDOOR ATHLETIC FACILITY,VICTORY CHURCH,7700 S LEWIS AVE,Tulsa,OK,74136,Tulsa,36.0527475,-95.9629134,OKR1035418,5/21/2024,10/17/2027,1542,Nonresidential Construction,N,,,,,,,,,,,
City of Tulsa 2036N8102Z MZ 8102,Ellsworth Construction OKC,between E 72nd St and E 78th Pl and between S Sheridan Rd,Tulsa,OK,74136,Tulsa,36.0528,-95.9044,OKR1035155,2/29/2024,10/17/2027,1611,Highway And Street Construction,N,,,,,,,,,,,
BAPS Kirkland Natatorium,Broken Arrow Public Schools,637 E College Street,Broken Arrow,OK,74012,Tulsa,36.0532222,-95.782425,OKR1037625,5/6/2026,10/17/2027,1542,Nonresidential Construction,N,,,,,,,,,,,
The Villages at Rose Hill,The Villages at Rose Hill,1433 E College St,Broken Arrow,OK,74012,Tulsa,36.0532444,-95.7712778,OKR1037797,5/27/2026,10/17/2027,1521,Single-Family Housing Construction,N,,,,,,,,,,,
Project Sam,Gordon Highlander,1525 E College St,Broken Arrow,OK,74012,Tulsa,36.0532742,-95.7686408,OKR1037041,10/2/2025,10/17/2027,,,N,,,,,,,,,,,
Stone Creek Hollow Subdivision,Stone Creek Hollow LLC,7600 South Elwood Avenue,Tulsa,OK,74132,Tulsa,36.0533,-95.9937,OKR1035209,3/4/2024,10/17/2027,1521,Single-Family Housing Construction,N,,,,,,,,,,,
Stone Bluff at Forest Ridge,The Robson Companies Inc,.4 mi south of E 71st St S .2 mi east of S 257th East Ave,Broken Arrow,OK,74014,Wagoner,36.054128,-95.687331,OKR1032762,8/15/2023,10/17/2027,1522,Residential Construction,N,,,,,,,,,,,
Family Dollar Tree - Canton,SRH Commercial,120 E Main St,Canton,OK,73724,Blaine,36.0541917,-98.584025,OKR1033849,12/23/2022,10/17/2027,1542,Nonresidential Construction,N,,,,,,,,,,,
Artesia at Forest Ridge,The Robson Companies Inc,.5 miles N of E 81st St S .3 miles W of S 273rd E Ave,Broken Arrow,OK,74014,Wagoner,36.054211,-95.677945,OKR1032763,9/29/2023,10/17/2027,1521,Single-Family Housing Construction,N,,,,,,,,,,,
Forest Ridge Racquet Sports Center,The Robson Companies,7751 E Freeport St,Broken Arrow,OK,74014,Wagoner,36.05545,-95.693113,OKR1035790,9/6/2024,10/17/2027,1542,Nonresidential Construction,N,,,,,,,,,,,
EquipmentShare -Laydown Yard Expansion,EquipmentShare,5821 S Perkins Rd,Stillwater,OK,74074,Payne,36.0556507,-97.0501569,OKR1037897,7/10/2026,10/17/2027,1542,Nonresidential Construction,N,,,,,,,,,,,
Southard Plant Hwy 51a,United States Gypsum Co,East of Highway 51A on S side of E0661 Rd,Southard,OK,73770,Blaine,36.0557,-98.475,OKR1029035,4/20/2023,10/17/2027,1542,Nonresidential Construction,N,,,,,,,,,,,
The Summit at Tulsa Hills,"Nickel Creek Developers, Inc.",E side of Union Ave .3 miles s of W 71st St S,Tulsa,OK,74132,Tulsa,36.0562222,-96.0097556,OKR1029187,8/30/2023,10/17/2027,1542,Nonresidential Construction,N,,,,,,,,,,,
Artesia Estates at Forest Ridge,The Robson Companies Inc,.2 miles S of E 71st St S .3 miles W of S 273rd E Ave,Broken Arrow,OK,74014,Wagoner,36.057012,-95.677548,OKR1032764,11/30/2023,10/17/2027,1521,Single-Family Housing Construction,N,,,,,,,,,,,
Bluff Creek Blocks 1-7,Premium Land LLC,.3 miles S of E Kenosha St .4 miles E of S 193rd E Ave,Broken Arrow,OK,74014,Wagoner,36.0572222,-95.7544861,OKR1036565,5/7/2025,10/17/2027,1521,Single-Family Housing Construction,N,,,,,,,,,,,
Meadowview Estates - Wagoner,71st Street Properties,.2 mi south of E 71st St S east of S 305th East Ave,Broken Arrow,OK,74014,Wagoner,36.057274,-95.631646,OKR1035354,4/15/2024,10/17/2027,1521,Single-Family Housing Construction,N,,,,,,,,,,,
Timber Ridge Business Park,Timber Wolf Excavating,.1 mi south of E 71st St S .4 mi west of S 225th East Ave,Broken Arrow,OK,74014,Wagoner,36.0582,-95.7339,OKR1035479,5/17/2024,10/17/2027,1542,Nonresidential Construction,N,,,,,,,,,,,
Oak Timber,B Oaks Development LLC,.1 miles South of W 71st Street East of S 49th W Ave,Tulsa,OK,74132,Creek,36.0585889,-96.0443333,OKR1033999,2/15/2023,10/17/2027,1521,Single-Family Housing Construction,N,,,,,,,,,,,
Fairgrounds 138-26.4 kV 14 MVA Distribution Substation,KAMO Electric Cooperative Inc,N of E 56th St .4 miles E of S Fairgrounds,Stillwater,OK,74074,Payne,36.0589,-96.9902,OKR1035643,7/8/2024,10/17/2027,1542,Nonresidential Construction,N,,,,,,,,,,,
Elwood Square,Ting Financial Group LLC,SW corner of W 71st St S and S Elwood Ave,Tulsa,OK,74132,Tulsa,36.059722,-95.9955556,OKR1011050,8/14/2023,10/17/2027,1542,Nonresidential Construction,Y,,,,,,,,,,,
Elwood Square,Ting Financial Group LLC,SW corner of W 71st St S and S Elwood Ave,Tulsa,OK,74132,Tulsa,36.059722,-95.9955556,OKR1011050,8/14/2023,10/17/2027,1542,Nonresidential Construction,N,,,,,,,,,,,
Allen Bowden Activity Center,Allen Bowden Public Schools,7049 Frankoma Rd,Tulsa,OK,74131,Creek,36.060361,-96.085345,OKR1036944,8/29/2025,10/17/2027,,,N,,,,,,,,,,,
Woodland Terrace,Huntley Ridge Tulsa LLC,9524 E 71st Street,Tulsa,OK,74133,Tulsa,36.060575,-95.868885,OKR1035901,9/27/2024,10/17/2027,1542,Nonresidential Construction,N,,,,,,,,,,,
2036N2056Z Non-Arterial St Rehab,Becco Contractors Inc,Between E 65th St and S Gary Ave and E 69th St to E 71st St,Tulsa,OK,74136,Tulsa,36.061,-95.9478,OKR1037045,11/3/2025,10/17/2027,1611,Highway And Street Construction,N,,,,,,,,,,,
QuikTrip 0035,QuikTrip Corporation,Northeast of E 71st St S and S 225th East Ave,Broken Arrow,OK,74014,Wagoner,36.0611,-95.7258,OKR1036052,11/17/2024,10/17/2027,1542,Nonresidential Construction,N,,,,,,,,,,,
Oak Wood Villas,Guardian Capital LLC,North of W 71st St and west of S 33rd West Ave,Tulsa,OK,74132,Creek,36.0613998,-96.030252,OKR1035190,2/16/2024,10/17/2027,1521,Single-Family Housing Construction,N,,,,,,,,,,,
Rustling Oak Estates - Blue Chip Land Co LLC,Blue Chip Land Company LLC,N of W 71st St S .4 miles E of  S 129th W Ave,Sapulpa,OK,74066,Creek,36.061667,-96.13,OKR1037554,3/19/2026,10/17/2027,1522,Residential Construction,N,,,,,,,,,,,
North Rose Business Park - Lot 1 and Lot 8,Dunhill Properties Rental LLC,1050 N Birch Ave,Broken Arrow,OK,74012,Tulsa,36.06197,-95.79427,OKR1033896,1/11/2023,10/17/2027,1542,Nonresidential Construction,N,,,,,,,,,,,
AXH Air Coolers Project 97 - South Site,AXH Air Cooler,6800 OK-97,Sapulpa,OK,74066,Creek,36.0621861,-96.1211417,OKR1036351,3/6/2025,10/17/2027,1542,Nonresidential Construction,N,,,,,,,,,,,
Tulsa Hills Marketplace,Mohr Tulsa Marketplace LLC,NW Corner of South Elwood Avenue and West 71st Str,Tulsa,OK,74132,Tulsa,36.0623,-95.9959,OKR1034290,5/18/2023,10/17/2027,1542,Nonresidential Construction,N,,,,,,,,,,,
Second tract North of 71st St and 33rd W Ave,H&M Field Services LLC,West of S 33rd Ave W and 0.2 mi north of W 71st St S,Tulsa,OK,74132,Creek,36.0632732,-96.0299289,OKR1034752,9/14/2023,10/17/2027,1521,Single-Family Housing Construction,N,,,,,,,,,,,
Creekside Villas at Forest Ridge,The Robson Companies,.4 mi east of S 241st East Ave .3 mi north of N 71st St S,Broken Arrow,OK,74014,Wagoner,36.0633,-95.7,OKR1033368,6/28/2023,10/17/2027,1521,Single-Family Housing Construction,N,,,,,,,,,,,
SCHEELS Woodland Hills Mall,Scheels All Sports Inc,6929 South Memorial Drive,Tulsa,OK,74133,Tulsa,36.0634,-95.8843,OKR1033867,12/28/2022,10/17/2027,1542,Nonresidential Construction,N,,,,,,,,,,,
AXH Air Coolers Project 97 - North Site,AXH Air Cooler,6800 OK-97,Sapulpa,OK,74066,Creek,36.0636778,-96.121775,OKR1036350,3/10/2025,10/17/2027,1542,Nonresidential Construction,N,,,,,,,,,,,
Adams Creek Town Center Lot 2,"PDG Adams Creek, LLC",E. Hillside Drive,Broken Arrow,OK,74012,Tulsa,36.0636778,-95.7655194,OKR1038134,9/1/2026,10/17/2027,1542,Nonresidential Construction,N,,,,,,,,,,,
SH97 LAY DOWN YARD,BILLY FRAZIER,6908 OK-97,Sapulpa,OK,74066,Creek,36.0638058,-96.1216878,OKR1035451,6/11/2024,10/17/2027,1542,Nonresidential Construction,N,,,,,,,,,,,
Rustling Oak Estates,Borderline Ranch Inc,.3 miles W of S Hwy 97/S 115th W Ave .2 miles N of W 71st St,Sapulpa,OK,74066,Creek,36.064402,-96.124657,OKR1035735,10/7/2024,10/17/2027,1521,Single-Family Housing Construction,N,,,,,,,,,,,
Adams Creek Town Center,PDG-Broken Arrow LLC,2200 - 2300 E Hillside Drive,Broken Arrow,OK,74012,Tulsa,36.0645972,-95.7641222,OKR1035756,8/16/2024,10/17/2027,1542,Nonresidential Construction,N,,,,,,,,,,,
Ven,"Born Again Restored, LLC",.2 miles East of N Elm Pl N of W Madison St,Broken Arrow,OK,74063,Tulsa,36.0648692,-95.7937433,OKR1037875,6/25/2026,10/17/2027,1542,Nonresidential Construction,N,,,,,,,,,,,
Lynn Oak Apartments,MACO Development Company LLC,1301 North 6th St,Broken Arrow,OK,74012,Tulsa,36.0651318,-95.7827379,OKR1034106,3/16/2023,10/17/2027,1522,Residential Construction,N,,,,,,,,,,,
Structurecrete Headquarters,Structurecrete LLC,.3 mi west of N Aspen Ave .26 mi north of W Kenosha Ct,Broken Arrow,OK,74012,Tulsa,36.0652778,-95.8202778,OKR1036928,9/3/2025,10/17/2027,1542,Nonresidential Construction,N,,,,,,,,,,,
Club CarWash - 8104 E 68th St,Club CarWash Operating LLC,8104 E 68th St,Tulsa,OK,74133,Tulsa,36.0653,-95.8858,OKR1034908,11/13/2023,10/17/2027,1542,Nonresidential Construction,N,,,,,,,,,,,
Aspen Meadows,Case Development LLC,1421 N. Aspen Drive,Broken Arrow,OK,74012,Tulsa,36.065347,-95.8125401,OKR1036496,4/10/2025,10/17/2027,1522,Residential Construction,N,,,,,,,,,,,
Park Place Phase 2 & 3,Rausch Coleman Homes of Tulsa LLC,.4 mi north of E 71st St S .2 mi east of S 257th East Ave,Broken Arrow,OK,74014,Wagoner,36.0659361,-95.6862472,OKR1032740,6/23/2023,10/17/2027,1521,Single-Family Housing Construction,N,,,,,,,,,,,
Park Place Phase 3,Tulsa L Dev LLC,East of S 257th East Ave .3 mi north of E 71st St S,Broken Arrow,OK,74014,Wagoner,36.0659361,-95.6862472,OKR1035554,6/7/2024,10/17/2027,1522,Residential Construction,N,,,,,,,,,,,
SWPA Madrona,Warfeather LLC,6655 S. Lewis,Tulsa,OK,74136,Tulsa,36.0661111,-95.9572222,OKR1033030,5/3/2023,10/17/2027,1542,Nonresidential Construction,N,,,,,,,,,,,
The Farms on Hansen Road,Hansen Road LLC,.4 miles N of E 71st St S E side of N 4150 Rd,Broken Arrow,OK,74014,Wagoner,36.066351,-95.614255,OKR1029301,6/25/2024,10/17/2027,1542,Nonresidential Construction,N,,,,,,,,,,,
0894-1011 Tulsa OK - Pavement Rehabilitation and Remodel,Wal-Mart Real Estate Business Trust,6625 S Memorial Drive,Tulsa,OK,74133,Tulsa,36.066758,-95.883564,OKR1037981,7/20/2026,10/17/2027,1542,Nonresidential Construction,N,,,,,,,,,,,
Creekside at Forest Ridge,The Robson Companies Inc,E Kenosha St & S 249th E Ave,Broken Arrow,OK,74014,Wagoner,36.068043,-95.700752,OKR1032155,8/17/2023,10/17/2027,1521,Single-Family Housing Construction,N,,,,,,,,,,,
ODOT JP 28969 04,Paradigm Construction & Engineering Inc,On N Hwy 10 fro north of E Hanging Rock Rd ext .5 mi,Kansas,OK,74347,Cherokee,36.0681,-94.8821,OKR1035066,1/19/2024,10/17/2027,1611,Highway And Street Construction,N,,,,,,,,,,,
ODOT JP 28969 04,Paradigm Construction & Engineering Inc,On N Hwy 10 fro north of E Hanging Rock Rd ext .5 mi,Kansas,OK,74347,Cherokee,36.0681,-94.8821,OKR1035066,1/19/2024,10/17/2027,1622,"Bridge, Tunnel, & Elevated Highway",N,,,,,,,,,,,
Furniture Row Broken Arrow,Furniture Row,S of Hwy 51 .09 miles E of W Oakland St,Broken Arrow,OK,74012,Tulsa,36.0683564,-95.7924926,OKR1035045,1/2/2024,10/17/2027,1542,Nonresidential Construction,N,,,,,,,,,,,
Ferguson Kia,Brewer Construction Company of Eastern Oklahoma,500 West Oakland Place,Broken Arrow,OK,74012,Tulsa,36.0684889,-95.7935028,OKR1036018,10/31/2024,10/17/2027,1542,Nonresidential Construction,N,,,,,,,,,,,
Solar Turbines,Solar Turbines,4217 W Seattle St,Broken Arrow,OK,74012,Tulsa,36.068611,-95.839166,OKR1035706,8/12/2024,10/17/2027,1542,Nonresidential Construction,N,,,,,,,,,,,
Solar Turbines,Solar Turbines,4217 W Seattle St,Broken Arrow,OK,74012,Tulsa,36.068611,-95.839166,OKR1035706,8/12/2024,10/17/2027,3599,Industrial Machinery,N,,,,,,,,,,,
Emerald Falls V,Emerald Falls Investment Company LLC,.6 miles N of E 71st St S .5 miles E of S 305th E Ave,Coweta,OK,74014,Wagoner,36.0691944,-95.6280361,OKR1033009,6/28/2023,10/17/2027,1521,Single-Family Housing Construction,N,,,,,,,,,,,
Timber Ridge Crossing - Delco Holdings LLC,Delco Holdings LLC,.4 miles S of E Albany Street and W of S 209th E Avenue,Broken Arrow,OK,74014,Wagoner,36.069228,-95.745478,OKR1037539,4/6/2026,10/17/2027,1522,Residential Construction,N,,,,,,,,,,,
"Paragon Films, Inc.",Paragon Films Inc,3500 W Tacoma Street,Broken Arrow,OK,74012,Tulsa,36.069441,-95.827837,OKR1033363,8/29/2023,10/17/2027,3081,Unsupported Plastics Film & Sheet,N,,,,,,,,,,,
Stone Ridge and Elm Drainage Improvements,Sherwood Construction Co Inc,1765 N Juniper Ave,Broken Arrow,OK,74012,Tulsa,36.0694536,-95.8071943,OKR1034179,4/5/2023,10/17/2027,1611,Highway And Street Construction,N,,,,,,,,,,,
United Pentecostals Classroom and Fellowship Hall,United Pentecostals of Broken Arrow,1730 N 9th Street,Broken Arrow,OK,74012,Tulsa,36.069654,-95.781019,OKR1037748,5/8/2026,10/17/2027,1542,Nonresidential Construction,N,,,,,,,,,,,
Jack Wills,Jack Wills Co,.1 miles S of E 63rd Place S and E of S 103rd E Ave,Tulsa,OK,74133,Tulsa,36.0697222,-95.8611111,OKR1036417,4/29/2025,10/17/2027,1542,Nonresidential Construction,N,,,,,,,,,,,
Saint Francis Yale Campus - P6P7 Garage,Saint Francis Health System,6161 South Yale Avenue,Tulsa,OK,74136,Tulsa,36.0719,-95.9179,OKR1036206,1/24/2025,10/17/2027,1542,Nonresidential Construction,N,,,,,,,,,,,
Regent Corner,Regent Bank,603 N Stone Wood Drive,Broken Arrow,OK,74012,Tulsa,36.0730556,-95.7984194,OKR1034741,9/15/2023,10/17/2027,1542,Nonresidential Construction,N,,,,,,,,,,,
Los Rancheros Lots only,Rausch Coleman Homes OKC LLC,".5 mi west of S Brush Creek Rd north of E 44th St; L 1,7, 19",Stillwater,OK,74074,Payne,36.073312,-97.024172,OKR1035882,9/27/2024,10/17/2027,1521,Single-Family Housing Construction,N,,,,,,,,,,,
Emerald Falls Phase 3 and 4,Emerald Falls Investments Company LLC,.1 mi south of E 61st St .2 mi west of N4150 Rd,Broken Arrow,OK,74014,Wagoner,36.074144,-95.621518,OKR1031246,4/20/2023,10/17/2027,6552,Subdividers And Developers,N,,,,,,,,,,,
Villa Square,Gazis LLC,801 E Albany St,Broken Arrow,OK,74012,Tulsa,36.0750139,-95.780856,OKR1038111,8/18/2026,10/17/2027,1542,Nonresidential Construction,N,,,,,,,,,,,
Albany 40,Delco Holding LLC,S of E Albany St/E 61st St and .4 mi W of S 209th E Ave,Broken Arrow,OK,74014,Wagoner,36.075169,-95.751563,OKR1036083,12/17/2024,10/17/2027,1521,Single-Family Housing Construction,N,,,,,,,,,,,
Mission Hills Commercial Corner,EA Schermerhorn Family LLC etal,Northwest of N 7th St and E Albany St,Broken Arrow,OK,74012,Tulsa,36.0758333,-95.7825,OKR1033025,8/3/2023,10/17/2027,1542,Nonresidential Construction,N,,,,,,,,,,,
Scuba Savvy - Savvy Swimmer,Scuba Savvy LLC,2000 E Albany St,Broken Arrow,OK,74012,Tulsa,36.0760944,-95.7667222,OKR1033577,5/2/2023,10/17/2027,1542,Nonresidential Construction,N,,,,,,,,,,,
Highland 55 at Mission Hills,Highland 55 at Mission Hills LLC,.1 mi north of E Albany St .4 mi west of S Lynn Lane Rd,Broken Arrow,OK,74012,Tulsa,36.0761111,-95.7869444,OKR1032512,12/15/2023,10/17/2027,1521,Single-Family Housing Construction,N,,,,,,,,,,,
The Cottages at Battle Creek East and West,BC Land Development Company LLC,1.2 miles S of W Granger St .6 miles W of N 161st E Ave,Broken Arrow,OK,74012,Tulsa,36.077145,-95.807643,OKR1034539,7/12/2023,10/17/2027,1522,Residential Construction,N,,,,,,,,,,,
Fred Johnson Park Rehabilitation,"Magnum Construction, Inc",5631-6099 Riverside Dr,Tulsa,OK,74105,Tulsa,36.077398,-95.982021,OKR1038102,8/20/2026,10/17/2027,1542,Nonresidential Construction,N,,,,,,,,,,,
IDO All-Star 61st St and 169th St,Industrial Developers of Oklahoma,10309 E 61st St,Tulsa,OK,74133,Tulsa,36.078333,-95.8611111,OKR1037657,4/16/2026,10/17/2027,1542,Nonresidential Construction,N,,,,,,,,,,,
Christian Brothers Automotive - Broken Arrow,Christian Brothers Automotive,West of N 23rd St .1 mi north of E Albany St,Broken Arrow,OK,74012,Tulsa,36.0783333,-95.7623333,OKR1035480,5/17/2024,10/17/2027,1542,Nonresidential Construction,N,,,,,,,,,,,
COT - Project 144754,Tri-Star Construction LLC,Between Memorial Dr and S Mingo Ave,Tulsa,OK,74145,Tulsa,36.08061,-95.87695,OKR1037687,4/22/2026,10/17/2027,1542,Nonresidential Construction,N,,,,,,,,,,,
Jim Norton Collision Center,Jim Norton Chevrolet,South of W Albany Dr .1 mi east of N Aspen Ave,Broken Arrow,OK,74012,Tulsa,36.0810889,-95.8139361,OKR1034161,4/3/2023,10/17/2027,1542,Nonresidential Construction,N,,,,,,,,,,,
Stonewall Ranch,Stonewall Ranch LLC,.6 mi north of W 44th St east of S Sangre Rd,Stillwater,OK,74074,Payne,36.0818467,-97.1028394,OKR1036212,1/13/2025,10/17/2027,1521,Single-Family Housing Construction,N,,,,,,,,,,,
AMH HOLDINGS INDUSTRIAL SITE,AMH Holdings LLC,West of S 59 W Ave .1 mi south of W 55th St,Tulsa,OK,74107,Tulsa,36.081889,-96.059556,OKR1036432,3/18/2025,10/17/2027,1541,Industrial Buildings And Warehouses,N,,,,,,,,,,,
ODOT JP 36448 04,Sherwood Construction Co,5577 S 193rd East Ave,Broken Arrow,OK,74014,Tulsa,36.082376,-95.761692,OKR1037537,3/11/2026,10/17/2027,1611,Highway And Street Construction,N,,,,,,,,,,,
The Cedars at the Preserve II,209th Street LLC,.5 mi north of E 61st St S east of S 209th East Ave,Broken Arrow,OK,74014,Wagoner,36.0831389,-95.7431389,OKR1035684,8/2/2024,10/17/2027,1522,Residential Construction,N,,,,,,,,,,,
Centennial Crossing Broken Arrow,Brown and Perkins LLC,.3 miles S of E 51st St S on E side of N Elm Pl,Broken Arrow,OK,74012,Tulsa,36.0844444,-95.7905556,OKR1030173,6/26/2023,10/17/2027,1522,Residential Construction,N,,,,,,,,,,,
Centennial Crossing Broken Arrow,Brown and Perkins LLC,,,,,Tulsa,36.0844444,-95.7905556,OKR1030173,6/26/2023,10/17/2027,1522,Residential Construction,N,,,,,,,,,,,
Battle Creek Mini Storage Phase 3,SOFAT LLC,3000 N Aspen Ave,Broken Arrow,OK,74012,Tulsa,36.0849,-95.818,OKR1033800,12/8/2022,10/17/2027,1542,Nonresidential Construction,N,,,,,,,,,,,
"Pines at the Preserve I, II, III",Pines at the Preserve LLC,.2 miles S of E 51st St S W of S 209th E Ave,Broken Arrow,OK,74014,Wagoner,36.0866667,-95.7469444,OKR1035395,5/22/2024,10/17/2027,1521,Single-Family Housing Construction,N,,,,,,,,,,,
Leinbach Apartments Stuart Tract,Leinbach Company,S side of Omaha St .4 miles W of S 145th E Ave,Tulsa,OK,74012,Tulsa,36.0874,-95.8226861,OKR1030595,9/1/2023,10/17/2027,1542,Nonresidential Construction,N,,,,,,,,,,,
ODOT JP 33036 04,Paradigm Construction & Engineering Inc,Mingo Creek Trail from E 51st St extending south,Tulsa,OK,74147,Tulsa,36.087897,-95.85937,OKR1037385,1/30/2026,10/17/2027,1542,Nonresidential Construction,N,,,,,,,,,,,
The Cedars at the Preserve,209th Street LLC,.2 miles E of S 209th E. Ave S of S. Omaha St.,Broken Arrow,OK,74014,Wagoner,36.0880556,-95.7416667,OKR1031411,6/22/2023,10/17/2027,6552,Subdividers And Developers,N,,,,,,,,,,,
IronWood,IronWood Property Group LLC,Southeast of N Elm Pl and E 51st St,Broken Arrow,OK,74012,Tulsa,36.0886528,-95.8005917,OKR1035624,7/3/2024,10/17/2027,1522,Residential Construction,N,,,,,,,,,,,
US-75 and I-44 Intec Tulsa Mandatory Tie JPNS 33788 08 09 11,Manhattan Road and Bridge,On I-44  from S Elwood Ave to S Union Ave,Tulsa,OK,74107,Tulsa,36.0888299,-96.0066878,OKR1036250,1/24/2025,10/17/2027,1622,"Bridge, Tunnel, & Elevated Highway",N,,,,,,,,,,,
51st Street Omega Self Storage,7626 LLC,7626 E 51st St,Tulsa,OK,74145,Tulsa,36.089104,-95.89023,OKR1035522,6/7/2024,10/17/2027,1542,Nonresidential Construction,N,,,,,,,,,,,
Stone Villa 2nd,Charney Properties,South of W 51st St S .2 miles east of S 129th West Ave,Sand Springs,OK,74063,Tulsa,36.0891667,-96.1319444,OKR1027692,7/10/2023,10/17/2027,1522,Residential Construction,N,,,,,,,,,,,
Frye Farms Phase 2,Rausch Coleman Homes OKC LLC,.2 mi north of W 32nd Ave .1 mi east of S Western Rd,Stillwater,OK,74074,Payne,36.089634,-97.085,OKR1032956,8/9/2023,10/17/2027,1521,Single-Family Housing Construction,N,,,,,,,,,,,
Frye Farms Phase 2,Rausch Coleman Homes OKC LLC,.2 mi north of W 32nd Ave .1 mi east of S Western Rd,Stillwater,OK,74074,Payne,36.089634,-97.085,OKR1032956,8/9/2023,10/17/2027,1522,Residential Construction,N,,,,,,,,,,,
The Cedars at the Preserve - D.R. Horton � Tulsa LLC,D.R. Horton � Tulsa LLC,South of E 51st St S .1 mi east of S 209th E Ave,Broken Arrow,OK,74014,Wagoner,36.08964,-95.741558,OKR1035998,10/22/2024,10/17/2027,1521,Single-Family Housing Construction,N,,,,,,,,,,,
Oakley Properties LLC,Oakley Properties LLC,SE corner of W 51st St S and S 65th W Ave,Tulsa,OK,74107,Tulsa,36.0898,-96.06508,OKR1034785,10/2/2023,10/17/2027,1542,Nonresidential Construction,N,,,,,,,,,,,
Stone Creek Estates IV,Gibson and Powell Investments,5101 S. Everett Dr,Sand Springs,OK,74063,Tulsa,36.089816,-96.122667,OKR1038062,8/19/2026,10/17/2027,1521,Single-Family Housing Construction,N,,,,,,,,,,,
"781 - 51st St, 177th E Ave to 193rd E Ave Widening & 193rd E Ave Roundabout","Becco Contractors, Inc.","51st St, 177th E Ave to 193rd E Ave",Broken Arrow,OK,74012,Tulsa,36.0899653,-95.7704221,OKR1037873,6/15/2026,10/17/2027,1611,Highway And Street Construction,N,,,,,,,,,,,
144017-AE & BA,Becco Contractors Inc,E 51st St - S Mingo Road to S Garnett Rd,Tulsa,OK,74146,Tulsa,36.09,-95.8591667,OKR1036203,1/9/2025,10/17/2027,1611,Highway And Street Construction,N,,,,,,,,,,,
Anthony Lauro Site Tulsa County,Sherwood Construction Co Inc,6253 W. 51st St,Tulsa,OK,74107,Tulsa,36.090178,-96.059716,OKR1036089,11/22/2024,10/17/2027,1542,Nonresidential Construction,N,,,,,,,,,,,
Slim Chickens - Freddys,Barnhart Excavating ,5115 E. 51st St,Tulsa,OK,74135,Tulsa,36.090267,-95.919919,OKR1036019,11/8/2024,10/17/2027,1542,Nonresidential Construction,N,,,,,,,,,,,
Scooters Coffee Broken Arrow,Venture Construction,Northeast Corner of South 145th East Avenue & East,Broken Arrow,OK,74102,Tulsa,36.0903598,-95.81471,OKR1034123,3/23/2023,10/17/2027,1542,Nonresidential Construction,N,,,,,,,,,,,
Park Valley Section 1,IH Development,.3 mi north of W 32nd St .2 mi east of S Western Ave,Stillwater,OK,74074,Payne,36.0913889,-97.0827778,OKR1031836,6/16/2023,10/17/2027,1522,Residential Construction,N,,,,,,,,,,,
Casa Tequila,Casa Tequila LLC,3343 E Skelly Dr,Tulsa,OK,74135,Tulsa,36.0913889,-95.9388889,OKR1034922,11/17/2023,10/17/2027,1542,Nonresidential Construction,N,,,,,,,,,,,
Sherwood Plant Site 2643 � Elwood Yard,Sherwood Construction Company Inc,478 W 51st St,Tulsa,OK,74102,Tulsa,36.0914,-95.99522,OKR1037169,11/19/2025,10/17/2027,1622,"Bridge, Tunnel, & Elevated Highway",N,,,,,,,,,,,
Home 2 Suites-Sunny Investment Properties,Sunny Investment Properties,West of S Yale Ave and north of E 50th St S,Tulsa,OK,74135,Tulsa,36.0918639,-95.9236111,OKR1027144,8/18/2023,10/17/2027,1542,Nonresidential Construction,N,,,,,,,,,,,
Jim Norton T-Town Chevy,Thompson Construction,4922 S Memorial Drive,Tulsa,OK,74145,Tulsa,36.092283,-95.887656,OKR1034628,8/21/2023,10/17/2027,1542,Nonresidential Construction,N,,,,,,,,,,,
South Hudson Substation Expansion,AEP Public Service Company of Oklahoma,5701 E 50th St,Tulsa,OK,74135,Tulsa,36.092357,-95.913713,OKR1036961,9/15/2025,10/17/2027,1542,Nonresidential Construction,N,,,,,,,,,,,
Non-Arterial Street Rehabilitation for Maintenance Zone 5047,R&L Construction LLC,North of E 51st St S and west of S Memorial Dr,Tulsa,OK,74145,Tulsa,36.0925,-95.893253,OKR1034078,3/6/2023,10/17/2027,1611,Highway And Street Construction,N,,,,,,,,,,,
Park Valley Section 3,IH Development,.4 mi north of NW 32nd St and .1 mi east of S Western Rd,Stillwater,OK,74074,Payne,36.0927778,-97.0847222,OKR1034784,9/29/2023,10/17/2027,1521,Single-Family Housing Construction,N,,,,,,,,,,,
Park Valley Section 4,IH Development,NEC of S Western Rd and W 26th Ave,Stillwater,OK,74074,Payne,36.0933333,-97.0863889,OKR1037565,4/9/2026,10/17/2027,1521,Single-Family Housing Construction,N,,,,,,,,,,,
Park Valley Section 2,IH Development,S of W 26th Ave .2 miles E of S Western Rd,Stillwater,OK,74074,Payne,36.0933333,-97.0830556,OKR1033397,6/16/2023,10/17/2027,1521,Single-Family Housing Construction,N,,,,,,,,,,,
The Trails Subdivision,R&L Construction LLC,.2 mi north of W 51st St  .3 mi west of SH 97,Sand Springs,OK,74063,Tulsa,36.093339,-96.12445,OKR1037148,11/20/2025,10/17/2027,1542,Nonresidential Construction,N,,,,,,,,,,,
The Trails Subdivision,R&L Construction LLC,.2 mi north of W 51st St  .3 mi west of SH 97,Sand Springs,OK,74063,Tulsa,36.093339,-96.12445,OKR1037148,11/20/2025,10/17/2027,1521,Single-Family Housing Construction,N,,,,,,,,,,,
Tom Waits Hobby Farm,Tom Waits,7239 S 49th West Ave,Tulsa,OK,74107,Tulsa,36.094321,-96.072727,OKR1034431,6/12/2023,10/17/2027,1521,Single-Family Housing Construction,N,,,,,,,,,,,
Gadwall Substation,Oklahoma Gas and Electric Company,East of N Hwy 77  .6  mi north of E 0640 Rd,Mulhall,OK,73063,Logan,36.096325,-97.394569,OKR1035698,8/1/2024,10/17/2027,1542,Nonresidential Construction,N,,,,,,,,,,,
Wood Systems Inc,Wood Systems Inc,4615 South 49th West Ave,Tulsa,OK,74107,Tulsa,36.0963889,-96.0458333,OKR1036752,7/29/2025,10/17/2027,1542,Nonresidential Construction,N,,,,,,,,,,,
Restaurant Depot,Restaurant Depot Inc,4538 South Sheridan Road,Tulsa,OK,74135,Tulsa,36.097472,-95.905123,OKR1035383,4/18/2024,10/17/2027,1542,Nonresidential Construction,N,,,,,,,,,,,
COT SW Maintenance and Operations Building,Voy Construction,4510 S Elwood Ave,Tulsa,OK,74107,Tulsa,36.097597,-95.99458,OKR1037457,2/27/2026,10/17/2027,1542,Nonresidential Construction,N,,,,,,,,,,,
QuikTrip Store No 0018,QuikTrip Corporation,4544 S 33rd W Ave,Tulsa,OK,74107,Tulsa,36.0982972,-96.0302556,OKR1034996,12/15/2023,10/17/2027,1542,Nonresidential Construction,N,,,,,,,,,,,
Huntington Park Phase II,Lynn Lane 44 LLC,.4 MILES S  OF E 41ST ST .3 MILES E OF S LYNN LANE RD,Tulsa,OK,74012,Tulsa,36.0990986,-95.7734575,OKR1035985,11/8/2024,10/17/2027,1522,Residential Construction,N,,,,,,,,,,,
Sand Springs Self Storage,Billy Frazier,Southeast of S 112th West Ave and west of S Hwy 97,Sand Springs,OK,74063,Tulsa,36.09934,-96.11805,OKR1034148,3/24/2023,10/17/2027,1542,Nonresidential Construction,N,,,,,,,,,,,
Mitchell Road Reconstruction,Rudy Construction,800 S Mitchell Road Mitchell Road between 7th and Conoco Rd,Hennessey,OK,73742,Kingfisher,36.1005556,-97.8902778,OKR1037819,6/4/2026,10/17/2027,1611,Highway And Street Construction,N,,,,,,,,,,,
Honey Springs at Battle Creek - Phase 1,BC Land Development Company LLC,.2 mi south of E 41st St .1 mi east of S 145th East Ave,Broken Arrow,OK,74012,Tulsa,36.102036,-95.81348,OKR1032478,6/16/2023,10/17/2027,1542,Nonresidential Construction,N,,,,,,,,,,,
Hi-Tech Systems New Office,Hi-Tech Systems Inc,7530 W 41st St,Tulsa,OK,74063,Tulsa,36.1021283,-96.0781217,OKR1037230,12/5/2025,10/17/2027,1542,Nonresidential Construction,N,,,,,,,,,,,
Spring Lake Mountain Estates II,Jade Development LLC,.2 miles W of S 137th W Ave S of W 41st St S,Sand Springs,OK,74063,Tulsa,36.1025,-96.1525,OKR1032559,7/7/2023,10/17/2027,1521,Single-Family Housing Construction,N,,,,,,,,,,,
Stephenson Cancer Center,University Hospitals Authority and Trust,4444 E 41st Street,Tulsa,OK,74135,Tulsa,36.103611,-95.9233056,OKR1037383,2/6/2026,10/17/2027,1542,Nonresidential Construction,N,,,,,,,,,,,
Honey Springs II at Battle Creek,Battlecreek Development Company LLC,17698 E 41st St,Broken Arrow,OK,74102,Tulsa,36.1036257,-95.8106735,OKR1037093,10/31/2025,10/17/2027,,,N,,,,,,,,,,,
Honey Springs Commercial Corner,Battlecreek Development Company LLC,Southeast of E 41st St and S 145th East Ave/N Aspen Ave,Broken Arrow,OK,74012,Tulsa,36.1041941,-95.8145822,OKR1036482,4/7/2025,10/17/2027,1542,Nonresidential Construction,N,,,,,,,,,,,
Inola Port Roadway Project,Rogers County District No 3,"From S 4190 Rd and EW 63 Rd, extending EW 63 Rd .2 mi west",Inola,OK,74036,Rogers,36.1044444,-95.5508333,OKR1037724,5/7/2026,10/17/2027,1611,Highway And Street Construction,Y,,,,,,,,,,,
41st and 145th North,"Ridge Developement, LLC",14002 E 41st St S,Tulsa,OK,74134,Wagoner,36.1044556,-95.7286421,OKR1037911,6/26/2026,10/17/2027,1521,Single-Family Housing Construction,N,,,,,,,,,,,
ODOT JP 35940 04,Paragon Contractors LLC,Along W 41st St from SH-97 to S 129th West Ave,Sand Springs,OK,74063,Tulsa,36.104711,-96.127222,OKR1037420,2/24/2026,10/17/2027,1611,Highway And Street Construction,N,,,,,,,,,,,
Toms Outdoor Living,Tom Butchko,1321 W 41st St,Tulsa,OK,74107,Tulsa,36.1048756,-96.0078889,OKR1035130,2/5/2024,10/17/2027,1542,Nonresidential Construction,N,,,,,,,,,,,
"Tradan Heights Estates Sections 1, 2 &3","Tradan Development, LLC",6th Ave and Country Club Rd,Stillwater,OK,74074,Payne,36.1052778,-97.115,OKR1021025,6/20/2023,10/17/2027,6552,Subdividers And Developers,N,,,,,,,,,,,
South Inola Wastewater Treatment Facility - Burns & McDonnell,Burns & McDonnell Engineering Company Inc,.9 miles S of E 620 Rd .6 miles W of  S 4190 Rd,Inola,OK,74036,Rogers,36.1054851,-95.5577734,OKR1035760,8/15/2024,10/17/2027,1541,Industrial Buildings And Warehouses,Y,,,,,,,,,,,
Patterson Farms,RBP Development LLC,North of E 41st St .6 mi east of S 129th East Ave,Tulsa,OK,74134,Tulsa,36.1055556,-95.8222222,OKR1036246,1/27/2025,10/17/2027,1521,Single-Family Housing Construction,N,,,,,,,,,,,
Silverton Estates,North Central Construction,1600 E 16th Avenue,Stillwater,OK,74074,Payne,36.105665,-97.037875,OKR1031966,7/18/2023,10/17/2027,1522,Residential Construction,N,,,,,,,,,,,
Battle Creek Park Phase II,Glenwood Homes LP,N side of E 41st St S .5 miles E of S 145th East Ave,Tulsa,OK,74134,Tulsa,36.1058333,-95.8063889,OKR1030347,11/6/2023,10/17/2027,6552,Subdividers And Developers,N,,,,,,,,,,,
Bridlewood,Premium Land LLC,SE of SH-51 and S Cottonwood Rd,Stillwater,OK,74074,Payne,36.1072,-97.1576,OKR1037750,8/13/2026,10/17/2027,1521,Single-Family Housing Construction,N,,,,,,,,,,,
Arkansas River West Bank Stabilization,Sherwood Construction Company Inc,west bank of the Arkansas River,Tulsa,OK,74102,Tulsa,36.1072694,-95.9896611,OKR1037520,3/5/2026,10/17/2027,1542,Nonresidential Construction,N,,,,,,,,,,,
YMCA Stillwater,Lingo Construction,801 W 12th Ave,Stillwater,OK,74074,Payne,36.1083496,-97.0686943,OKR1037268,12/11/2025,10/17/2027,1542,Nonresidential Construction,N,,,,,,,,,,,
YMCA Stillwater - Lingo Construction,Lingo Construction,799 W 12th Ave,Stillwater,OK,74074,Payne,36.1083496,-97.0686943,OKR1037766,5/20/2026,10/17/2027,1542,Nonresidential Construction,N,,,,,,,,,,,
Ripley-Stillwater Electric Transmission Line Reconstruction,KAMO Electric Cooperative Inc dba KAMO Power,From S of E 6th Ave .5 mi E of S Fairgrounds SE to S Prairie,Stillwater,OK,74074,Payne,36.109,-96.904,OKR1036358,2/26/2025,10/17/2027,1623,"Water, Sewer, And Utility Lines",N,,,,,,,,,,,
City of Tulsa - Rogers County Port Authority Site Grading,"Sherwood Construction Company, Inc.",S 4190 Rd .33 north of E 630 Rd,Inola,OK,74036,Rogers,36.1090306,-95.5447944,OKR1037862,6/10/2026,10/17/2027,1542,Nonresidential Construction,Y,,,,,,,,,,,
The Crossing at Battle Creek Phase 6-7,Tulsa L Dev LLC,.3 mi north of E 41st St .8 mi east of S 145th Ave,Tulsa,OK,74134,Tulsa,36.110022,-95.80173,OKR1037614,4/6/2026,10/17/2027,1521,Single-Family Housing Construction,N,,,,,,,,,,,
The Crossing at Battle Creek 6,Rausch Coleman Homes of Tulsa LLC,SE/4 Section 22 T19N 14E,Tulsa,OK,74134,Tulsa,36.1111111,-95.80675,OKR1031874,8/17/2023,10/17/2027,1522,Residential Construction,N,,,,,,,,,,,
Ripley Energy Center,Overland Contracting Inc,10909 E 6th Ave,Stillwater,OK,74074,Payne,36.111589,-96.904675,OKR1035832,9/12/2024,10/17/2027,1542,Nonresidential Construction,N,,,,,,,,,,,
Wagon Wheel Phase 1 of Section 20,Wagon Wheel Development,"East of S Brush Creek Rd, 0.5 mi north of E 19th St &",Stillwater,OK,74074,Payne,36.111604,-97.015063,OKR1034204,4/6/2023,10/17/2027,1522,Residential Construction,N,,,,,,,,,,,
Tulsa Tech Center Lemley Campus,Flintco,3420 S Memorial Drive,Tulsa,OK,74145,Tulsa,36.1118,-95.889,OKR1036680,7/1/2025,10/17/2027,1542,Nonresidential Construction,N,,,,,,,,,,,
Angels Pet Funeral Home,Angels Pet Funeral Home and Crematory LLC,6589 E Broken Arrow Expressway Frontage Rd South,Tulsa,OK,74135,Tulsa,36.1119083,-95.9009,OKR1026046,8/1/2023,10/17/2027,1542,Nonresidential Construction,N,,,,,,,,,,,
Highland Park Villas,Tekton Homes LLC,.1 mi east of of S Yale Ave north of E 36th St,Tulsa,OK,74136,Tulsa,36.1121083,-95.9203417,OKR1036372,3/6/2025,10/17/2027,1521,Single-Family Housing Construction,N,,,,,,,,,,,
Whiskey Ridge Phase III,Whiskey Ridge LLC,S 193rd E of County Line Rd and 1800 feet south of,Broken Arrow,OK,74014,Wagoner,36.1129139,-95.7596333,OKR1037441,2/25/2026,10/17/2027,1521,Single-Family Housing Construction,N,,,,,,,,,,,
"Hicks Park, Parking Lot and Drive Improvements",Daris Contractors LLC,3443 S. Mingo Road,Tuls,OK,74146,Tulsa,36.1133794,-95.8672791,OKR1037922,7/28/2026,10/17/2027,1611,Highway And Street Construction,N,,,,,,,,,,,
Westwood Square,"Silver Star Construction Company., Inc",4999 W 6th Ave,Stillwater,OK,74074,Payne,36.1135152,-97.1245832,OKR1038139,9/1/2026,10/17/2027,1522,Residential Construction,N,,,,,,,,,,,
Clyde Boyd Site Improvements,LD Kerns Contractors,305 West 35th Street,Sand Springs,OK,74063,Tulsa,36.113609,-96.127666,OKR1035583,6/20/2024,10/17/2027,1611,Highway And Street Construction,N,,,,,,,,,,,
SMC Parking Lot - 721 S Stanley Street,Lambert Construction,721 S Stanley St,Stillwater,OK,74074,Payne,36.113649,-97.074609,OKR1035678,8/8/2024,10/17/2027,1542,Nonresidential Construction,N,,,,,,,,,,,
MAGNOLIA RIDGE III,Kerns Construction,702 S Jardot Rd,Stillwater,OK,74074,Payne,36.114003,-97.0338334,OKR1036863,8/28/2025,10/17/2027,1522,Residential Construction,N,,,,,,,,,,,
"SMC Parking Lot 7th and Adams, 8th and Blakely",Lambert Construction,1201 W 8th Ave,Stillwater,OK,74075,Payne,36.114252,-97.073094,OKR1037946,7/1/2026,10/17/2027,1542,Nonresidential Construction,N,,,,,,,,,,,
C-Star Duplexes,C-Star Construction Services,5599 W 6th Ave,Stillwater,OK,74074,Payne,36.114411,-97.133072,OKR1036569,5/12/2025,10/17/2027,1521,Single-Family Housing Construction,N,,,,,,,,,,,
Bridge Rehabilitation over S Mingo Road Tulsa County,Bright Lighting ,On S Mingo Rd .3 miles S of E 31st St,Tulsa,OK,74146,Tulsa,36.11467,-95.8687,OKR1035233,3/22/2024,10/17/2027,1611,Highway And Street Construction,N,,,,,,,,,,,
Wagon Wheel Wind Project,Wagon Wheel Wind Project LLC,Between Hwy 164 and Hwy 74C and between I-35 and N 2950 Rd,Mulhall,OK,73063,Garfield,36.1154,-97.4598,OKR1035164,2/13/2024,10/17/2027,1542,Nonresidential Construction,N,,,,,,,,,,,
Wagon Wheel Wind Project - Blattner Energy Inc,Blattner Energy Inc,Btwn N Douglas Blvd and 126th St and btwn E Lucien Rd and W,Mulhall,OK,73063,Garfield,36.1154,-97.4598,OKR1035485,6/6/2024,10/17/2027,1542,Nonresidential Construction,N,,,,,,,,,,,
Ortho Center of Excellence,Stillwater Medical Center,1101 W 6th Ave,Stillwater,OK,74074,Payne,36.1154768,-97.0722189,OKR1036199,1/8/2025,10/17/2027,1542,Nonresidential Construction,N,,,,,,,,,,,
ODOT JP 31821 04,Haskell Lemon Group LLC,Intersection of I-35 and SH-51,Orlando,OK,73073,Logan,36.1156143,-97.3699164,OKR1038091,8/14/2026,10/17/2027,1611,Highway And Street Construction,N,,,,,,,,,,,
The Brook,3237 S Peoria Ave LLC,3237 S Peoria Ave,Tulsa,OK,74105,Tulsa,36.1156417,-95.9753333,OKR1037900,6/24/2026,10/17/2027,1542,Nonresidential Construction,N,,,,,,,,,,,
Settlers Hill Phase 1,Flat Top Development LLC,SW corner of E 31st Street S and 177th E Ave,Tulsa,OK,74134,Tulsa,36.115658,-95.782311,OKR1033747,11/16/2022,10/17/2027,1521,Single-Family Housing Construction,N,,,,,,,,,,,
ODOT JP 30447 07,Haskell Lemon Group LLC,On SH-51 from west of County Line Rd ext 5.1 mi east,Marshall,OK,73056,Kingfisher,36.1161,-97.6306,OKR1036318,2/18/2025,10/17/2027,1611,Highway And Street Construction,N,,,,,,,,,,,
Stillwater Sidewalk Project,SAC Services Inc,SH-51 from Jardot Road. to Brushy Creek Road,Stillwater,OK,74074,Payne,36.1161111,-97.024625,OKR1037860,9/2/2026,10/17/2027,1611,Highway And Street Construction,N,,,,,,,,,,,
Payne County Facility,Atlas Asphalt Products Inc,.3 mi west of S Ripley Rd south of E 6th Ave,Stillwater,OK,74074,Payne,36.116638,-96.914622,OKR1036514,4/16/2025,10/17/2027,1542,Nonresidential Construction,N,,,,,,,,,,,
Sofidel,Wieland,16400 E 620 Rd,Inola,OK,74036,Rogers,36.116775,-95.548724,OKR1037315,12/31/2025,10/17/2027,1541,Industrial Buildings And Warehouses,N,,,,,,,,,,,
Stillwater to Ramsey Transmission Line Rebuild,KAMO Electric Cooperative Inc,Begin N of E 6th Ave .4 miles E of S Fairgrounds Rd ext S,Stillwater,OK,74074,Payne,36.117,-96.989,OKR1036701,6/26/2025,10/17/2027,1623,"Water, Sewer, And Utility Lines",N,,,,,,,,,,,
Rivercrest,Concept Builders,.2 mi north of W 34th St S .1 mi east of S 113th West Ave,Sand Springs,OK,74063,Tulsa,36.117244,-96.117381,OKR1034136,4/3/2023,10/17/2027,1522,Residential Construction,N,,,,,,,,,,,
Rivercrest,Concept Builders,.2 mi north of W 34th St S .1 mi east of S 113th West Ave,Sand Springs,OK,74063,Tulsa,36.117244,-96.117381,OKR1034136,4/3/2023,10/17/2027,1521,Single-Family Housing Construction,N,,,,,,,,,,,
Petes Subdivision,Country Rentals,N of E 6th Ave .1 miles W of S Union Rd,Stillwater,OK,74075,Payne,36.117362,-96.96386,OKR1036153,12/13/2024,10/17/2027,1522,Residential Construction,N,,,,,,,,,,,
EHC Stillwater,Jason Mills,SH51 WEST OF COTTONWOOD ROAD,Stillwater,OK,74074,Payne,36.117872,-97.160366,OKR1037817,7/14/2026,10/17/2027,1542,Nonresidential Construction,N,,,,,,,,,,,
Scissortail Country Estates,Patrick Carter,3206 273RD EAST AVE,Broken Arrow,OK,74014,Wagoner,36.1181855,-95.6748602,OKR1035333,4/16/2024,10/17/2027,1521,Single-Family Housing Construction,N,,,,,,,,,,,
Quiktrip Store No 0039,Quiktrip Corporation,3104 S Yale Ave,Tulsa,OK,74135,Tulsa,36.118558,-95.92278,OKR1033366,6/19/2023,10/17/2027,1542,Nonresidential Construction,N,,,,,,,,,,,
Tri Delta,Lambert Construction,1506 West 3rd Ave,Stillwater,OK,74074,Payne,36.118709,-97.076827,OKR1037354,5/6/2026,10/17/2027,1542,Nonresidential Construction,N,,,,,,,,,,,
Pelican Point,Brian Builds LLC,Southeast of Eagle Dr and Pelican Point Pl,Mannford,OK,74044,Creek,36.118955,-96.325511,OKR1035622,6/28/2024,10/17/2027,1521,Single-Family Housing Construction,N,,,,,,,,,,,
Pistol Ridge,KW Development LLC,West of S Union Rd .25 mi north of E 6th Ave,Stillwater,OK,74075,Payne,36.12015,-96.962088,OKR1037688,5/1/2026,10/17/2027,1542,Nonresidential Construction,N,,,,,,,,,,,
Bridge 232A Over Beryhill Creek,Daris Contractors ,S. 57th W. Ave,Tulsa,OK,74017,Tulsa,36.1215133,-96.0562707,OKR1037291,12/10/2025,10/17/2027,,,N,,,,,,,,,,,
ODOT JP 31091 04,C3 Construction Inc,site 1 on Hwy 69 .2 miles S of E 650 Rd,Chouteau,OK,74337,Mayes,36.121528,-95.357361,OKR1037075,12/15/2025,10/17/2027,1622,"Bridge, Tunnel, & Elevated Highway",N,,,,,,,,,,,
Family Safety Center,Family Safety Center,2829 S Sheridan Rd,Tulsa,OK,74129,Tulsa,36.1219222,-95.9033667,OKR1035971,10/18/2024,10/17/2027,1542,Nonresidential Construction,N,,,,,,,,,,,
Seiling II Wind ST Repower,NextEra Energy,Between N 2310 Rd and N 2210 Rd and between E 0560 Rd,Seiling,OK,73663,Dewey,36.122419,-98.991734,OKR1035730,8/12/2024,10/17/2027,1623,"Water, Sewer, And Utility Lines",N,,,,,,,,,,,
Seiling II Wind Repower,NextEra Energy - Seiling II Wind Repower,61495 N 2250 Rd Btwn N 2210 Rd,Seiling,OK,73663,Dewey,36.122419,-98.991734,OKR1035961,10/14/2024,10/17/2027,1623,"Water, Sewer, And Utility Lines",N,,,,,,,,,,,
Seiling I Wind Repower,NextEra Energy,61495 N 2250 Rd Between Hwy 60/E600 Rd and,Seiling,OK,73663,Dewey,36.122497,-98.991483,OKR1035895,9/26/2024,10/17/2027,1623,"Water, Sewer, And Utility Lines",N,,,,,,,,,,,
CAP26-0015 Canton WMA Shooting Range,Diversified Construction of Oklahoma,61500 Thunder Rd,Longdale,OK,73755,Blaine,36.1231639,-98.5699333,OKR1037014,9/25/2025,10/17/2027,1542,Nonresidential Construction,N,,,,,,,,,,,
The West Meadow at Berryhill Creek,Berryhill Creek Development ,Unaddressed tract near S 65th W Ave,Tulsa,OK,74107,Tulsa,36.1245004,-96.0641908,OKR1037869,6/18/2026,10/17/2027,1522,Residential Construction,N,,,,,,,,,,,
Butterfield Lake Estates at Mannford,REI Construction LLC,3300 W 31st Street South,Mannford,OK,74044,Creek,36.12502,-96.36331,OKR1038056,8/7/2026,10/17/2027,1521,Single-Family Housing Construction,N,,,,,,,,,,,
Black Fox Creek Remediation,Black Fox Ranch LLC,3495 Highway 10,Kansas,OK,74347,Cherokee,36.1250833,-94.8099389,OKR1021299,8/27/2024,10/17/2027,1542,Nonresidential Construction,Y,,,,,,,,,,,
OSU DASNR New Frontiers Ag Hall,Oklahoma State University,338 N Monroe St,Stillwater,OK,74074,Payne,36.1252778,-97.0713889,OKR1032051,5/15/2023,10/17/2027,1542,Nonresidential Construction,N,,,,,,,,,,,
ODOT JP 26301 05 06 09 & ODOT JP 36325 04 Off Site Waste Area,Sherwood Construction Co Inc,.4 mi south of W 21st St S west of S 49th West Ave,Tulsa,OK,74107,Tulsa,36.127386,-96.048302,OKR1035252,3/18/2024,10/17/2027,1542,Nonresidential Construction,N,,,,,,,,,,,
Gilcrease Borrow South,Sherwood Construction Co Inc,2324 S 49th W Ave,Tulsa,OK,74107,Tulsa,36.1282222,-96.0493056,OKR1030767,5/8/2023,10/17/2027,1622,"Bridge, Tunnel, & Elevated Highway",N,,,,,,,,,,,
Cowboy Camp RV Park,KCR Cowboy Camp LLC,522 N Perkins Rd,Stillwater,OK,74075,Payne,36.128516,-97.052949,OKR1032802,5/8/2023,10/17/2027,1542,Nonresidential Construction,N,,,,,,,,,,,
Big 5 Investments,Big 5 Investments,2323 S 49th W Ave,Tulsa,OK,74107,Tulsa,36.1291667,-96.0505556,OKR1031847,10/18/2023,10/17/2027,1542,Nonresidential Construction,N,,,,,,,,,,,
Sherwood Plant Site - 2701 23rd St Yard,Sherwood Construction Company Inc,2347 Southwest Blvd,Tulsa,OK,74107,Tulsa,36.129176,-96.0078617,OKR1037170,11/20/2025,10/17/2027,1622,"Bridge, Tunnel, & Elevated Highway",N,,,,,,,,,,,
F William Weber Leadership Campus Master Plan,"Webco Industries, Inc.",13301 W Hwy 51,Sand Springs,OK,74063,Tulsa,36.129214,-96.141326,OKR1032468,8/30/2023,10/17/2027,1542,Nonresidential Construction,N,,,,,,,,,,,
Case Park Road and 9 Acre Site,Shrum Excavation Co Inc,South of railroad tracks just W of SH-97 on Wilson Ave,Sand Springs,OK,74063,Tulsa,36.1294444,-96.1183333,OKR1034239,4/25/2023,10/17/2027,1611,Highway And Street Construction,N,,,,,,,,,,,
Temple Israel,Temple Israel,2004 E 22nd Pl,Tulsa,OK,74114,Tulsa,36.130243,-95.9641384,OKR1037382,1/30/2026,10/17/2027,1542,Nonresidential Construction,N,,,,,,,,,,,
OSU Boone Pickens Human Performance Innovation Complex,Manhattan Construction Company,705 W McElroy Rd,Stillwater,OK,74075,Payne,36.130272,-97.066187,OKR1037150,12/22/2025,10/17/2027,1542,Nonresidential Construction,N,,,,,,,,,,,
Prattville to Sand Springs Transmission Line Rebuild,Public Service Company of Oklahoma,Begin .2 miles S of E Morrow Rd .1 miles E of S Main St ext,Prattville,OK,74063,Tulsa,36.130457,-96.108247,OKR1035579,6/26/2024,10/17/2027,1542,Nonresidential Construction,N,,,,,,,,,,,
Hosanna Church New Building,Seth Mathis,418 E McElroy Rd,Stillwater,OK,74075,Payne,36.13092,-97.05398,OKR1037105,11/19/2025,10/17/2027,1542,Nonresidential Construction,N,,,,,,,,,,,
ODOT JP 26505 04,Sherwood Construction Co Inc,SH-97 from W 2nd St to approx. 0.1 mi south of S Main St,Sand Springs,OK,74063,Tulsa,36.1309533,-96.1163392,OKR1034684,8/24/2023,10/17/2027,1611,Highway And Street Construction,N,,,,,,,,,,,
Hwy 51 Property,Richard Peek,2320 S 241st W Ave,Sand Springs,OK,74063,Tulsa,36.131,-96.261692,OKR1026841,5/22/2023,10/17/2027,1542,Nonresidential Construction,N,,,,,,,,,,,
WOODWARD PARK IMPROVEMENTS,JONESPLAN LLC,2435 S PEORIA,Tulsa,OK,74114,Tulsa,36.1319479,-95.9736872,OKR1036237,2/13/2025,10/17/2027,1542,Nonresidential Construction,N,,,,,,,,,,,
Sheffield Crossing - MF Legacy Holdings,MF Legacy Holdings LLC,NE of Huskey Ave .1 miles S of Morrow Rd,Sand Springs,OK,74063,Tulsa,36.132025,-96.1184278,OKR1037495,3/2/2026,10/17/2027,1542,Nonresidential Construction,N,,,,,,,,,,,
Guava Substation,AEP Public Service Company of Oklahoma,32500 S 4200 Rd,Inola,OK,74036,Mayes,36.132393,-95.551664,OKR1037353,1/12/2026,10/17/2027,1541,Industrial Buildings And Warehouses,N,,,,,,,,,,,
ODOT OSU Multipurpose Facility,Midtown Construction Services LLC,Corner of W Tyler Ave and N McDonald St,Stillwater,OK,74078,Payne,36.1324175,-97.0799173,OKR1037857,6/16/2026,10/17/2027,1542,Nonresidential Construction,N,,,,,,,,,,,
Sheffield Crossing Phase 2,Shrum Excavation Co Inc,S of W Morrow Rd .1 miles W of Hwy 97,Sand Springs,OK,74063,Tulsa,36.1333,-96.118,OKR1032577,9/12/2023,10/17/2027,1542,Nonresidential Construction,N,,,,,,,,,,,
Sheffield Crossing Phase 2,Shrum Excavation Co Inc,S of W Morrow Rd .1 miles W of Hwy 97,Sand Springs,OK,74063,Tulsa,36.1333,-96.118,OKR1032577,9/12/2023,10/17/2027,1622,"Bridge, Tunnel, & Elevated Highway",N,,,,,,,,,,,
New Mannford Ramp,City of Mannford,Keystone Lake Recreation Area,Mannford,OK,74044,Creek,36.1336111,-96.3458333,OKR1031147,6/23/2023,10/17/2027,1542,Nonresidential Construction,N,,,,,,,,,,,
Centennial Plaza,7626 LLC,1901 S Yale Ave,Tulsa,OK,74112,Tulsa,36.134,-95.9194528,OKR1036270,2/7/2025,10/17/2027,1542,Nonresidential Construction,N,,,,,,,,,,,
Chandler Park Nature Trail,Lyle Building Group,Trail .05 mi north of 6500 W 21st St,Tulsa,OK,74107,Tulsa,36.1341,-96.0675001,OKR1036150,12/16/2024,10/17/2027,1542,Nonresidential Construction,N,,,,,,,,,,,
Eastland Apartments,Eastland Apartments LP,13895 E 21st Street,Tulsa,OK,74108,Tulsa,36.134341,-95.8225791,OKR1036281,2/26/2025,10/17/2027,1522,Residential Construction,N,,,,,,,,,,,
Anthem Northern T-Line Clearing,AEP Public Service Company of Oklahoma,From W of Creek Tpke N on 21st St N 3.2 miles to S 4090 Rd,Catoosa,OK,74015,Wagoner,36.134612,-95.737807,OKR1036177,12/30/2024,10/17/2027,1542,Nonresidential Construction,N,,,,,,,,,,,
Gatusi Substation,AEP Public Service Company of Oklahoma,.9 mi south of E 11th St .3 mi west of Creek Tpke N,Catoosa,OK,74015,Wagoner,36.134612,-95.737807,OKR1036178,1/2/2025,10/17/2027,1542,Nonresidential Construction,N,,,,,,,,,,,
Wal Mart 0838-1006 Sand Springs OK Pavement Rehabilitation,Wal-Mart Stores East LP,220 S State Highway 97,Sand Springs,OK,74063,Tulsa,36.135081,-96.120417,OKR1036580,5/15/2025,10/17/2027,1542,Nonresidential Construction,N,,,,,,,,,,,
Non-Art St Rehab and Water Line Replacement - Maintenance Zone 4021,Crossland Heavy Contractors Inc,1207 S Wheeling Ave,Tulsa,OK,74104,Tulsa,36.135222,-95.960472,OKR1037788,5/20/2026,10/17/2027,1611,Highway And Street Construction,N,,,,,,,,,,,
Congregation B nai Emunah Parking Lot Improvements,Congregation B'nai Emunah,1719 S Owasso Ave,Tulsa,OK,74120,Tulsa,36.137459,-95.976206,OKR1033728,11/23/2022,10/17/2027,1542,Nonresidential Construction,N,,,,,,,,,,,
SPS High School Phase 1,CMS Willowbrook Inc,410 West Franklin Lane,Stillwater,OK,74075,Payne,36.1378764,-97.0635394,OKR1035322,4/2/2024,10/17/2027,1542,Nonresidential Construction,N,,,,,,,,,,,
Expo Square RV Park Improvements,Crossland Construction Co Inc,4145 E 21st Street,Tulsa,OK,74114,Tulsa,36.138613,-95.934209,OKR1037335,1/30/2026,10/17/2027,1542,Nonresidential Construction,N,,,,,,,,,,,
Conrads Roofing HQ,Conrad Roofing Inc,1600 S Sheridan Road,Tulsa,OK,74112,Tulsa,36.1387198,-95.905552,OKR1036276,2/5/2025,10/17/2027,1541,Industrial Buildings And Warehouses,N,,,,,,,,,,,
City of Tulsa Non-Arterial Street Rehab MZ 6028-E Project 144628-E,Becco Contractors Inc,Neighborhood streets between E 15th St and E 21st St and,Tulsa,OK,74128,Tulsa,36.138776,-95.838,OKR1036294,2/10/2025,10/17/2027,1611,Highway And Street Construction,N,,,,,,,,,,,
City of Tulsa 153120-C3 T02,Ellsworth Construction,From S Memorial Dr and E 16th St ext northeast 180 feet,Tulsa,OK,74112,Tulsa,36.1394,-95.8865,OKR1035184,2/15/2024,10/17/2027,1611,Highway And Street Construction,N,,,,,,,,,,,
1535 South Memorial Drive Self Storage,SafeStor LLC,1535 South Memorial Drive,Tulsa,OK,74112,Tulsa,36.1394,-95.886,OKR1034445,6/23/2023,10/17/2027,1542,Nonresidential Construction,N,,,,,,,,,,,
Midtown Industrial Park,Teetime Development LLC,6240 East 15th Street,Tulsa,OK,74112,Tulsa,36.140527,-95.907372,OKR1035866,9/19/2024,10/17/2027,1542,Nonresidential Construction,N,,,,,,,,,,,
COT Project 144017-S TMUA-W 16-32,Becco Contractors Inc,East 15th St from S Lewis Ave to S Harvard Ave,Tulsa,OK,74014,Tulsa,36.1406,-95.9581,OKR1035957,10/18/2024,10/17/2027,1611,Highway And Street Construction,N,,,,,,,,,,,
Eden Village of Tulsa,McGuire Brothers Construction Inc,1201 S 61st W Ave,Tulsa,OK,74127,Tulsa,36.1432417,-96.0603417,OKR1034128,3/16/2023,10/17/2027,1521,Single-Family Housing Construction,N,,,,,,,,,,,
Grand Mental Health,Lambert Construction Company,1060 East Knotts Ave,Stillwater,OK,74075,Payne,36.1438889,-97.0480556,OKR1034859,11/15/2023,10/17/2027,1542,Nonresidential Construction,N,,,,,,,,,,,
Chick-fil-A - Tulsa (Hwy 64 & S Utica Ave) OK #5429,Chick-fil-A Inc,NWC of E 13th Place and S Utica Ave,Tulsa,OK,74120,Tulsa,36.144117,-95.967872,OKR1035259,3/18/2024,10/17/2027,1542,Nonresidential Construction,N,,,,,,,,,,,
ODOT JP 30370 04,Robinson Construction LLC,On SH-82 from Cherokee Turnpike ext 6.9 mi south,Peggs,OK,74452,Cherokee,36.14413,-95.15695,OKR1037540,3/16/2026,10/17/2027,1542,Nonresidential Construction,Y,,,,,,,,,,,
COT 144017-W Utica Ave 11th St to15th St,Becco Contractors Inc,"Utica Ave, 11th St to 15th St",Tulsa,OK,74104,Tulsa,36.1442135,-95.9671753,OKR1037387,1/26/2026,10/17/2027,1611,Highway And Street Construction,N,,,,,,,,,,,
Parking Lot Improvement for First Methodist Church Tulsa,Integra Concrete,1102 South Boulder Ave,Tulsa,OK,74119,Tulsa,36.1452722,-95.9890472,OKR1035740,9/20/2024,10/17/2027,1542,Nonresidential Construction,N,,,,,,,,,,,
Spunky Creek Interceptor East Branch Contract No1,Timber Wolf Excavating LLC,21134 E 11th St,Tulsa,OK,74015,Wagoner,36.146049,-95.741681,OKR1037247,12/15/2025,10/17/2027,1542,Nonresidential Construction,N,,,,,,,,,,,
Big Tree RV Park,Crystal River Asset Management,810 S 65th West Avenue,Tulsa,OK,74127,Tulsa,36.1465,-96.0664,OKR1035305,4/5/2024,10/17/2027,1542,Nonresidential Construction,N,,,,,,,,,,,
OSU Medical Center Parking Garage,Flintco LLC,744 West 9th Street,Tulsa,OK,74127,Tulsa,36.1465222,-95.9988,OKR1035030,1/5/2024,10/17/2027,1542,Nonresidential Construction,N,,,,,,,,,,,
Timberline Reserve,Timberland Investments LLC,15216 E LAKEVIEW RD,Glencoe,OK,74032,Payne,36.14657,-96.84152,OKR1036563,5/7/2025,10/17/2027,1522,Residential Construction,N,,,,,,,,,,,
OSU MC CHS Pharmaceutical Research and Medical Science Addition,Flintco LLC,744 W 9th St,Tulsa,OK,74127,Tulsa,36.1472222,-95.9997222,OKR1035907,10/4/2024,10/17/2027,1542,Nonresidential Construction,N,,,,,,,,,,,
Stratford Ridge I,Stratford Ridge LLC,.4 mi east of S 161st East Ave south of E 11th St,Tulsa,OK,74108,Tulsa,36.1472222,-95.7902778,OKR1033140,7/15/2023,10/17/2027,1521,Single-Family Housing Construction,N,,,,,,,,,,,
Project Anthem - OKT Tulsa Datacenter,Fortis Construction Inc,21304 E 11th St,Catoosa,OK,74015,Wagoner,36.1474283,-95.735241,OKR1037370,1/20/2026,10/17/2027,1541,Industrial Buildings And Warehouses,N,,,,,,,,,,,
Project Anthem Off-site,JE Dunn Construction Company,S of E 11th Street & .2 miles W of Creek Turnpike S,Tulsa,OK,74015,Wagoner,36.147535,-95.735484,OKR1036347,2/25/2025,10/17/2027,1542,Nonresidential Construction,N,,,,,,,,,,,
ODOT JP 34067 04,Daris Contractors LLC,702 N 81st W Ave,Tulsa,OK,74127,Tulsa,36.1480575,-96.0913974,OKR1037445,4/3/2026,10/17/2027,1611,Highway And Street Construction,N,,,,,,,,,,,
66 Crossing,Tulsa L Dev LLC,North of E 11th St .3 mi west of S 193rd East Ave,Tulsa,OK,74108,Tulsa,36.1480917,-95.7671806,OKR1036804,8/1/2025,10/17/2027,1521,Single-Family Housing Construction,N,,,,,,,,,,,
Veterans Hospital in Tulsa,The Anne & Henry Zarrow Foundation Veterans Hospital in Tulsa,440 South Houston Avenue,Tulsa,OK,74127,Tulsa,36.14909,-95.99947,OKR1037305,1/20/2026,10/17/2027,1542,Nonresidential Construction,N,,,,,,,,,,,
Oklahoma Psychiatric Care Center,Crossland Construction Company Inc,396 South Houston Avenue West,Tulsa,OK,74127,Tulsa,36.1494444,-96.0004167,OKR1035039,1/2/2024,10/17/2027,1542,Nonresidential Construction,N,,,,,,,,,,,
OSU-CHS VA Parking Garage,Crossland Construction Company Inc,390 South Houston Avenue West,Tulsa,OK,74127,Tulsa,36.1497,-95.9996,OKR1036128,12/16/2024,10/17/2027,1542,Nonresidential Construction,N,,,,,,,,,,,
771 - 144017-AO and 144019-6B - Detroit Ave and Archer St to 13th St,Becco Contractors Inc,On S Detroit Ave from E Archer St to E 13th St,Tulsa,OK,74013,Tulsa,36.151737,-95.9859948,OKR1037556,3/16/2026,10/17/2027,1611,Highway And Street Construction,N,,,,,,,,,,,
Hidden Meadows,Hensley Development Group LLC,.2 mi west of S 193rd East Ave .3 mi north of E 11th St,Tulsa,OK,74108,Tulsa,36.151942,-95.765042,OKR1037406,2/5/2026,10/17/2027,1522,Residential Construction,N,,,,,,,,,,,
Loves Travel Stop and Country Store - Sand Springs,Loves Travel Stops,Northeast of S 209th West Ave and Keystone Expy,Sand Springs,OK,74063,Tulsa,36.1523654,-96.2257013,OKR1037552,3/20/2026,10/17/2027,1542,Nonresidential Construction,N,,,,,,,,,,,
Deer Hill,MEH Real Estate LLC,East of S 81st West Ave .3 mi north of W 7th St,Tulsa,OK,74127,Tulsa,36.1525,-96.0822222,OKR1036638,6/4/2025,10/17/2027,1521,Single-Family Housing Construction,N,,,,,,,,,,,
Collett - Phase 1 Site,Ridge Development LLC,W of S 145th E Ave .5 miles S of E Admiral Pl,Tulsa,OK,74108,Tulsa,36.152736,-95.81826,OKR1037635,4/14/2026,10/17/2027,1521,Single-Family Housing Construction,N,,,,,,,,,,,
The Pearl,Peoria Management LLC,555 South Peoria Ave,Tulsa,OK,74120,Tulsa,36.1529,-95.975,OKR1038067,8/14/2026,10/17/2027,1542,Nonresidential Construction,N,,,,,,,,,,,
ODOT JP 30367 04,Sherwood Construction Co Inc,2nd Street Ramp over I-244 and Heavy Traffic Way,Tulsa,OK,74127,Tulsa,36.1530974,-96.0020369,OKR1037274,12/16/2025,10/17/2027,1622,"Bridge, Tunnel, & Elevated Highway",N,,,,,,,,,,,
Childress Industrial Park Lots 24-28,Clayton Payne,3003 N Park Drive,Stillwater,OK,74075,Payne,36.153209,-97.054998,OKR1034742,9/25/2023,10/17/2027,1542,Nonresidential Construction,N,,,,,,,,,,,
Will Rogers Stadium Visitors Addition,Tulsa Public Schools,3909 East 5th Place,Tulsa,OK,74112,Tulsa,36.1537,-95.936,OKR1034331,6/6/2023,10/17/2027,1542,Nonresidential Construction,N,,,,,,,,,,,
Indian Health Care Resource Center Phase II Building Expansion,Indian Health Care Resource Center of Tulsa,530 S Peoria Ave                      Between E 5th St S and,Tulsa,OK,74120,Tulsa,36.154174,-95.976543,OKR1034021,2/22/2023,10/17/2027,1542,Nonresidential Construction,N,,,,,,,,,,,
Pawnee Industrial,Crossland Construction,East of S 145th East Ave .4 mi north of E 11th St,Tulsa,OK,74108,Tulsa,36.1543,-95.8128,OKR1037019,10/6/2025,10/17/2027,1542,Nonresidential Construction,N,,,,,,,,,,,
Gilcrease Museum Rd - TWUA-W 22-37,Becco Contractors Inc,On Gilcrease Museum Rd from W Admiral Blvd/Newblock Park Dr,Tulsa,OK,74127,Tulsa,36.1546,-96.0209,OKR1037026,10/6/2025,10/17/2027,1611,Highway And Street Construction,N,,,,,,,,,,,
Williams Parking Lot Improve,Williams Companies,3 W Boulder,Tulsa,OK,74103,Tulsa,36.1551485,-95.9927442,OKR1038112,8/24/2026,10/17/2027,1542,Nonresidential Construction,N,,,,,,,,,,,
11th Street Unsewered Area,McGuire Brothers Construction Inc,Begin .06 miles N of E 4th Pl .2 miles E of S 129th E Ave,Tulsa,OK,74108,Tulsa,36.1551556,-95.8304667,OKR1035381,5/28/2024,10/17/2027,1542,Nonresidential Construction,N,,,,,,,,,,,
COT - E 4th St - S Detroit Ave to S Lansing Ave,Tri-Star Construction LLC,E 4th St - S Detroit Ave to S Lansing Ave,Tulsa,OK,74120,Tulsa,36.155172,-95.982793,OKR1037207,11/26/2025,10/17/2027,1611,Highway And Street Construction,N,,,,,,,,,,,
Blues Rt 66 RV Park,Bright Star Developments Group LLC,431 S 193rd East Ave,Tulsa,OK,74108,Wagoner,36.1553637,-95.7604577,OKR1037191,11/18/2025,10/17/2027,1623,"Water, Sewer, And Utility Lines",N,,,,,,,,,,,
COT 144320 - TMUA-W16-14 - SWD 10879,Becco Contractors Inc,Between E Admiral Pl and E Skelly Dr and,Tulsa,OK,74128,Tulsa,36.156889,-95.845472,OKR1036646,6/4/2025,10/17/2027,1611,Highway And Street Construction,N,,,,,,,,,,,
COT - MZ 1068 N - Project No 144168-N,Tri-Star Construction LLC,Between Keystone Expy to Archer St and N 49th W Ave to,Tulsa,OK,74127,Tulsa,36.15711,-96.0435,OKR1037526,3/4/2026,10/17/2027,1611,Highway And Street Construction,N,,,,,,,,,,,
Z66 Phase II - SE corner of Admiral Pl and S Mingo,66 Mingo LLC,.09 miles E of S Mingo Rd .2 miles S of E Admiral Pl,Tulsa,OK,74128,Tulsa,36.1583333,-95.8672222,OKR1035189,3/13/2024,10/17/2027,1542,Nonresidential Construction,N,,,,,,,,,,,
United Rentals Expansion - Stillwater,"MK Excavation, LLC",3520 North Perkins Road,Stillwater,OK,74075,Payne,36.1584535,-97.0524723,OKR1037882,6/16/2026,10/17/2027,1541,Industrial Buildings And Warehouses,N,,,,,,,,,,,
COT Project 144413 - TMUA-W 14-25 Maint Zone 4103,Becco Contractors Inc,Non-arterial streets btw I-244 & 11th St US-75 & Lewis Ave,Tulsa,OK,74120,Tulsa,36.1587,-95.9785,OKR1036391,3/17/2025,10/17/2027,1611,Highway And Street Construction,N,,,,,,,,,,,
Tonkawa Tribe HUB II,Lambert Construction Company,SE corner of N Perkins Rd & US-177 and Airport Rd,Stillwater,OK,74075,Payne,36.1593312,-97.051589,OKR1035475,5/14/2024,10/17/2027,1542,Nonresidential Construction,N,,,,,,,,,,,
1198 E Airport Rd,KMR Development LLC,1198 E Airport Rd,Stillwater,OK,74075,Payne,36.159611,-97.043764,OKR1034523,7/10/2023,10/17/2027,1541,Industrial Buildings And Warehouses,N,,,,,,,,,,,
COT Water Line Project 144017-C,Becco Contractors Inc,On N Utica Ave from E Pine St to E Admiral Blvd / Pl,Tulsa,OK,74110,Tulsa,36.1598,-95.967,OKR1036304,2/11/2025,10/17/2027,1623,"Water, Sewer, And Utility Lines",N,,,,,,,,,,,
TMUA-W 17-23 / 144017 K & AW / SWD 11253,Becco Contractors Inc,On S Lewis Ave from E 1st St north to/onto E Admiral Blvd,Tulsa,OK,74110,Tulsa,36.1598,-95.9582,OKR1036278,2/6/2025,10/17/2027,1611,Highway And Street Construction,N,,,,,,,,,,,
TMUA-W 17-23 / 144017 K & AW / SWD 11253,Becco Contractors Inc,On S Lewis Ave from E 1st St north to/onto E Admiral Blvd,Tulsa,OK,74110,Tulsa,36.1598,-95.9582,OKR1036278,2/6/2025,10/17/2027,1623,"Water, Sewer, And Utility Lines",N,,,,,,,,,,,
Western Supply,Crossland Construction,424 N Boulder Ave,Tulsa,OK,74103,Tulsa,36.1601,-95.9967,OKR1029163,6/15/2023,10/17/2027,1542,Nonresidential Construction,N,,,,,,,,,,,
LDF Distribution Facility,Key Construction,13412 Admiral Pl S,Tulsa,OK,74108,Tulsa,36.1602287,-95.8279885,OKR1037216,11/21/2025,10/17/2027,,,N,,,,,,,,,,,
Owen Park Pond Erosion Control Measures No 135381 SW-2020-01-07-TO2,Earth Smart Construction,560 N Maybelle Ave,Tulsa,OK,74127,Tulsa,36.160334,-96.006541,OKR1034063,3/10/2023,10/17/2027,1542,Nonresidential Construction,N,,,,,,,,,,,
McElroy Admiral East,Jeff Carter/Black Rock Construction Management,5531 E Admiral Pl,Tulsa,OK,74115,Tulsa,36.1615307,-95.9150573,OKR1038089,8/13/2026,10/17/2027,1541,Industrial Buildings And Warehouses,N,,,,,,,,,,,
USARAE West temporary parking lot,Lambert Construction Company,100 W. Airport Rd.,Stillwater,OK,74075,Payne,36.161666,-97.059591,OKR1037735,5/4/2026,10/17/2027,1542,Nonresidential Construction,N,,,,,,,,,,,
USARAE West temporary parking lot,Lambert Construction Company,100 W. Airport Rd.,Stillwater,OK,74075,Payne,36.161666,-97.059591,OKR1037735,5/4/2026,10/17/2027,3499,Fabricated Metal Products,N,,,,,,,,,,,
Newton Design - 26890 E Admiral Pl,Newton Design,26890 E Admiral Pl,Catoosa,OK,74015,Wagoner,36.16226,-95.67713,OKR1037626,4/10/2026,10/17/2027,1542,Nonresidential Construction,N,,,,,,,,,,,
Caseys General Store 4613,Caseys Marketing Company,Northeast of Highway 69 S and West 590,Chouteau,OK,74337,Mayes,36.163147,-95.341708,OKR1036808,7/31/2025,10/17/2027,1542,Nonresidential Construction,Y,,,,,,,,,,,
COT Safety Training Center Drive Track,Ellsworth Construction LLC Tulsa,10926 E Cameron St,Tulsa,OK,74116,Tulsa,36.1641258,-95.8559932,OKR1036110,11/25/2024,10/17/2027,1611,Highway And Street Construction,N,,,,,,,,,,,
ODOT JP 35493 04,Sherwood Construction Co Inc,On US Hwy 412 and N Hwy 66 at interchange,Catoosa,OK,74015,Rogers,36.1641667,-95.7525,OKR1036036,11/1/2024,10/17/2027,1622,"Bridge, Tunnel, & Elevated Highway",N,,,,,,,,,,,
Pine Lake Subdivision,Integrity Development Group LLC,17333 E 590 Rd,Inola,OK,74036,Rogers,36.16444,-95.52555,OKR1036028,11/6/2024,10/17/2027,1522,Residential Construction,N,,,,,,,,,,,
Mobilehoma,Mobilehoma Warehouse,6615 E Easton St,Tulsa,OK,74115,Tulsa,36.1646111,-95.9029444,OKR1036971,9/16/2025,10/17/2027,1542,Nonresidential Construction,N,,,,,,,,,,,
Tulsa Country Club,Cowan Construction,701 N Union Ave,Tulsa,OK,74127,Osage,36.1650881,-96.01086,OKR1034753,9/26/2023,10/17/2027,1542,Nonresidential Construction,N,,,,,,,,,,,
IPS 606 North 145th East Avenue,Industrial Piping Specialist Inc,606 North 145th East Avenue,Tulsa,OK,74116,Tulsa,36.1653,-95.8156,OKR1034086,3/10/2023,10/17/2027,1541,Industrial Buildings And Warehouses,N,,,,,,,,,,,
The Hilltop Apartments,Tulsa Housing Authority,323 E Independence Street,Tulsa,OK,74106,Tulsa,36.16581,-95.99218,OKR1037884,6/30/2026,10/17/2027,1522,Residential Construction,N,,,,,,,,,,,
Perkins Turn Lane,Manhattan Construction Company,On N Perkins Rd .5 mi north of E Airport Rd,Stillwater,OK,74075,Payne,36.166064,-97.051711,OKR1037246,12/9/2025,10/17/2027,1611,Highway And Street Construction,N,,,,,,,,,,,
Phillips Theological Seminary Lodge,Phillips Theological Seminary,765 N Mingo Rd,Tulsa,OK,74116,Tulsa,36.1666444,-95.8682306,OKR1035078,2/1/2024,10/17/2027,1542,Nonresidential Construction,N,,,,,,,,,,,
OK Filter Addition,BAM Investments,14602 Clean Air Drive,Tulsa,OK,74116,Rogers,36.1681611,-95.8131722,OKR1035887,9/26/2024,10/17/2027,1542,Nonresidential Construction,N,,,,,,,,,,,
TCCL - Rudisill,Tulsa City-County Library,1017 N Greenwood Ave E,Tulsa,OK,74106,Tulsa,36.168775,-95.9863944,OKR1035733,8/22/2024,10/17/2027,1542,Nonresidential Construction,N,,,,,,,,,,,
Chouteau Crossing,Chouteau Crossing LLC,NW Corner of Hwy 412 & Hwy 69,Chouteau,OK,74337,Mayes,36.169486,-95.343803,OKR1034665,8/18/2023,10/17/2027,1542,Nonresidential Construction,Y,,,,,,,,,,,
CN Catoosa Child Development Center,CNB - Cherokee Nations Business,19244 Country Club Drive,Catoosa,OK,74015,Rogers,36.1697,-95.7634,OKR1036082,12/2/2024,10/17/2027,1542,Nonresidential Construction,N,,,,,,,,,,,
Garnett Industrial,Interiors One Properties LLC,1123 N Garnett Rd,Tulsa,OK,74116,Tulsa,36.170325,-95.850397,OKR1036420,3/14/2025,10/17/2027,1542,Nonresidential Construction,N,,,,,,,,,,,
Park View Estates Section 10,KMR Development LLC,.2 miles S of E Richmond Rd .4 miles W of N Perkins Rd,Stillwater,OK,74075,Payne,36.1704076,-97.0589763,OKR1036481,4/14/2025,10/17/2027,1521,Single-Family Housing Construction,N,,,,,,,,,,,
Erie Strayer No 0932,Sherwood Construction Co Inc,1327 North Highway 66,Catoosa,OK,74015,Rogers,36.170777,-95.749436,OKR1037021,10/2/2025,10/17/2027,1542,Nonresidential Construction,N,,,,,,,,,,,
412 Crossing,Tulsa L Dev LLC,.3 mi south of E 580 Rd east of S 4180 Rd,Inola,OK,74036,Rogers,36.17082,-95.56491,OKR1037534,3/5/2026,10/17/2027,1521,Single-Family Housing Construction,N,,,,,,,,,,,
SWR1A,Manhattan Construction Company,Southwest of E Richmond Rd and N Jardot Rd,Stillwater,OK,74075,Payne,36.171273,-97.03828,OKR1035752,8/20/2024,10/17/2027,1542,Nonresidential Construction,N,,,,,,,,,,,
William Pogue Airport Sanitary Sewer,Shrum Excavation Co Inc,3200 Airport Road;  From Shell Creek Rd and N Airport Rd,Sand Springs,OK,74063,Osage,36.171464,-96.150407,OKR1035870,9/27/2024,10/17/2027,1542,Nonresidential Construction,N,,,,,,,,,,,
The Bluffs at Catoosa Apartments,Case Development LLC,1201 N Hwy 167,Catoosa,OK,74015,Rogers,36.171788,-95.759679,OKR1035548,6/17/2024,10/17/2027,1522,Residential Construction,N,,,,,,,,,,,
West Siloam Springs Assisted Living Center,Sam,423 South HWY 59,Watts,OK,74964,Delaware,36.1732778,-94.5683306,OKR1030893,8/1/2023,10/17/2027,1542,Nonresidential Construction,Y,,,,,,,,,,,
ODOT JP 31158 08,The Cummins Construction Company Inc,On CR EW-58 from NS-239.5 to NS-242,Fairview,OK,73737,Major,36.1736,-98.7098,OKR1037680,4/28/2026,10/17/2027,1611,Highway And Street Construction,N,,,,,,,,,,,
East Richmond Road Improvements - Perkins Lane Waterline Relocation,Nabholz Construction,East Richmond Rd Section from N Perkins Rd to N Ja,Stillwater,OK,74075,Payne,36.1739703,-97.0486263,OKR1036908,8/22/2025,10/17/2027,,,N,,,,,,,,,,,
Forrest Warehouse and Distribution Facility,Paragon Contractors,9920 E Pine Street N,Tulsa,OK,74116,Tulsa,36.1753,-95.8659,OKR1036444,3/25/2025,10/17/2027,1542,Nonresidential Construction,N,,,,,,,,,,,
AWOS and Beacon Rehabilitation,Third Generation Electrical,3200 N Airport Rd,Sand Springs,OK,74063,Osage,36.1761976,-96.1498976,OKR1037002,9/23/2025,10/17/2027,1542,Nonresidential Construction,N,,,,,,,,,,,
BEN E KEITH SHUTTLE SITE,Ben E Keith,14400 E PINE ST,Tulsa,OK,74116,Tulsa,36.176303,-95.816142,OKR1037870,7/30/2026,10/17/2027,1542,Nonresidential Construction,N,,,,,,,,,,,
Maplewood Village,We Are Society Inc,6402 East Pine Street,Tulsa,OK,74115,Tulsa,36.1765,-95.9054,OKR1037720,5/19/2026,10/17/2027,1521,Single-Family Housing Construction,N,,,,,,,,,,,
SDCRWD-Tower Transmission Line ARP-23-0040,TIMCO,Indian Springs Drive EW-580 about 250 ft NE of intersection,Flint Creek,OK,74347,Delaware,36.176627,-94.7695997,OKR1037393,1/28/2026,10/17/2027,1623,"Water, Sewer, And Utility Lines",Y,,,,,,,,,,,
Daris Contractors LLC,Daris Contractors LLC,S of E Pine St .1 miles W of N 145th E Ave,Tulsa,OK,74116,Tulsa,36.176644,-95.817462,OKR1032445,7/24/2023,10/17/2027,1542,Nonresidential Construction,N,,,,,,,,,,,
COT Project Nos 2036A0013Z 2036N1157Z,Ellsworth Construction LLC,Gilcrease Museum Rd N 24th W Ave from W Pine St to W Apache,Tulsa,OK,74127,Osage,36.1768125,-96.0197746,OKR1036099,11/22/2024,10/17/2027,1611,Highway And Street Construction,N,,,,,,,,,,,
Arterial St Rehab - Pine St and MLK Blvd Intersection,Crossland Heavy Contractors,Intersection of E Pine St and N Martin Luther King Blvd,Tulsa,OK,74106,Tulsa,36.1769,-95.9935,OKR1037715,5/4/2026,10/17/2027,1611,Highway And Street Construction,N,,,,,,,,,,,
"City of Tulsa 2436B0005Z-225, 2037B0225Z, 2036A0044Z",Paradigm Construction & Engineering Inc,On E Pine St from N Mingo Rd to N Garnett Rd,Tulsa,OK,74116,Tulsa,36.1770234,-95.8631025,OKR1037743,5/7/2026,10/17/2027,1622,"Bridge, Tunnel, & Elevated Highway",N,,,,,,,,,,,
Art Street Rehab-Pine St. from Garnett Rd to 129th E. Ave,Crossland Heavy Contractors Inc,11310 E. Pine St.,Tulsa,OK,74116,Tulsa,36.1770364,-95.8511425,OKR1038054,8/11/2026,10/17/2027,1611,Highway And Street Construction,N,,,,,,,,,,,
Arterrial Street Rehab - E Pine St N - N Harvard Ave to N Yale Ave,Tri-Star Construction LLC,E Pine St between N Harvard Ave and N Yale Ave,Tulsa,OK,74115,Tulsa,36.17711,-95.93151,OKR1036382,3/6/2025,10/17/2027,1611,Highway And Street Construction,N,,,,,,,,,,,
MRB Storage and Maintenance Yard,Manhattan Road & Bridge,Parcel North of East 580 Road and .5 miles W of S4090 Rd,Catoosa,OK,74015,Rogers,36.177195,-95.734827,OKR1033101,8/9/2023,10/17/2027,1542,Nonresidential Construction,N,,,,,,,,,,,
Metal Panels Inc Facility,KMK Properties LLC,14921 East Pine Street,Catoosa,OK,74116,Rogers,36.1779,-95.8094,OKR1034076,3/9/2023,10/17/2027,1542,Nonresidential Construction,N,,,,,,,,,,,
Kirby Smith Machinery Laydown Yard,Kirby-Smith Machinery Inc,12321 E Pine St,Tulsa,OK,74116,Tulsa,36.178,-95.8392,OKR1037250,12/11/2025,10/17/2027,1542,Nonresidential Construction,N,,,,,,,,,,,
JAINS ESTATE,JAY JAIN,1514 N MEMORIAL DR,Tulsa,OK,74115,Tulsa,36.178053,-95.88794,OKR1036064,11/25/2024,10/17/2027,1542,Nonresidential Construction,N,,,,,,,,,,,
TLRS Mulch Site,City of Tulsa Stormwater and Land Management,2100 North 145th East Avenue,Tulsa,OK,74105,Tulsa,36.1785306,-95.8199194,OKR1027130,5/23/2023,10/17/2027,,,N,,,,,,,,,,,
Ameristar Parking Lot,Ameristar Perimeter Security,1555 N Mingo Rd,Tulsa,OK,74116,Tulsa,36.1791,-95.864,OKR1037054,10/7/2025,10/17/2027,1542,Nonresidential Construction,N,,,,,,,,,,,
Pacific Shore Stones,LD Kerns Contractors,corner of E Seminole St and N 109th E Ave,Tulsa,OK,74116,Tulsa,36.1795583,-95.8556,OKR1035777,8/19/2024,10/17/2027,1542,Nonresidential Construction,N,,,,,,,,,,,
Aeroflex III,S&K Aero Flex Park LLC,1630 North Mingo Road,Tulsa,OK,74115,Tulsa,36.18006,-95.87041,OKR1035793,8/26/2024,10/17/2027,1542,Nonresidential Construction,N,,,,,,,,,,,
Black Wall Street Square,Habitat Housing Inc,Northeast of E Reading St and Martin Luther King Jr Blvd,Tulsa,OK,74106,Tulsa,36.1801,-95.9929,OKR1035028,1/3/2024,10/17/2027,1542,Nonresidential Construction,N,,,,,,,,,,,
GREC Eastern Embankment,Grand River Dam Authority,Grand River Energy Center  8142 OK 412B,Chouteau,OK,74337,Mayes,36.183692,-95.286728,OKR1030348,5/15/2023,10/17/2027,1542,Nonresidential Construction,Y,,,,,,,,,,,
The Canyons Seventh Section,Tradan Land Fund LLC,.3 miles S of E Burris Rd .5 miles W of N Perkins Rd,Stillwater,OK,74075,Payne,36.1838889,-97.06,OKR1034907,11/21/2023,10/17/2027,1521,Single-Family Housing Construction,N,,,,,,,,,,,
TNP Fuels C-Store,TNP Fuels LLC,NW Corner of N Cargo Rd and E Virgin St,Tulsa,OK,74115,Tulsa,36.1847917,-95.8886889,OKR1036245,3/28/2025,10/17/2027,1542,Nonresidential Construction,N,,,,,,,,,,,
Redbud Ridge - McAfee Holding Group,McAfee Holding Group,Northwest of Tiger Switch Rd and N Hwy 167,Catoosa,OK,74015,Rogers,36.1855693,-95.7613811,OKR1037394,2/5/2026,10/17/2027,1522,Residential Construction,N,,,,,,,,,,,
Landside Cargo Pavement Rehab,Barnes Construction Solutions Inc,2181 N Cargo Road,Tulsa,OK,74115,Tulsa,36.1857425,-95.887793,OKR1037502,3/2/2026,10/17/2027,1541,Industrial Buildings And Warehouses,N,,,,,,,,,,,
Locust Grove Snake Creek- Iron Post Waterline Extension,Orr Construction,SE of Locust Grove and mostly south of Cherokee Tpk SE-683,Locust Grove,OK,74352,Mayes,36.1865563,-95.159755,OKR1038017,7/27/2026,10/17/2027,1623,"Water, Sewer, And Utility Lines",Y,,,,,,,,,,,
McKee Offices,Brett McKee Development Inc,6099 N Perkins Rd,Stillwater,OK,74075,Payne,36.186775,-97.0512,OKR1036844,8/7/2025,10/17/2027,1542,Nonresidential Construction,N,,,,,,,,,,,
The Canyons Sixth Section,"Tradan Land Fund, LLC",.1 mi south of Burris Rd .4 mi west of N Perkins Rd,Stillwater,OK,74075,Payne,36.1869444,-97.0594444,OKR1032770,6/22/2023,10/17/2027,1521,Single-Family Housing Construction,N,,,,,,,,,,,
GMR Earthwork Site,Becco Contractors Inc,.4 mi east of N 41st West Ave north of W Apache St,Tulsa,OK,74127,Osage,36.1873,-96.0309,OKR1037088,10/20/2025,10/17/2027,1542,Nonresidential Construction,N,,,,,,,,,,,
Cable Placement AT&T Project A05H4Z9 26OK15,Southwestern Bell Telephone Co. dba AT&T Oklahoma ,N Gilcrease Museum Rd E Apache St to N Osage Dr,Tulsa,OK,74106,Osage,36.18748,-96.019688,OKR1038119,8/27/2026,10/17/2027,1623,"Water, Sewer, And Utility Lines",N,,,,,,,,,,,
The Canyons Fith Section,"Tradan Land Fund, LLC",South of E Burris Road .3 mi west of N Perkins Road,Stillwater,OK,74075,Payne,36.1875,-97.0561111,OKR1028192,6/22/2023,10/17/2027,1522,Residential Construction,N,,,,,,,,,,,
Northwest Passage - Axis Dev Partners LLC,Axis Development Partners LLC,Northwest of E Apache St and N Union Ave,Tulsa,OK,74133,Osage,36.1882249,-96.0114456,OKR1037931,8/11/2026,10/17/2027,1521,Single-Family Housing Construction,N,,,,,,,,,,,
Grand River Energy Center Project Unit 4,Grand River Dam Authority,8142 Highway 412B,Chouteau,OK,74337,Mayes,36.1897,-95.2862,OKR1035219,4/2/2024,10/17/2027,1542,Nonresidential Construction,N,,,,,,,,,,,
Kingston Gravity Sewer TMUA Proj No ES-2020-07 Contract 2,Timber Wolf Excavating LLC,From .1 mi east of N Erie Ave north of Gilcrease Expy,Tulsa,OK,74115,Tulsa,36.1913889,-95.9105556,OKR1037210,11/25/2025,10/17/2027,1542,Nonresidential Construction,N,,,,,,,,,,,
Grand River Dam Authority Cooling Tower,Total Wrecking & Environmental,8142 OK-412B,Chouteau,OK,74337,Mayes,36.1914474,-95.2850991,OKR1037343,1/20/2026,10/17/2027,1542,Nonresidential Construction,N,,,,,,,,,,,
Chouteau-Mazie Early Childhood Addition,Schilt Management Services Inc,502 West Harrison Ave,Chouteau,OK,74337,Mayes,36.1917,-95.3486,OKR1036828,8/7/2025,10/17/2027,1542,Nonresidential Construction,Y,,,,,,,,,,,
Redbud One,Cypress Industrial Development LLC,2620 South Hwy 167,Catoosa,OK,74015,Rogers,36.192002,-95.759083,OKR1030246,4/25/2023,10/17/2027,1542,Nonresidential Construction,N,,,,,,,,,,,
Food Home,Food on the Move,3795 E. Apache St,Tulsa,OK,74115,Tulsa,36.192268,-95.9340675,OKR1034758,9/22/2023,10/17/2027,1542,Nonresidential Construction,N,,,,,,,,,,,
Food on the Move - Urban Farm,Food on the Move,3795 E Apache Street,Tulsa,OK,74115,Tulsa,36.192345,-95.934219,OKR1034461,10/27/2023,10/17/2027,1542,Nonresidential Construction,N,,,,,,,,,,,
Saginaw Building Addition,Saginaw Control and Engineering,2725 N David Patrick Ave,Tulsa,OK,74116,Tulsa,36.193192,-95.832802,OKR1038095,8/27/2026,10/17/2027,1542,Nonresidential Construction,N,,,,,,,,,,,
Chouteau Remediation Site,Iowa Civil Contracting,.3 mi north of W Harrison St east of N McCracken St,Chouteau,OK,74337,Mayes,36.196067,-95.343152,OKR1035725,9/16/2024,10/17/2027,1542,Nonresidential Construction,N,,,,,,,,,,,
Feeder 91 Project,Grand River Dam Authority,Grand River Energy Center - 8142 Hwy 412B,Chouteau,OK,74337,Mayes,36.197688,-95.288747,OKR1037971,7/13/2026,10/17/2027,4911,Electric Services,N,,,,,,,,,,,
SH 167 Development,"YSD Holdings, LLC",3100 N Hwy 167,Catoosa,OK,74015,Rogers,36.2001453,-95.7594948,OKR1037902,6/23/2026,10/17/2027,1541,Industrial Buildings And Warehouses,N,,,,,,,,,,,
SH 167 Development,"YSD Holdings, LLC",3100 N Hwy 167,Catoosa,OK,74015,Rogers,36.2001453,-95.7594948,OKR1037902,6/23/2026,10/17/2027,1542,Nonresidential Construction,N,,,,,,,,,,,
Muncie Power Products Inc,Muncie Power Products Inc,1555 E Mohawk Blvd,Tulsa,OK,74106,Tulsa,36.2005556,-95.9702778,OKR1031355,3/22/2023,10/17/2027,1542,Nonresidential Construction,N,,,,,,,,,,,
2036N1072Z and 2037B0216Z and Bridge No 216,Becco Contractors Inc,Between E Mohawk Blvd and E 31st Pl N and between,Tulsa,OK,74110,Tulsa,36.2007684,-95.9632125,OKR1037234,12/5/2025,10/17/2027,1611,Highway And Street Construction,N,,,,,,,,,,,
Wilshire Trails Residential Subdivision,Boomtown Development,South of East 33rd St North and 800 Ft west of N Peoria Ave,Tulsa,OK,74106,Tulsa,36.2014972,-95.9786694,OKR1034743,9/15/2023,10/17/2027,1521,Single-Family Housing Construction,N,,,,,,,,,,,
TULSA AIRPORT NEW AIR TRAFFIC CONTROL TOWER AND BASE BUILDING,Flintco LLC,7777 E AIRPORT DR N,Tulsa,OK,74115,Tulsa,36.2017764,-95.8919093,OKR1035633,7/8/2024,10/17/2027,1542,Nonresidential Construction,N,,,,,,,,,,,
Cimarron Electrical Substation,Kamo Electric Cooperative Inc,1319 W Yost Rd,Stillwater,OK,74075,Payne,36.2025,-97.0758333,OKR1022912,10/13/2023,10/17/2027,1542,Nonresidential Construction,N,,,,,,,,,,,
Lufthansa Earth Disposal,Cowen Construction ,3425 N 74th E Ave,Tulsa,OK,74115,Tulsa,36.2028174,-95.8944816,OKR1037004,9/24/2025,10/17/2027,1542,Nonresidential Construction,N,,,,,,,,,,,
Crystal Lake Transmission Line,Western Farmers Electric Cooperative,Begin E of N 2710 Rd .058 miles N of E 0560 Rd ext S to .4,Ames,OK,73718,Kingfisher,36.203947,-98.174951,OKR1036873,8/25/2025,10/17/2027,1623,"Water, Sewer, And Utility Lines",Y,,,,,,,,,,,
Tulsa International Airport - Taxilane LE Development,Bronze Oak LLC,7777 Airport Drive,Tulsa,OK,74115,Tulsa,36.205302,-95.896574,OKR1037549,3/16/2026,10/17/2027,1542,Nonresidential Construction,N,,,,,,,,,,,
Stillwater Water Treatment Plant SUA WTP Chemicals Project,Crossland Heavy Contractors,1022 Yost Rd,Stillwater,OK,74075,Payne,36.205675,-97.074575,OKR1035147,3/19/2024,10/17/2027,1542,Nonresidential Construction,N,,,,,,,,,,,
Spunky Creek & Main Stem North Lift Station Upgrade TMUA Project NO ES 2022-18,Crossland Heavy Contractors Inc,"Beginning at WWT plant, 15100 West 36th St N, ext 1 mi",Catoosa,OK,74015,Rogers,36.205756,-95.742131,OKR1035641,7/3/2024,10/17/2027,1623,"Water, Sewer, And Utility Lines",N,,,,,,,,,,,
36th St N Street Rehab & Waterline Replacement,Ground Level LLC,On E 36th St N from N Cincinnati Dr to N Peoria Ave,Tulsa,OK,74106,Tulsa,36.2058333,-95.9833333,OKR1034095,2/28/2023,10/17/2027,1611,Highway And Street Construction,N,,,,,,,,,,,
ODOT JP 28846 04,Gradeline Construction LLC,Edison St btw N 33th and 39th W Ave N Peoria Ave at US-75,Tulsa,OK,74106,Tulsa,36.2058724,-95.9754719,OKR1037243,12/8/2025,10/17/2027,,,N,,,,,,,,,,,
Comanche Park Choice Neighborhood Contract 2,R&L Construction LLC,3600 N Peoria Ave & E 36th St N,Tulsa,OK,74106,Tulsa,36.20616,-95.975319,OKR1036059,11/21/2024,10/17/2027,1542,Nonresidential Construction,N,,,,,,,,,,,
NP36,NP36 LLC,1535 East 36th Street North,Tulsa,OK,74106,Tulsa,36.2061667,-95.9706944,OKR1034080,3/10/2023,10/17/2027,1542,Nonresidential Construction,N,,,,,,,,,,,
Project Apex - Phase 1 Grading,Kajima Building & Design Group Inc,East of N Mingo Rd between E 36th St N and E 46th St N,Tulsa,OK,74115,Tulsa,36.206181,-95.862102,OKR1036458,4/1/2025,10/17/2027,1541,Industrial Buildings And Warehouses,N,,,,,,,,,,,
Tulsa Airport - Emery Sapp and Sons,Emery Sapp and Sons Inc,7777 Airport Drive,Tulsa,OK,74115,Tulsa,36.206301,-95.877007,OKR1033385,9/6/2023,10/17/2027,1611,Highway And Street Construction,N,,,,,,,,,,,
Landing at 36 North - Phase II,"Key Construction Oklahoma, LLC",3608 N Quaker Ave,Tulsa,OK,74106,Tulsa,36.206457,-95.97498,OKR1038082,8/20/2026,10/17/2027,1542,Nonresidential Construction,N,,,,,,,,,,,
Tulsa Animal Services Shelter,Timberlake Construction Co Inc,Northeast of E 36th St N and Pawnee Dr,Tulsa,OK,74115,Tulsa,36.206557,-95.910289,OKR1036698,6/18/2025,10/17/2027,1542,Nonresidential Construction,N,,,,,,,,,,,
Warren Cat Parking Lot Improvements,Warren CAT,3601 N Garnett Road,Tulsa,OK,74116,Tulsa,36.20673,-95.848894,OKR1035507,5/23/2024,10/17/2027,1542,Nonresidential Construction,N,,,,,,,,,,,
The Enclave at 36N (36N Phase III),"Key Construction Oklahoma, LLC",1385 E. 36th Pl. N.,Tulsa,OK,74106,Tulsa,36.206994,-95.97275,OKR1038070,8/27/2026,10/17/2027,1542,Nonresidential Construction,N,,,,,,,,,,,
The Summit at 36N (36N Phase IV),"Key Construction Oklahoma, LLC",3685 N. Peoria Ave.,Tulsa,OK,74106,Tulsa,36.208587,-95.97645,OKR1038071,8/21/2026,10/17/2027,1542,Nonresidential Construction,N,,,,,,,,,,,
Lower Bird Creek WWTP Improvements Project NOS ES 2022-16 and ES2022-17,Crossland Heavy Contractors Inc,151 W 36th St N,Catoosa,OK,74015,Rogers,36.209234,-95.741396,OKR1036098,12/3/2024,10/17/2027,1542,Nonresidential Construction,Y,,,,,,,,,,,
Coyote Hill - Clearing and Grubbing,Mid America Industrial Park,.3 mi south of E 0555 Rd .8 mi west of Hunt Ave/Hwy 412B,Chouteau,OK,74337,Mayes,36.20976,-95.302015,OKR1036080,12/6/2024,10/17/2027,1542,Nonresidential Construction,Y,,,,,,,,,,,
Dollar General Store 13033,Kansas 13033 LLC,455 US-59,Kansas,OK,74347,Delaware,36.210708,-94.780167,OKR1037529,3/24/2026,10/17/2027,1542,Nonresidential Construction,Y,,,,,,,,,,,
Mohawk Apartments,Golf Course Studios LLC,3910 PARK RD,Tulsa,OK,74115,Tulsa,36.210926,-95.918293,OKR1035688,8/9/2024,10/17/2027,1522,Residential Construction,N,,,,,,,,,,,
Mid-America Industrial Park - Coyote Hills,Mid-America Industrial Park,South of E 0555 Rd .3 mi west of Hwy 412B,Pryor Creek,OK,74337,Mayes,36.211601,-95.29316,OKR1035171,2/12/2024,10/17/2027,1542,Nonresidential Construction,Y,,,,,,,,,,,
United States Aviation II,United States Aviation Co,4081 N MEMORIAL DRIVE,Tulsa,OK,74115,Tulsa,36.2129788,-95.8857237,OKR1035459,6/3/2024,10/17/2027,1542,Nonresidential Construction,N,,,,,,,,,,,
Project Positive,Cerris Builders,4115 North 125th East Ave,Tulsa,OK,74116,Tulsa,36.213389,-95.835306,OKR1036840,8/27/2025,10/17/2027,1542,Nonresidential Construction,N,,,,,,,,,,,
Tulsa Zoo African Wilds,Tulsa Zoo Management Inc,6421 E. 36th St N,Tulsa,OK,74115,Tulsa,36.213664,-95.908533,OKR1036407,3/12/2025,10/17/2027,1542,Nonresidential Construction,N,,,,,,,,,,,
Myall Forcemain Relocation,Myall LLC,E0555 Rd  OK-412B junction,Chouteau,OK,74337,Mayes,36.21412,-95.28589,OKR1035651,7/17/2024,10/17/2027,7376,Computer Facilities Management,N,,,,,,,,,,,
Myall Forcemain Relocation,Myall LLC,E0555 Rd  OK-412B junction,Chouteau,OK,74337,Mayes,36.21412,-95.28589,OKR1035651,7/17/2024,10/17/2027,1542,Nonresidential Construction,N,,,,,,,,,,,
Mayes Solar,IEA Constructors LLC,5545 W 540,Chouteau,OK,74337,Mayes,36.2151297,-95.3500895,OKR1037139,11/5/2025,10/17/2027,,,Y,,,,,,,,,,,
CP 24-29 Airmen's Wellness Center,Magnum Construction Inc,9100 E 46th St N,Tulsa,OK,74115,Tulsa,36.2151819,-95.8744204,OKR1037701,4/22/2026,10/17/2027,1542,Nonresidential Construction,N,,,,,,,,,,,
Platinum Arch,Platinum Arch,8324 N. Washington St,Stillwater,OK,74075,Payne,36.2157127,-97.0704969,OKR1035772,8/19/2024,10/17/2027,1542,Nonresidential Construction,N,,,,,,,,,,,
Port of Catoosa Phase 1 TPCFA Unit Train Facility,Sherwood Construction Co Inc,Tracks east of N Hwy 167 between W Main Pkwy and,Catoosa,OK,74015,Rogers,36.216397,-95.7570228,OKR1036750,7/15/2025,10/17/2027,1542,Nonresidential Construction,N,,,,,,,,,,,
Mayes Solar Project,Rising Edge High Voltage Solutions LLC,E of S 430 .3 miles S of W 550,Pryor,OK,74337,Mayes,36.216849,-95.350398,OKR1036377,3/7/2025,10/17/2027,1542,Nonresidential Construction,N,,,,,,,,,,,
W 43rd Gilcrease Waste Site,Becco Contractors Inc,3521 W 43rd St N,Tulsa,OK,74127,Osage,36.217748,-96.029497,OKR1037349,1/9/2026,10/17/2027,1611,Highway And Street Construction,N,,,,,,,,,,,
Ridgeline South - Clearing and Grubbing,Mid America Industrial Park,.3 mi north of E 0555 Rd .6 mi west of Hwy 412B,Chouteau,OK,74337,Mayes,36.218009,-95.295982,OKR1036072,12/6/2024,10/17/2027,1542,Nonresidential Construction,Y,,,,,,,,,,,
Greenhill Logistics III,Cerris Builders,4575 N 125th E.Ave,Tulsa,OK,74116,Tulsa,36.2184149,-95.8355752,OKR1037601,3/27/2026,10/17/2027,1541,Industrial Buildings And Warehouses,N,,,,,,,,,,,
Beaver Pond - Clearing and Grubbing,Mid America Industrial Park,E of E 0555 Rd 2.1 miles S of Hwy 69A,Chouteau,OK,74337,Mayes,36.219013,-95.309263,OKR1036071,12/13/2024,10/17/2027,1542,Nonresidential Construction,N,,,,,,,,,,,
Coal Creek 103-N Specific Remediation Project,Triangle Construction,5901 E 36th St N,Tulsa,OK,74115,Tulsa,36.2194444,-95.9152778,OKR1037108,10/24/2025,10/17/2027,1542,Nonresidential Construction,N,,,,,,,,,,,
Industrial Site Prep,MidAmerica Industrial Park,MidAmerica Industrial Park,Pryor Creek,OK,74337,Mayes,36.2218345,-95.3019922,OKR1034071,2/24/2023,10/17/2027,1542,Nonresidential Construction,Y,,,,,,,,,,,
EADS Cooling Laydown Yard,Ellsworth Construction,790 Fort Gibson Rd,Catoosa,OK,74015,Rogers,36.2228271,-95.7324177,OKR1035461,5/23/2024,10/17/2027,1542,Nonresidential Construction,Y,,,,,,,,,,,
Air Guard Substation,AEP Public Service Company of Oklahoma,4950 N Mingo Rd,Tulsa,OK,74117,Tulsa,36.225079,-95.869474,OKR1037079,11/5/2025,10/17/2027,1542,Nonresidential Construction,N,,,,,,,,,,,
Persimmon Renewables LLC,Persimmon Renewables LLC,.3 mi east of Hunt Ave .5 mi south of 10th St Maip,Pryor,OK,74337,Mayes,36.2257244,-95.2727515,OKR1036266,2/6/2025,10/17/2027,1542,Nonresidential Construction,N,,,,,,,,,,,
Berry Park,Crossland Construction,5002 N Wheeler Ave,Tulsa,OK,74130,Tulsa,36.226097,-95.965661,OKR1037730,5/7/2026,10/17/2027,1542,Nonresidential Construction,N,,,,,,,,,,,
Ridgeline,Oklahoma Ordnance Works Authority,Northeast of Intersection of E0550 Rd and N4330 Rd,Pryor,OK,74361,Mayes,36.2266539,-95.2909474,OKR1037132,11/25/2025,10/17/2027,1541,Industrial Buildings And Warehouses,Y,,,,,,,,,,,
Chamberlain Park,Crossland Construction,West of N Frankfort Ave .08 miles South of E 51st Pl N,Tulsa,OK,74126,Tulsa,36.2269561,-95.98954,OKR1037731,5/8/2026,10/17/2027,1542,Nonresidential Construction,N,,,,,,,,,,,
Kelvion Gravel Yard,Kelvion Inc,5320 North Cimarron Road,Catoosa,OK,74015,Rogers,36.2295,-95.7443,OKR1034411,6/9/2023,10/17/2027,1542,Nonresidential Construction,Y,,,,,,,,,,,
MidAmerica Armin Road Industrial Site Prep,MidAmerica Industrial Park,Entrance on N4320 Rd 1.2 mi south of Hwy 69A east and west,Pryor,OK,74361,Mayes,36.229808,-95.314992,OKR1033878,1/13/2023,10/17/2027,1542,Nonresidential Construction,Y,,,,,,,,,,,
Asco Equipment,Texaplex Properties LLC,.3 miles East of North Mingo Road S of E 56th Street North,Tulsa,OK,74117,Tulsa,36.2334,-95.8632,OKR1036411,3/27/2025,10/17/2027,1542,Nonresidential Construction,N,,,,,,,,,,,
Greenhill Materials Northwest Quarry,Sherwood Construction Co Inc,12121 East 56th Street North,Owasso,OK,74055,Tulsa,36.235192,-95.842178,OKR1037676,4/27/2026,10/17/2027,1422,Crushed And Broken Limestone,N,,,,,,,,,,,
Greenhill Materials Northwest Quarry,Sherwood Construction Co Inc,12121 East 56th Street North,Owasso,OK,74055,Tulsa,36.235192,-95.842178,OKR1037676,4/27/2026,10/17/2027,1542,Nonresidential Construction,N,,,,,,,,,,,
Lakeshore RV Park - South,BW Real Estate,4364 Highway 82 S,Salina,OK,74365,Mayes,36.23557,-95.1434947,OKR1037575,3/23/2026,10/17/2027,1542,Nonresidential Construction,N,,,,,,,,,,,
Interplastic Corp Track Expansion,Railworks Track Systems LLC,5019 Hunt Street. Along W side of existing Union Pacific,Pryor,OK,74361,Mayes,36.2358,-95.2741,OKR1034069,3/7/2023,10/17/2027,1542,Nonresidential Construction,N,,,,,,,,,,,
Highland Meadows at Stone Canyon Phase II-IV,CABO Development Co LLC,W of N 193rd E Ave .4 miles N of Port Rd/Hwy 266,Catoosa,OK,74015,Rogers,36.237524,-95.76297,OKR1034877,11/7/2023,10/17/2027,1542,Nonresidential Construction,N,,,,,,,,,,,
PRY Site 1,"Myall, LLC",4581 Webb St,Pryor,OK,74361,Mayes,36.23767,-95.32489,OKR1021168,7/11/2023,10/17/2027,1542,Nonresidential Construction,Y,,,,,,,,,,,
Ameristar Truck Parking Lot,Ameristar Perimeter Security,5717 N Mingo Rd,Tulsa,OK,74117,Tulsa,36.2377,-95.8876,OKR1037052,10/14/2025,10/17/2027,1542,Nonresidential Construction,N,,,,,,,,,,,
SPROUT Laydown Yard,Manhattan Construction Company LLC,4760 Webb St,Pryor,OK,74361,Mayes,36.237806,-95.334278,OKR1037727,5/5/2026,10/17/2027,1542,Nonresidential Construction,Y,,,,,,,,,,,
Spec Warehouse North,38th Street Investment Corp,Corner of Verdigris Pkwy and N Neosho Rd,Catoosa,OK,74015,Tulsa,36.2392194,-95.7488472,OKR1038034,7/30/2026,10/17/2027,1542,Nonresidential Construction,N,,,,,,,,,,,
The Bluffs at Stone Canyon Phase IV,CABO Development Co LLC,"12150 E. 96th St. N, Ste #200",Owasso,OK,74055,Rogers,36.2397222,-95.7833333,OKR1033606,6/23/2023,10/17/2027,1521,Single-Family Housing Construction,N,,,,,,,,,,,
Deer Run at Stone Canyon Phase IV,CABO Development Co. LLC,West of N 193rd East Ave .3 mi north of E Hwy 266,Owasso,OK,74015,Rogers,36.2402778,-95.7644444,OKR1031826,7/6/2023,10/17/2027,1522,Residential Construction,N,,,,,,,,,,,
Bluffs at Stone Canyon Phase II,CABO Development Co. LLC,18128 E Falcon Pass,Catoosa,OK,74015,Rogers,36.2405361,-95.7769444,OKR1022042,7/6/2023,10/17/2027,1521,Single-Family Housing Construction,N,,,,,,,,,,,
Rickert Tree Service Clearing for Billboard and Future Development,Rickert Landscaping & Tree Service LLC ,6409 N 115th E Ave,Owasso,OK,74055,Tulsa,36.2414635,-95.846603,OKR1037751,5/12/2026,10/17/2027,1542,Nonresidential Construction,N,,,,,,,,,,,
PRY9-Armin East,Fortis Construction Inc,2500 Main Maip St,Pryor,OK,74361,Mayes,36.2419294,-95.313926,OKR1037134,11/4/2025,10/17/2027,1542,Nonresidential Construction,Y,,,,,,,,,,,
The Bluffs at Stone Canyon Phase III,CABO Development Co LLC,.3 miles W of N Patriot Dr and E Anthem Ridge Rd,Owasso,OK,74015,Rogers,36.2422222,-95.7777778,OKR1029615,6/23/2023,10/17/2027,1522,Residential Construction,N,,,,,,,,,,,
Deer Run at Stone Canyon Phase III,CABO Development Co. LLC,.4 mi south of E 66th St west of N 193rd East Ave,Owasso,OK,74015,Rogers,36.2427778,-95.7597222,OKR1030558,7/6/2023,10/17/2027,1522,Residential Construction,N,,,,,,,,,,,
5885 N 193rd LLC Project,Thompson Construction Inc,5885 N 193rd E Ave,Catoosa,OK,74055,Rogers,36.243952,-95.754963,OKR1034293,5/18/2023,10/17/2027,1542,Nonresidential Construction,N,,,,,,,,,,,
Webb Street Commercial Development,Ground Level LLC,West of Webb St between Main MAIP St and OK-69A,Pryor,OK,74361,Mayes,36.244333,-95.336266,OKR1036957,9/16/2025,10/17/2027,1542,Nonresidential Construction,N,,,,,,,,,,,
Deer Run at Stone Canyon Phase II,CABO Development Co. LLC,South of E 66th St N and West of 193rd E Ave,Catoosa,OK,74015,Rogers,36.2444444,-95.7630556,OKR1026846,7/6/2023,10/17/2027,,,N,,,,,,,,,,,
Rural Sewer District No 1 Rogers County WWTP Expansion Project,Crossland Heavy Contractors Inc,25291 S Shepherd Dr,Claremore,OK,74019,Rogers,36.244957,-95.664871,OKR1036601,5/15/2025,10/17/2027,1542,Nonresidential Construction,N,,,,,,,,,,,
PRY Site 3,"Myall, LLC",3500 Main St  MidAmerica Industrial Park,Pryor,OK,74361,Mayes,36.2451,-95.3254,OKR1029257,7/11/2023,10/17/2027,,,Y,,,,,,,,,,,
Highland Pointe At Stone Canyon Phase II,CABO Development Co LLC,South of N 177th E Ave and West of N Patriot Dr,Catoosa,OK,74015,Rogers,36.2452778,-95.7830556,OKR1026720,7/10/2023,10/17/2027,,,N,,,,,,,,,,,
BayoTech Tulsa Port of Catoosa,OPAL Fuels Station Services LLC,910 Tenkiller Rd,Catoosa,OK,74015,Rogers,36.245761,-95.748314,OKR1033493,6/5/2023,10/17/2027,1542,Nonresidential Construction,N,,,,,,,,,,,
Highland Meadows at Stone Canyon,CABO Development Co LLC,Between SH 266 and E 66th St on N 177rd East Ave,Owasso,OK,74055,Rogers,36.2462417,-95.7716194,OKR1031319,7/10/2023,10/17/2027,6552,Subdividers And Developers,N,,,,,,,,,,,
Kerns Construction Yard,Kerns Construction Inc,NW corner of Tower Lane and South 4100 Road,Verdigris,OK,74017,Rogers,36.247051,-95.708888,OKR1035139,2/27/2024,10/17/2027,1542,Nonresidential Construction,N,,,,,,,,,,,
The Coves at Stone Canyon Phase IV,CABO Development Co LLC,Near the West End of E White Tail Cove northwest of,Owasso,OK,74015,Rogers,36.2472222,-95.7877778,OKR1037012,9/26/2025,10/17/2027,1521,Single-Family Housing Construction,N,,,,,,,,,,,
The Coves at Stone Canyon Phase V,CABO Development Co LLC,N of N 117th E Ave .3 miles E of E 66th St N,Owasso,OK,74055,Rogers,36.2488889,-95.7891667,OKR1037311,1/26/2026,10/17/2027,1521,Single-Family Housing Construction,N,,,,,,,,,,,
The Coves at Stone Canyon Phase I,CABO Development Co LLC,Southwest of the intersection of N 177th East Ave and,Owasso,OK,74015,Rogers,36.2488889,-95.7780556,OKR1032809,6/26/2023,10/17/2027,1522,Residential Construction,N,,,,,,,,,,,
The Coves at Stone Canyon Phase II,CABO Development Co LLC,1 mile S of E 76th St N .5 miles E of E 66th St N,Owasso,OK,74015,Rogers,36.249027,-95.786099,OKR1035791,8/21/2024,10/17/2027,1521,Single-Family Housing Construction,N,,,,,,,,,,,
OOWA The District Boulevard & Waterline,Ira M Green Construction,Beg west of S Elliot St .2 mi north of W 530 ext .5 mi west,Pryor,OK,74361,Mayes,36.2494927,-95.3186051,OKR1035050,1/5/2024,10/17/2027,1611,Highway And Street Construction,N,,,,,,,,,,,
Wardco Development,Wardco Inc,5865 E HIGHWAY 266,Claremore,OK,74019,Rogers,36.249883,-95.724875,OKR1034462,6/23/2023,10/17/2027,1542,Nonresidential Construction,Y,,,,,,,,,,,
West 530 Apartments,West 530 Apartments LLC,3660 West 530 Road,Pryor,OK,74361,Mayes,36.249906,-95.321945,OKR1036685,7/15/2025,10/17/2027,1522,Residential Construction,N,,,,,,,,,,,
Pryor Child Development Center and Head Start Facility,Cherokee Nation Managment Resources Group,N of W 530 W of S Elliot St .4 miles,Pryor,OK,74361,Mayes,36.2501,-95.3168,OKR1034433,6/9/2023,10/17/2027,1542,Nonresidential Construction,N,,,,,,,,,,,
Honeycutt Construction,Honeycutt Construction,2750 W 530 Road,Pryor,OK,74361,Mayes,36.250225,-95.30663,OKR1037367,1/21/2026,10/17/2027,1542,Nonresidential Construction,N,,,,,,,,,,,
Keys Landing II,Keys Landing Development LLC,W of E 68th Pl N and N 129th East Ave,Owasso,OK,74055,Tulsa,36.2538889,-95.8352778,OKR1027262,6/1/2023,10/17/2027,1522,Residential Construction,N,,,,,,,,,,,
B and K Storage,B and K Storage LLC,5701 S Mill St,Pryor,OK,74361,Mayes,36.2552778,-95.3330556,OKR1033558,6/8/2023,10/17/2027,1542,Nonresidential Construction,N,,,,,,,,,,,
Chimney Rock Dam Erosion and Sediment Control Project,Grand River Dam Authority,2022 E 523 site 1: E of E 523 Rd .3 miles S of E 52.3,Salina,OK,74365,Mayes,36.2567,-95.1046,OKR1035837,9/17/2024,10/17/2027,1542,Nonresidential Construction,N,,,,,,,,,,,
New Ready Mix Concrete Plant - Tulsa,Surroca Redi Mix LLC,7100 Whirlpool Drive,Tulsa,OK,74117,Tulsa,36.2582861,-95.9218583,OKR1035568,6/27/2024,10/17/2027,1541,Industrial Buildings And Warehouses,N,,,,,,,,,,,
Hawthorne at Stone Canyon Phase II,CABO Development Co LLC,N of E 72nd St N .2 miles W of N 193rd E Ave,Owasso,OK,74015,Rogers,36.2583333,-95.7625,OKR1032807,7/10/2023,10/17/2027,1522,Residential Construction,N,,,,,,,,,,,
Helscel-Huneryager Industrial Park,Commercial Wallboard Inc,East of Hwy 169 .3 mi south of E 76th St North,Owasso,OK,74055,Tulsa,36.2594583,-95.8465139,OKR1034920,11/15/2023,10/17/2027,1542,Nonresidential Construction,N,,,,,,,,,,,
Hayden Industrial Amah Facility,Hayden Industrial,24304 Amah Pkwy,Claremore,OK,74019,Rogers,36.25951,-95.66408,OKR1037505,3/11/2026,10/17/2027,1542,Nonresidential Construction,N,,,,,,,,,,,
Hayden Industrial Amah Facility,Hayden Industrial,24304 Amah Pkwy,Claremore,OK,74019,Rogers,36.25951,-95.66408,OKR1037505,3/11/2026,10/17/2027,3533,Oil And Gas Field Machinery,N,,,,,,,,,,,
Robinson Industrial Park,West Family Development Services,402 W 2nd Ave,Owasso,OK,74055,Tulsa,36.2622,-98.8593,OKR1036025,11/12/2024,10/17/2027,1542,Nonresidential Construction,N,,,,,,,,,,,
Fiddle Leaf Solar Project,PCL Solar Constructors USA Inc,West of S 727 Rd between E 520 Rd and E 530 Rd,Colcord,OK,74338,Delaware,36.2622962,-94.5810167,OKR1037286,1/8/2026,10/17/2027,1542,Nonresidential Construction,Y,,,,,,,,,,,
Villas at Stonebridge II,Northstar Properties,S of E 76th St N  .2 miles E of N 129th E Ave,Owasso,OK,74055,Tulsa,36.2632583,-95.8273556,OKR1034891,11/7/2023,10/17/2027,1542,Nonresidential Construction,N,,,,,,,,,,,
Witten Vintage Auto,Raymond L Witten,13038 E 76th St N,Owasso,OK,74055,Tulsa,36.26361,-95.82833,OKR1037662,4/13/2026,10/17/2027,1542,Nonresidential Construction,N,,,,,,,,,,,
ODOT JP 34436 04,Sherwood Construction Co Inc,US-169 from E 66th St N to E 86th St N,Owasso,OK,74055,Tulsa,36.2641667,-95.8480556,OKR1036744,7/8/2025,10/17/2027,1611,Highway And Street Construction,N,,,,,,,,,,,
The Estates East,Blue Chip Land Co LLC,North of E 76th St North and .4 miles West of North 193rd E,Claremore,OK,74055,Rogers,36.2658333,-95.765,OKR1035433,5/3/2024,10/17/2027,1521,Single-Family Housing Construction,N,,,,,,,,,,,
West Development Library Lofts,West Family Development,W of North Main Street and N of W Broadway Street,Owasso,OK,74055,Tulsa,36.26666,-95.855676,OKR1037037,10/13/2025,10/17/2027,1521,Single-Family Housing Construction,N,,,,,,,,,,,
Owasso Trails,Calara Land OK LLC,8000 N Memorial Dr,Owasso,OK,74055,Tulsa,36.2694444,-95.8861111,OKR1037435,2/19/2026,10/17/2027,1521,Single-Family Housing Construction,N,,,,,,,,,,,
Presley Hollow Phase II,Blue Chip Land Company,.4 miles North of E 76th St N and .4 mile East of 145th E,Owasso,OK,74055,Rogers,36.2694444,-95.8052778,OKR1034927,12/8/2023,10/17/2027,1521,Single-Family Housing Construction,N,,,,,,,,,,,
Project Clydesdale,JE Dunn Construction Company,.4 mi north of E 76th St N and west of N Sheridan Rd,Owasso,OK,74055,Tulsa,36.27,-95.91,OKR1036836,8/6/2025,10/17/2027,1542,Nonresidential Construction,N,,,,,,,,,,,
8324 N Florence,8324 N. Florence,8324 N. Florence Ave,Sperry,OK,74073,Tulsa,36.2708333,-95.9413889,OKR1038085,8/14/2026,10/17/2027,1542,Nonresidential Construction,N,,,,,,,,,,,
King Ridge VI,Tulsa L Dev LLC,.6 mi west of S Hwy 66  .5 mi south of EW-51,Verdigris,OK,74017,Rogers,36.271205,-95.652693,OKR1034822,10/23/2023,10/17/2027,1521,Single-Family Housing Construction,N,,,,,,,,,,,
Owasso 5th Grade Ctr,Nabholz,8101 N 129th East Ave,Owasso,OK,74055,Tulsa,36.2728861,-95.8299833,OKR1037814,6/1/2026,10/17/2027,1542,Nonresidential Construction,N,,,,,,,,,,,
NORTH MEMORIAL POND,Michael Ellis,8405 N MEMORIAL DR,Owasso,OK,74055,Tulsa,36.2736498,-95.8834526,OKR1038018,8/4/2026,10/17/2027,1542,Nonresidential Construction,N,,,,,,,,,,,
King Ridge VII,Tulsa L Dev LLC,Part of the E2 of Section 25 T21N R15E,Verdigris,OK,74017,Rogers,36.2738889,-95.6538889,OKR1035880,9/20/2024,10/17/2027,1521,Single-Family Housing Construction,N,,,,,,,,,,,
Lakeshore RV Park,Lakeshore RV Park,1444 Highway 82 S,Salina,OK,74365,Mayes,36.2742843,-95.1431368,OKR1036364,3/20/2025,10/17/2027,1623,"Water, Sewer, And Utility Lines",Y,,,,,,,,,,,
Jordan Valley 138-26.4 KV 14MVA Substation,KAMO Electric Cooperative Inc,364376 E 5100 RD,Cleveland,OK,74020,Pawnee,36.274668,-96.506151,OKR1036666,6/9/2025,10/17/2027,1542,Nonresidential Construction,N,,,,,,,,,,,
ODOT JP 31714 04 and ODOT JP 31714 08,The Cummins Construction Company Inc,On E County Rd  51 from N 196 Rd  to S County Rd 201,Sharon,OK,73857,Woodward,36.276,-99.498,OKR1037679,4/28/2026,10/17/2027,1611,Highway And Street Construction,N,,,,,,,,,,,
A New Leaf - Multifamily Apartments,A New Leaf Inc,8535 N Memorial Dr,Owasso,OK,74055,Tulsa,36.276206,-95.881974,OKR1036593,5/22/2025,10/17/2027,1522,Residential Construction,N,,,,,,,,,,,
Estates West,Executive Homes LLC,E 86th St N St Whirlpool Dr,Sperry,OK,74073,Tulsa,36.2767528,-95.9218472,OKR1038122,8/31/2026,10/17/2027,1521,Single-Family Housing Construction,N,,,,,,,,,,,
Estates West,Executive Homes LLC,E 86th St N St Whirlpool Dr,Sperry,OK,74073,Tulsa,36.2767528,-95.9218472,OKR1038122,8/31/2026,10/17/2027,1522,Residential Construction,N,,,,,,,,,,,
Encompass Health Addition,"Creature, LLC",13402 East 86th St North,Owasso,OK,74055,Tulsa,36.2782,-95.8262,OKR1037836,6/1/2026,10/17/2027,1542,Nonresidential Construction,N,,,,,,,,,,,
McDonalds 035-0474,McDonalds USA LLC,300 feet north of E 86th St and N 145th E Ave,Owasso,OK,74055,Rogers,36.2794972,-95.8117638,OKR1037837,7/1/2026,10/17/2027,1542,Nonresidential Construction,N,,,,,,,,,,,
Claremore Flats,Green Companies Development Group Inc,E of S4140 Rd/Frederick Rd .1 miles N of E510 Rd,Claremore,OK,74017,Rogers,36.2805,-95.6315,OKR1033293,6/27/2023,10/17/2027,1521,Single-Family Housing Construction,N,,,,,,,,,,,
Owasso 8th Grade Addition,Lowry Construction Services,13901 East 86th Street North,Owasso,OK,74055,Tulsa,36.2809333,-95.8223917,OKR1037782,5/18/2026,10/17/2027,1542,Nonresidential Construction,N,,,,,,,,,,,
Boardwalk at Preston Lakes,"K & S Development, Inc.",N 161st E Ave and E 86th St N,Owasso,OK,74055,Rogers,36.280942,-95.795298,OKR1031912,9/5/2023,10/17/2027,1522,Residential Construction,N,,,,,,,,,,,
Fairway Villas,K&S Developments Inc,Southeast of E 89th St N and N Mingo Rd,Owasso,OK,74055,Tulsa,36.2827167,-95.8649778,OKR1035186,2/20/2024,10/17/2027,1521,Single-Family Housing Construction,N,,,,,,,,,,,
Anthem Ridge RV Park,Paige Walters,831 S Hwy 82,Salina,OK,74365,Mayes,36.2829955,-95.1454449,OKR1036866,8/28/2025,10/17/2027,1542,Nonresidential Construction,Y,,,,,,,,,,,
Huckleberry Solar - Borea Construction,Borea Construction,Between W 500 and W 520 and between S 428 and S 430,Pryor,OK,74361,Mayes,36.284382,-95.362749,OKR1036696,6/20/2025,10/17/2027,1542,Nonresidential Construction,N,,,,,,,,,,,
Magnolia Ridge - Phase III,K&S Development Inc,.4 miles N of E 86th St N .3 miles W of N Memorial Dr,Owasso,OK,74055,Tulsa,36.2847,-95.8897,OKR1034355,5/26/2023,10/17/2027,1522,Residential Construction,N,,,,,,,,,,,
Central Baptist Church,Master's Plan Design & Construction,9001 N 145th East Ave,Owasso,OK,74055,Rogers,36.285225,-95.8114528,OKR1035888,10/3/2024,10/17/2027,1542,Nonresidential Construction,N,,,,,,,,,,,
Seth Wadley Ford - 411 Charles Hall Drive,L Wallace Construction,411 Charles Hall Drive,Perry,OK,73077,Noble,36.2879889,-97.3297139,OKR1035009,1/17/2024,10/17/2027,1542,Nonresidential Construction,N,,,,,,,,,,,
WOM7 Project Duke,Graycor Construction Co,7650 John Wayne,Perry,OK,73077,Noble,36.2882714,-97.3427133,OKR1037273,12/15/2025,10/17/2027,1541,Industrial Buildings And Warehouses,N,,,,,,,,,,,
Woodland Commons,LW Development,22222 S 4150 Rd,Claremore,OK,74019,Rogers,36.2884472,-95.6181389,OKR1032488,11/15/2023,10/17/2027,1521,Single-Family Housing Construction,N,,,,,,,,,,,
Woodland Commons,LW Development,22222 S 4150 Rd,Claremore,OK,74019,Rogers,36.2884472,-95.6181389,OKR1032488,11/15/2023,10/17/2027,6552,Subdividers And Developers,N,,,,,,,,,,,
Texas Roadhouse - Owasso,Frontline Construction,9311 N Owasso Expressway,Owasso,OK,74055,Tulsa,36.2888889,-95.8385083,OKR1034231,4/26/2023,10/17/2027,1542,Nonresidential Construction,N,,,,,,,,,,,
Phillips 66 � Gas Station,Central Construction Group,2812 W FIR ST,Perry,OK,73077,Noble,36.2892377,-97.3253971,OKR1037461,2/23/2026,10/17/2027,1542,Nonresidential Construction,N,,,,,,,,,,,
Crownline Arena,Richard Crow,South of John Wayne .2 mi west of County Road 80,Perry,OK,73077,Noble,36.2894444,-97.340278,OKR1035416,5/6/2024,10/17/2027,1542,Nonresidential Construction,N,,,,,,,,,,,
Planet Fitness - Owasso,Fitness Dev Owasso LLC,9281 N Garnett Rd,Owasso,OK,74055,Tulsa,36.289457,-95.847508,OKR1036428,4/3/2025,10/17/2027,1542,Nonresidential Construction,N,,,,,,,,,,,
ODOT JP 38005 04,Rudy Construction Co,On W Fir St from County Rd 80 to N 25th St,Perry,OK,73077,Noble,36.2895626,-97.32943,OKR1037951,7/10/2026,10/17/2027,1611,Highway And Street Construction,N,,,,,,,,,,,
Cherokee Claremore Healthcare Center,Crossland Construction Company Inc,.15 mi south of E 500 Rd .23 mi east of S Lynn Riggs Blvd,Claremore,OK,74017,Rogers,36.290409,-95.62701,OKR1037576,3/27/2026,10/17/2027,1542,Nonresidential Construction,N,,,,,,,,,,,
Smith Farm Village,Silo at Smith Farm LLC,.2 miles S of E 96th St N .2 miles E of N Garnett Rd,Owasso,OK,74055,Tulsa,36.2907224,-95.8455431,OKR1034351,5/22/2023,10/17/2027,1521,Single-Family Housing Construction,N,,,,,,,,,,,
Express Oil - 9401 N Garnett Rd,Express Oil Change & Tire Engineers,9401 N Garnett Rd,Owasso,OK,74055,Tulsa,36.2909,-95.8476,OKR1036532,4/28/2025,10/17/2027,1542,Nonresidential Construction,N,,,,,,,,,,,
Pryor High School - Phase 4,Pryor Public Schools,1208 SE 9th St,Pryor,OK,74361,Mayes,36.2917278,-95.3045667,OKR1035520,5/24/2024,10/17/2027,1542,Nonresidential Construction,N,,,,,,,,,,,
North Garnett Block 9 Lot 2,Critex Smith Farms LLC,9561 N Garnett Road,Owasso,OK,74055,Tulsa,36.292041,-95.847349,OKR1036475,4/2/2025,10/17/2027,1542,Nonresidential Construction,N,,,,,,,,,,,
Ranch Creek Interceptor Sewer Upgrade,Timber Wolf Excavating LLC,South of E 96th St N and .5 miles East of N Memorial Dr ext,Owasso,OK,74055,Tulsa,36.292171,-95.874478,OKR1035307,4/3/2024,10/17/2027,1542,Nonresidential Construction,N,,,,,,,,,,,
TWAS - Claremore C00416,SHJ Construction Group,1687 W Country Club Rd,Claremore,OK,74017,Rogers,36.2924806,-95.6293333,OKR1034236,4/19/2023,10/17/2027,1542,Nonresidential Construction,N,,,,,,,,,,,
Owasso Strip Center,Pinney Dozer,11340 E 96th St North,Owasso,OK,74055,Tulsa,36.2927778,-95.8445,OKR1033901,1/11/2023,10/17/2027,1542,Nonresidential Construction,N,,,,,,,,,,,
Paint Building Conststruction,"The Charles Machine Works, Inc.",1959 W Fir Ave,Perry,OK,73077,Noble,36.2929,-97.316,OKR1032302,10/10/2023,10/17/2027,1542,Nonresidential Construction,N,,,,,,,,,,,
E 96th Street N and N 145th E Ave Intersection Improvements,"Diversified Civil Contractors, LLC",14360 E 96th Street N,Owasso,OK,74055,Tulsa,36.2930518,-95.8121838,OKR1038079,8/31/2026,10/17/2027,1611,Highway And Street Construction,N,,,,,,,,,,,
7Brew Drive-Thru Coffee Shop,Wilson Global General Contracting LLC,11855 E. 96th Street,Owasso,OK,74055,Tulsa,36.2932244,-95.8423216,OKR1038115,8/21/2026,10/17/2027,1542,Nonresidential Construction,N,,,,,,,,,,,
Small Sliders,Slide-Thru LLC,11769 East 96th Street North,Owasso,OK,74055,Tulsa,36.2932417,-95.8433056,OKR1038045,8/10/2026,10/17/2027,1542,Nonresidential Construction,N,,,,,,,,,,,
Owasso Market Basin Conversion,Owasso Market Devco DE LLC,11725 E 96th Street N,Owasso,OK,74055,Tulsa,36.293485,-95.842798,OKR1036816,8/12/2025,10/17/2027,1542,Nonresidential Construction,N,,,,,,,,,,,
Perry Public Schools Junior High and Athletic Facility,Perry Public Schools,903 North 15th Street,Perry,OK,73077,Noble,36.294503,-97.30185,OKR1034083,4/17/2023,10/17/2027,1542,Nonresidential Construction,N,,,,,,,,,,,
Center 75 Business Park,Williamson Companies,9802 N Yale,Sperry,OK,74055,Tulsa,36.29571,-95.92218,OKR1037251,12/9/2025,10/17/2027,1542,Nonresidential Construction,N,,,,,,,,,,,
TCP Barracks and Dining Hall,LD Kerns,501 South Elliott Street,Pryor,OK,74361,Mayes,36.2965594,-95.3069946,OKR1036077,11/15/2024,10/17/2027,1542,Nonresidential Construction,N,,,,,,,,,,,
Viking 1,Viking Group LLC,820 S Perdue Avenue,Claremore,OK,74017,Rogers,36.299,-95.6031,OKR1029973,5/3/2023,10/17/2027,1542,Nonresidential Construction,N,,,,,,,,,,,
The Villas at Cypress Crossing,Cypress Crossing LLC,"East 100th Street North. East of Hwy 169, 0.25 mi north of",Owasso,OK,74055,Tulsa,36.2990019,-95.8222946,OKR1034052,2/24/2023,10/17/2027,,,N,,,,,,,,,,,
Glanz Residence,Thomason Design,20065 Clearbrook Rd,Owasso,OK,74055,Rogers,36.299005,-95.749562,OKR1036224,1/13/2025,10/17/2027,1521,Single-Family Housing Construction,N,,,,,,,,,,,
Justus 161-26.4 kV 14MVA Distribution Substation,KAMO Electric Cooperative Inc,21378 S 4190 Rd,Claremore,OK,74017,Rogers,36.300986,-95.544228,OKR1036463,3/28/2025,10/17/2027,1623,"Water, Sewer, And Utility Lines",N,,,,,,,,,,,
The Woodlands at Elm Creek,Elm Creek Development Company LLC,.4 mi south of E 106th St N .1 mi east of N 161st East Ave,Owasso,OK,74055,Rogers,36.3016667,-95.7916667,OKR1033008,5/23/2023,10/17/2027,1521,Single-Family Housing Construction,N,,,,,,,,,,,
Stoney Creek RV Site,Stoney Creek RV LLC,21210 S 4230 Rd,Claremore,OK,74017,Rogers,36.302631,-95.471515,OKR1036329,2/21/2025,10/17/2027,1522,Residential Construction,N,,,,,,,,,,,
The Lakes at Bailey Phase II,Lakes at Bailey LLC,.3 mi south of E 106th St N .3 mi east of N Mingo Rd,Owasso,OK,74055,Tulsa,36.30325,-95.8594361,OKR1036086,11/25/2024,10/17/2027,1521,Single-Family Housing Construction,N,,,,,,,,,,,
Bailey Village,Lakes at Bailey LLC,.3 miles S of E 106th St N .3 miles E of N Mingo Rd,Owasso,OK,74055,Tulsa,36.30348,-95.85975,OKR1035765,8/21/2024,10/17/2027,1521,Single-Family Housing Construction,N,,,,,,,,,,,
ODOT JP 33049 04,Bridgeco Contractors Inc,On W Wheat Capital Rd .1 mi east of S Boomer Rd and,Drummond,OK,73735,Garfield,36.303941,-97.994198,OKR1036794,8/4/2025,10/17/2027,1622,"Bridge, Tunnel, & Elevated Highway",N,,,,,,,,,,,
FinCo Mini-Storage,"FinCo Storage, LLC",10375 N 52nd W Ave,Sperry,OK,74073,Osage,36.304276,-96.048457,OKR1032898,8/30/2023,10/17/2027,1542,Nonresidential Construction,N,,,,,,,,,,,
Rogers County Youth Services,Myers-Cherry Construction,21100 South 4130 Road,Claremore,OK,74017,Rogers,36.304517,-95.652031,OKR1035906,10/3/2024,10/17/2027,1542,Nonresidential Construction,N,,,,,,,,,,,
QuikTrip #0060,QuikTrip Corporation,49 S Mill Street,Pryor,OK,74361,Mayes,36.3063371,-95.3186719,OKR1037966,7/29/2026,10/17/2027,1542,Nonresidential Construction,N,,,,,,,,,,,
Clarity Holdings,Clarity Holdings LLC,10504 N. Garnett Road,Owasso,OK,74055,Tulsa,36.30639,-95.84861,OKR1035954,10/11/2024,10/17/2027,1542,Nonresidential Construction,N,,,,,,,,,,,
Larkin Bailey Foundation North Detention Pond,Larkin Bailey Foundation,West of N Garnett Rd .075 mi south of S 106th St N,Owasso,OK,74055,Tulsa,36.30639,-95.84861,OKR1036058,1/13/2025,10/17/2027,1542,Nonresidential Construction,N,,,,,,,,,,,
106th St N and Memorial,Blue Chip Land Company LLC,NE corner of E 106th and N Memorial,Owasso,OK,74055,Tulsa,36.3075,-95.8830556,OKR1031884,4/17/2023,10/17/2027,1521,Single-Family Housing Construction,N,,,,,,,,,,,
ODOT JP 33317 04,Becco Contractors,Intersection of E 106th St  N and N 129th E  Ave,Owasso,OK,74055,Tulsa,36.3075571,-95.830173,OKR1037399,2/2/2026,10/17/2027,1611,Highway And Street Construction,N,,,,,,,,,,,
Justus-Tiawah PS North Campus,Myers-Cherry Construction Inc,14902 East School Road,Claremore,OK,74017,Rogers,36.3076611,-95.5621833,OKR1036834,8/7/2025,10/17/2027,1542,Nonresidential Construction,N,,,,,,,,,,,
Skeleton Creek Solar,Blattner Energy LLC,Between E Fox Dr and E Wood Rd and between S 16th St and S,Waukomis,OK,73773,Garfield,36.3078,-97.8321,OKR1035719,8/21/2024,10/17/2027,1542,Nonresidential Construction,N,,,,,,,,,,,
Caseys General Store 4559 - Owasso OK,Caseys Marketing Company,Northeast of N Garnett Rd and E 106th St N,Owasso,OK,74055,Tulsa,36.307903,-95.847703,OKR1035980,2/5/2025,10/17/2027,1542,Nonresidential Construction,N,,,,,,,,,,,
The Meadows II,Blue Chip Land Company LLC,NE corner of E 106th St N and N Memorial Dr,Owasso,OK,74055,Tulsa,36.308142,-95.883549,OKR1034917,11/17/2023,10/17/2027,1521,Single-Family Housing Construction,N,,,,,,,,,,,
Edgar Grow Houses,Rafael Garcia,5911 E 106th Str. N.,Sperry,OK,74073,Tulsa,36.3084272,-95.9076703,OKR1035744,8/23/2024,10/17/2027,1542,Nonresidential Construction,N,,,,,,,,,,,
Same Day Auto - Owasso,Same Day Auto Repair,10604 N 137th E Ave,Owasso,OK,74055,Tulsa,36.308454,-95.819442,OKR1035241,3/7/2024,10/17/2027,1542,Nonresidential Construction,N,,,,,,,,,,,
RCB Bank Training Center,Myers-Cherry Construction LLC,323 South Muskogee Ave,Claremore,OK,74017,Rogers,36.308968,-95.614553,OKR1036060,11/20/2024,10/17/2027,1542,Nonresidential Construction,N,,,,,,,,,,,
The Reserve at Owasso,The Norris Group,"North of E 106th St N, west of N 145th East Ave, east of",Owasso,OK,74055,Tulsa,36.30915,-95.815175,OKR1034270,4/28/2023,10/17/2027,1521,Single-Family Housing Construction,N,,,,,,,,,,,
Sunset Meadows,T&J Excavating,10728 N Memorial Dr E,Owasso,OK,74055,Tulsa,36.310088,-95.887753,OKR1037110,10/30/2025,10/17/2027,1522,Residential Construction,N,,,,,,,,,,,
Parker Village,BAK Development LLC,10703 N Garnett Rd,Owasso,OK,74055,Tulsa,36.3101778,-95.8474111,OKR1032069,5/10/2023,10/17/2027,1521,Single-Family Housing Construction,N,,,,,,,,,,,
Birchwood Subdivision,"Birchwood Development, LLC",E 106th St N and N 209th East Ave,Owasso,OK,74055,Rogers,36.3108333,-95.7363889,OKR1031065,8/2/2023,10/17/2027,1522,Residential Construction,N,,,,,,,,,,,
Executive Homes - 20710 Rockport Drive,Executive Homes,20710 Rockport Drive,Claremore,OK,74017,Rogers,36.311092,-95.659935,OKR1037008,10/27/2025,10/17/2027,1521,Single-Family Housing Construction,N,,,,,,,,,,,
Pryor Self-Storage Facility,TC4 Graham Street LLC,801 West Graham Ave,Pryor,OK,74361,Mayes,36.3111444,-95.3296694,OKR1036067,11/21/2024,10/17/2027,1542,Nonresidential Construction,N,,,,,,,,,,,
Pafford EMS,Pafford EMS,555 S Brady St,Claremore,OK,74017,Rogers,36.31182,-95.63334,OKR1037027,10/9/2025,10/17/2027,1542,Nonresidential Construction,N,,,,,,,,,,,
20900 S Rockport Dr,Jeff Messenger,20900 S Rockport Dr,Claremore,OK,74017,Rogers,36.3118667,-95.6569861,OKR1037590,3/30/2026,10/17/2027,1542,Nonresidential Construction,N,,,,,,,,,,,
Summit East,Green Property Management Inc,Northeast of E 106th St N and E Hwy 20,Claremore,OK,74017,Rogers,36.3119444,-95.7266667,OKR1037163,11/17/2025,10/17/2027,1521,Single-Family Housing Construction,N,,,,,,,,,,,
Summit East,Green Property Management Inc,Northeast of E 106th St N and E Hwy 20,Claremore,OK,74017,Rogers,36.3119444,-95.7266667,OKR1037163,11/17/2025,10/17/2027,1542,Nonresidential Construction,N,,,,,,,,,,,
The Meadows III,Blue Chip Land Company,.3 miles N of E 106th St N .4 miles e of N Memorial Dr,Owasso,OK,74055,Tulsa,36.312496,-95.876307,OKR1036161,1/28/2025,10/17/2027,1521,Single-Family Housing Construction,N,,,,,,,,,,,
Casey's General Store 4676,Caseys Services Company,305 N Mill St,Pryor,OK,74361,Mayes,36.3130149,-95.3161422,OKR1036720,6/30/2025,10/17/2027,1542,Nonresidential Construction,N,,,,,,,,,,,
Prairie Park,Claremore Lots LLC,North of E 490 Rd .6 mi west of S 4210 Rd,Claremore,OK,74017,Rogers,36.3136,-95.5187,OKR1036335,3/28/2025,10/17/2027,1521,Single-Family Housing Construction,N,,,,,,,,,,,
Owasso Sports Park - Drainage Improvements,"Builder's Unlimited, Inc.",10320 E 116th St N,Tulsa,OK,74055,Tulsa,36.3151556,-95.8598472,OKR1037885,6/30/2026,10/17/2027,1542,Nonresidential Construction,N,,,,,,,,,,,
Rogers State University Center for Science and Technology,Flintco LLC,1701 W. Will Rogers Blvd,Claremore,OK,74107,Rogers,36.3187523,-95.6381644,OKR1037919,7/1/2026,10/17/2027,1542,Nonresidential Construction,N,,,,,,,,,,,
Osage Reserve Subdivision,Jordan Family Osage Investments LLC,4371 West 113th Street North,Sperry,OK,74073,Osage,36.319534,-96.038235,OKR1036234,1/27/2025,10/17/2027,1521,Single-Family Housing Construction,N,,,,,,,,,,,
Braums Ice Cream and Dairy Store - 11432 N 135th E Ave,Retail Buildings Inc,11432 N 135th E Ave,Owasso,OK,74055,Tulsa,36.3195444,-95.8225,OKR1037166,11/5/2025,10/17/2027,1542,Nonresidential Construction,N,,,,,,,,,,,
Mercy Regional EMS,Cripple Creek Construction,700 ft south of E 116th St N and west of N 129th E Ave,Owasso,OK,74055,Tulsa,36.3199861,-95.8307389,OKR1037179,12/8/2025,10/17/2027,1542,Nonresidential Construction,N,,,,,,,,,,,
ATT Project A05DEP7,Southwestern Bell Telephone Co dba ATT Oklahoma,Hwy 64 begin .8 miles N of S 3450 Rd ext S 4 miles,Pawnee,OK,74058,Pawnee,36.3200251,-96.7818363,OKR1037677,4/22/2026,10/17/2027,1623,"Water, Sewer, And Utility Lines",N,,,,,,,,,,,
Cornerstone Ace Hardware,JMCC Land Company LLC,11550 N 129th E Ave,Owasso,OK,74055,Tulsa,36.3211111,-95.8308333,OKR1036312,2/12/2025,10/17/2027,1542,Nonresidential Construction,N,,,,,,,,,,,
116th St and Mingo Grading,Ground Level LLC,Southeast of E 116th St N and Mingo Rd/N 97th East Ave,Owasso,OK,74055,Tulsa,36.3216613,-95.8655328,OKR1037416,2/2/2026,10/17/2027,1541,Industrial Buildings And Warehouses,N,,,,,,,,,,,
Attic Storage Collinsville Business Park,Attic Self Storage @20 LLC,11621 N 177th St E Ave,Collinsville,OK,74021,Rogers,36.322168,-95.7755556,OKR1037744,6/1/2026,10/17/2027,1542,Nonresidential Construction,N,,,,,,,,,,,
Claremore Water Treatment Plant Phase II Improvements,City of Claremore Oklahoma,1450 E BLUE STARR DR,Claremore,OK,74017,Rogers,36.3222014,-95.58068,OKR1035625,7/15/2024,10/17/2027,1542,Nonresidential Construction,N,,,,,,,,,,,
Attic Storage at German Corner,Tyann Development,11105 E 116th St N,Collinsville,OK,74021,Tulsa,36.322267,-95.851559,OKR1035789,8/26/2024,10/17/2027,1542,Nonresidential Construction,N,,,,,,,,,,,
Blue Starr Apartments,Thrive Outdoor,North of E Blue Starr Dr .2 mi east of N Sioux Ave,Claremore,OK,74017,Rogers,36.32382,-95.59323,OKR1033628,6/28/2023,10/17/2027,1542,Nonresidential Construction,N,,,,,,,,,,,
Thiessen North Development,Thiessen North Investment Group LLC,North of E 116th Street N and west of N 145th E Ave,Collinsville,OK,74021,Tulsa,36.3240806,-95.8149111,OKR1035242,3/6/2024,10/17/2027,1542,Nonresidential Construction,N,,,,,,,,,,,
Keystone Crossing Subdivision,Keystone Crossing,.2 mi west of Northhaven Rd .2 mi north of E 480 Rd,Claremore,OK,74017,Rogers,36.32449,-95.65411,OKR1033850,12/28/2022,10/17/2027,1521,Single-Family Housing Construction,N,,,,,,,,,,,
Standard Supply,Carl Cypert,11759 N Garnett Rd,Collinsville,OK,74021,Tulsa,36.3250846,-95.8476938,OKR1036597,5/15/2025,10/17/2027,1542,Nonresidential Construction,N,,,,,,,,,,,
2023 Morrow Gravity Sanitary Sewer Extension,Thiessen North Investment Group LLC,".5 mi S of E 126th St N, .2 mi E of N 129th E Ave extends E",Owasso,OK,74021,Tulsa,36.3277778,-95.8205556,OKR1034668,8/18/2023,10/17/2027,1542,Nonresidential Construction,N,,,,,,,,,,,
Salt Branch II Solar,Leeward Renewable Energy Development,Between E 460 Rd and NE 1st St and between N 435 and N 437,Pryor,OK,74361,Mayes,36.328159,-95.243119,OKR1036135,12/30/2024,10/17/2027,1542,Nonresidential Construction,N,,,,,,,,,,,
Salt Branch Solar II,IEA Constructors LLC,869 E 470 Rd,Pryor,OK,74361,Mayes,36.328159,-95.243119,OKR1036707,6/27/2025,10/17/2027,1542,Nonresidential Construction,Y,,,,,,,,,,,
SH 88 Retail Warehouse Center,3SC Properties LLC,2251 OK-88,Claremore,OK,74017,Rogers,36.330128,-95.633317,OKR1035104,2/2/2024,10/17/2027,1542,Nonresidential Construction,N,,,,,,,,,,,
The Meadows at Stonegate - Merriemen Builders,Merriemen Builders,1917 Topaz Rd,Pryor,OK,74361,Mayes,36.3321472,-95.2861083,OKR1037224,12/17/2025,10/17/2027,1521,Single-Family Housing Construction,N,,,,,,,,,,,
Northstar Church Food Pantry,Northstar Church,Highway 69 and Old Airport Road,Pryor,OK,74361,Mayes,36.3326,-95.3071,OKR1033888,1/27/2023,10/17/2027,1542,Nonresidential Construction,N,,,,,,,,,,,
Water System Improvements Ground Storage Tank and booster Pump Station,Crossland Heavy Contractors Inc,1012 3rd St,Pawnee,OK,74058,Pawnee,36.3327088,-96.7987639,OKR1037165,3/27/2026,10/17/2027,1542,Nonresidential Construction,N,,,,,,,,,,,
AXH 2023,FASCO,2400 EL Anderson Blvd,Claremore,OK,74017,Rogers,36.333103,-95.608171,OKR1034779,10/2/2023,10/17/2027,1542,Nonresidential Construction,N,,,,,,,,,,,
Rogers County Health Department Expansion,Rogers County Health Department,2664 OK-88,Claremore,OK,74017,Rogers,36.334197,-95.6319363,OKR1037853,6/15/2026,10/17/2027,1542,Nonresidential Construction,N,,,,,,,,,,,
Reading Truck - Site Pavement and Drainage Improvements,Reading Truck,2800 N Lynn Riggs Blvd,Claremore,OK,74017,Rogers,36.334311,-95.603133,OKR1035193,3/11/2024,10/17/2027,1542,Nonresidential Construction,N,,,,,,,,,,,
Morrow Place Phase III,Morrow Place Development Inc,.3 mi east of N 129th East Ave .1 mi south of E 126th St N,Owasso,OK,74021,Tulsa,36.3344444,-95.825,OKR1033222,7/24/2023,10/17/2027,1521,Single-Family Housing Construction,N,,,,,,,,,,,
AXH North Lowry,Eli Spence,826 W Lowry Rd,Claremore,OK,74017,Rogers,36.3366207,-95.6046237,OKR1037996,7/24/2026,10/17/2027,1541,Industrial Buildings And Warehouses,N,,,,,,,,,,,
Salt Branch I Solar,Leeward Renewable Energy Development,North of E 470 .5 mi east of N 435,Pryor Creek,OK,74361,Mayes,36.3368,-95.24,OKR1036136,12/31/2024,10/17/2027,1542,Nonresidential Construction,N,,,,,,,,,,,
Salt Branch Solar I,IEA Constructors LLC,869 E 470; between E 450 Rd and E 470 Rd and between,Pryor,OK,74361,Mayes,36.3368,-95.24,OKR1036708,7/3/2025,10/17/2027,1542,Nonresidential Construction,Y,,,,,,,,,,,
ODOT JP 20314 04,Becco Contractors,US-64 from SH-18 Harrison St ext south about 1.988 miles,Pawnee,OK,74058,Pawnee,36.3379263,-96.8007035,OKR1037171,11/14/2025,10/17/2027,1611,Highway And Street Construction,N,,,,,,,,,,,
Blue Arc Facility,Eli Spence,3175 N Cieda Dr,Claremore,OK,74017,Rogers,36.3382212,-95.6076622,OKR1037892,6/29/2026,10/17/2027,1541,Industrial Buildings And Warehouses,N,,,,,,,,,,,
Repair to Center Runway,IHC Scott,1601 West Fox Drive btwn W Longhorn Trl,Enid,OK,73703,Garfield,36.3404889,-97.9184278,OKR1033687,11/14/2022,10/17/2027,1611,Highway And Street Construction,N,,,,,,,,,,,
Repair to Center Runway,IHC Scott,1601 West Fox Drive btwn W Longhorn Trl,Enid,OK,73703,Garfield,36.3404889,-97.9184278,OKR1033687,11/14/2022,10/17/2027,3273,Ready-Mixed Concrete,N,,,,,,,,,,,
Pryer Aerospace,Rupe Building Companies,3301 N Cieda Drive,Claremore,OK,74017,Rogers,36.340561,-95.608581,OKR1037867,6/15/2026,10/17/2027,1542,Nonresidential Construction,N,,,,,,,,,,,
Collinsville Public Schools - Early Childhood Center Addition,Nabholz Construction,12936 N 129th East Ave,Collinsville,OK,74021,Tulsa,36.341421,-95.83296,OKR1036770,8/4/2025,10/17/2027,1542,Nonresidential Construction,N,,,,,,,,,,,
AXH Staging Yard,AXH Air Coolers,3400 C John Carle Blvd,Claremore,OK,74017,Rogers,36.341458,-95.602653,OKR1037362,1/27/2026,10/17/2027,1542,Nonresidential Construction,N,,,,,,,,,,,
Leamy Landscape,Fasco,East of S 4150 Rd .6 mi north of W Lowry Rd,Claremore,OK,74017,Rogers,36.34537,-95.61447,OKR1034412,6/9/2023,10/17/2027,1542,Nonresidential Construction,N,,,,,,,,,,,
Project Mustang,Layton Construction,North of John Carle Blvd and N.Cieda Drive,Claremore,OK,74017,Rogers,36.3457041,-95.605129,OKR1037872,6/16/2026,10/17/2027,1541,Industrial Buildings And Warehouses,N,,,,,,,,,,,
Stone Lake Phase VI,K&S Development Inc,South of E 136th St N between N Yale Ave and N Sheridan Rd,Collinsville,OK,74021,Tulsa,36.3466667,-95.9072222,OKR1036855,8/26/2025,10/17/2027,1542,Nonresidential Construction,N,,,,,,,,,,,
Stone Lake Phase V,K and S Development Inc,S of E 136th St N .3 miles W of Sheridan Rd,Collinsville,OK,74021,Tulsa,36.3486111,-95.9072222,OKR1030779,8/29/2023,10/17/2027,6552,Subdividers And Developers,N,,,,,,,,,,,
The Flats II - Smalygo,"Smalygo Properties, Inc",.2 miles South of E 136th St N East of N Sheridan Rd.,Collinsville,OK,74021,Tulsa,36.34875,-95.898875,OKR1037970,8/12/2026,10/17/2027,1522,Residential Construction,N,,,,,,,,,,,
Starlight Meadows,Blue Chip Land Company,South Lombard Lane and 133rd Street North,Skiatook,OK,74070,Osage,36.349725,-96.015567,OKR1037935,7/1/2026,10/17/2027,1522,Residential Construction,N,,,,,,,,,,,
Stone Lake Phase III,K and S Development Inc,South of E 136th St N .2 mi east of N Yale Ave,Collinsville,OK,74021,Tulsa,36.35,-95.9141667,OKR1025420,9/15/2023,10/17/2027,1521,Single-Family Housing Construction,N,,,,,,,,,,,
Sewell Place - Roadway and Drainage Improvements,"Hammer Construction, Inc.",On Sewell Pl .3 miles East of N Sewell Dr,Pawnee,OK,74058,Pawnee,36.3515,-96.7952,OKR1038037,8/28/2026,10/17/2027,1611,Highway And Street Construction,N,,,,,,,,,,,
Hollow Creek Ext II,Smalygo Properties Inc,.5 mi east of N Hwy 75  .6 mi south of E 146th St N,Collinsville,OK,74070,Tulsa,36.3564417,-95.9121444,OKR1036410,3/14/2025,10/17/2027,1521,Single-Family Housing Construction,N,,,,,,,,,,,
Colpitt Crossing,Tulsa L Dev LLC,.5 mi east of N 97th East Ave .3 mi north of E 136th St N,Collinsville,OK,74021,Tulsa,36.3567194,-95.8570833,OKR1034872,11/2/2023,10/17/2027,1522,Residential Construction,N,,,,,,,,,,,
Cherokee Nation Housing Addition in Collinsville,Harris Contractors,.3 mi north of E 136th St N .3 mi east of N Sheridan Rd,Collinsville,OK,74021,Rogers,36.356946,-95.896932,OKR1035401,5/13/2024,10/17/2027,1522,Residential Construction,N,,,,,,,,,,,
Skiatook Boat and RV Storage,Skiatook Boat and RV Storage,1400 S John Zink Ave,Skiatook,OK,74070,Osage,36.3583333,-96.0083333,OKR1032503,9/12/2023,10/17/2027,1542,Nonresidential Construction,N,,,,,,,,,,,
Reserve at Southfield,Lynn Lane 31 LLC,.2 mi south of W Oak St .3 mi west of S Lombard Ln,Skiatook,OK,74070,Osage,36.358402,-96.018875,OKR1036754,7/15/2025,10/17/2027,1522,Residential Construction,N,,,,,,,,,,,
Skiatook Elementary Safe Room Gym,Skiatook Public Schools,1051 South Choctaw Ave,Skiatook,OK,74070,Osage,36.35918,-96.02437,OKR1035337,6/17/2024,10/17/2027,1542,Nonresidential Construction,N,,,,,,,,,,,
Stone Villas,Smalygo Properties Inc,W of S 22nd St .09 miles N of W Prairie St,Collinsville,OK,74021,Tulsa,36.3597222,-95.8522222,OKR1036253,1/27/2025,10/17/2027,1522,Residential Construction,N,,,,,,,,,,,
Oak Crossing,HDOK Management LLC,SE Corner of W Oak St and N 41st W Ave,Skiatook,OK,74070,Osage,36.3605556,-96.0293528,OKR1034193,4/14/2023,10/17/2027,1521,Single-Family Housing Construction,N,,,,,,,,,,,
Grubb Property,Joe Grubb,14450 N Ranch Road,Claremore,OK,74021,Rogers,36.3608333,-95.7625,OKR1034717,9/8/2023,10/17/2027,1542,Nonresidential Construction,N,,,,,,,,,,,
ODOT JP 29869 04,Bridgeco Contractors Inc,On Old John Deere .3 mi west of S Central St,Perry,OK,73077,Noble,36.3613889,-97.4519444,OKR1036798,8/4/2025,10/17/2027,1622,"Bridge, Tunnel, & Elevated Highway",N,,,,,,,,,,,
"Cable Placement, AT&T A059BVC",Southwestern Bell Telephone Co dba AT&T Oklahoma,Along N 3360 Rd from south of E 0450 Rd ext 1.9 mi north,Morrison,OK,73061,Pawnee,36.36214,-97.01426,OKR1036827,10/7/2025,10/17/2027,1623,"Water, Sewer, And Utility Lines",N,,,,,,,,,,,
Georgetowne - DGS Properties,"DG and S Properties, LLC",.1 miles S of E 146th St N .5 miles E of 97th E Ave,Collinsville,OK,74021,Tulsa,36.3635,-95.8569,OKR1031651,9/19/2023,10/17/2027,6552,Subdividers And Developers,N,,,,,,,,,,,
Green Country Auto Sales-Grading and Drainage,Green Country Land Company LLC,13780 E 146th St N,Collinsville,OK,74021,Tulsa,36.3647222,-95.8161111,OKR1037104,10/20/2025,10/17/2027,1542,Nonresidential Construction,N,,,,,,,,,,,
Arbys - Collinsville OK,Flynn Group LLC,5350 E. 146th Street N.,Collinsville,OK,74070,Tulsa,36.3649472,-95.9158563,OKR1035759,8/15/2024,10/17/2027,1542,Nonresidential Construction,N,,,,,,,,,,,
COOPER RANCH I & II,"JoeHenry Management Co., LLC,",5706 E 146TH ST N,Collinsville,OK,74070,Tulsa,36.36526,-95.912453,OKR1034815,10/19/2023,10/17/2027,1542,Nonresidential Construction,N,,,,,,,,,,,
Collinsville Public Schools - High School Addition,Nabholz Construction,2400 W Broadway St,Collinsville,OK,74021,Tulsa,36.366201,-95.856836,OKR1036769,8/7/2025,10/17/2027,1542,Nonresidential Construction,N,,,,,,,,,,,
Village Park II,Infinity Building and Development LLC,NW Corner of W. 6th Street and South Lenapah Avenue,Skiatook,OK,74070,Osage,36.3662139,-96.0331861,OKR1037878,6/16/2026,10/17/2027,1521,Single-Family Housing Construction,N,,,,,,,,,,,
Skiatook Public Safety Facility,Myers-Cherry Construction LLC,1617 W Seminole St,Skiatook,OK,74070,Osage,36.366317,-96.02614,OKR1036657,6/13/2025,10/17/2027,1542,Nonresidential Construction,N,,,,,,,,,,,
ODOT JP 34225 04,Duit Construction Co,US-75 from SH-20 Ext 3.5 miles North,Skiatook,OK,74070,Tulsa,36.3672143,-95.9206294,OKR1037740,5/12/2026,10/17/2027,1611,Highway And Street Construction,N,,,,,,,,,,,
ODOT JP 24267 04,Becco Contractors,On W Rogers Blvd from S Lenapah Ave ext 2.5 mi west,Skiatook,OK,74070,Osage,36.367847,-96.072275,OKR1035108,2/5/2024,10/17/2027,1611,Highway And Street Construction,N,,,,,,,,,,,
Scenic Circle - Lot 5 Block 1,Kevn H Cowles,Crystal Bay Estates,Skiatook,OK,74070,Osage,36.3733333,-96.1233333,OKR1037674,4/21/2026,10/17/2027,1521,Single-Family Housing Construction,N,,,,,,,,,,,
Collinsville Public Schools North Campus - 5th Grade and Transportation Center,Nabholz Construction,922 N 19th St,Collinsville,OK,74021,Tulsa,36.373334,-95.848486,OKR1037173,11/24/2025,10/17/2027,1542,Nonresidential Construction,N,,,,,,,,,,,
COT TMUA-W 19-01 Eucha Dam Anchoring,Nicholson Construction Company,"Eucha Dam, from D4525 Rd and E 440 Rd intersection, follow",Eucha,OK,74342,Delaware,36.3765518,-94.9311418,OKR1036046,11/15/2024,10/17/2027,1623,"Water, Sewer, And Utility Lines",Y,,,,,,,,,,,
78-Wind Turbine Substation and O&M Building,Willow Creek Wind LLC,Turbines between N 3370 Rd to N 3250 Rd and Maverick to Ute,Morrison,OK,73061,Noble,36.378,-97.047,OKR1036186,1/2/2025,10/17/2027,1542,Nonresidential Construction,N,,,,,,,,,,,
"Koch Fertilizer Enid, LLC - Administration and Maintenance Buildings",Koch Fertilizer Enid LLC,1619 S. 78th St,Enid,OK,73701,Garfield,36.382352,-97.763984,OKR1037849,6/15/2026,10/17/2027,1541,Industrial Buildings And Warehouses,N,,,,,,,,,,,
Woodring Regional Airport Reconstruct South Ramp and Multi Use Hangar,Diversified Construction,1026 S 66TH ST,Enid,OK,73701,Garfield,36.383583,-97.787361,OKR1034375,6/7/2023,10/17/2027,1542,Nonresidential Construction,N,,,,,,,,,,,
Willow Creek Energy Center LLC,The Ryan Company,43259 S 33600 Road,Morrison,OK,73061,Pawnee,36.389619,-97.028125,OKR1037395,2/2/2026,10/17/2027,1542,Nonresidential Construction,N,,,,,,,,,,,
Enid Carwash,Wagon Creek Holdings LLC,1005 Owen K Garriott Rd,Enid,OK,73701,Garfield,36.3901167,-97.8619639,OKR1034936,11/30/2023,10/17/2027,1542,Nonresidential Construction,N,,,,,,,,,,,
ODOT JP 31059 04,The Cummins Construction Company Inc,On HWY 60/US HWY 412 from .7 mi west of N 2690 Rd,Meno,OK,73760,Major,36.3906,-98.155,OKR1036366,3/17/2025,10/17/2027,1611,Highway And Street Construction,N,,,,,,,,,,,
66th Street Industrial Sanitary Sewer,Luckinbill Construction Company,"Beginning at S Raleigh Rd and E Market St, north to Hwy 64",Enid,OK,73701,Garfield,36.3908846,-97.8007409,OKR1036706,6/24/2025,10/17/2027,1623,"Water, Sewer, And Utility Lines",N,,,,,,,,,,,
Fancy Dance Casino Expansion,Nabholz Construction Corporation,8651 Quail Street,Perry,OK,73077,Noble,36.3939,-97.3247,OKR1037240,12/16/2025,10/17/2027,1542,Nonresidential Construction,N,,,,,,,,,,,
ATT E Randolph Ave Enid OK A05DGEN,Southwestern Bell Telephone Co dba AT&T Oklahoma,begin near the inter of E Randolph Ave and US-64 East to E,Enid,OK,73701,Garfield,36.397922,-97.836219,OKR1037785,5/22/2026,10/17/2027,1623,"Water, Sewer, And Utility Lines",N,,,,,,,,,,,
Cleo Springs Switch Station,Western Farmers Electric Cooperative,.3 miles W of N 2570 Rd .4 miles S of E Texas St/E 0420 Rd,Cleo Springs,OK,73729,Major,36.398727,-98.431575,OKR1036757,7/15/2025,10/17/2027,1623,"Water, Sewer, And Utility Lines",N,,,,,,,,,,,
TP&L Enid Laydown Facility,Transportation Partners & Logistics LLC,SE corner of N 66th St and E Chestnut Ave,Enid,OK,73701,Garfield,36.4026167,-97.7811,OKR1030020,6/20/2023,10/17/2027,1542,Nonresidential Construction,N,,,,,,,,,,,
TP&L Enid Laydown Facility,Transportation Partners & Logistics LLC,SE corner of N 66th St and E Chestnut Ave,Enid,OK,73701,Garfield,36.4026167,-97.7811,OKR1030020,6/20/2023,10/17/2027,1531,Operative Builders,N,,,,,,,,,,,
Waller Detention Pond - Project F-2301C,MK Excavation LLC,W of N Cleveland St  .2 miles N of W Elm Ave,Enid,OK,73703,Garfield,36.4028714,-97.9081783,OKR1036951,9/2/2025,10/17/2027,1623,"Water, Sewer, And Utility Lines",N,,,,,,,,,,,
Kaw Lake Water Supply - WTP,Garney Construction,6323 W Chestnut Ave,Enid,OK,73703,Garfield,36.405,-97.956,OKR1031959,6/22/2023,10/17/2027,1542,Nonresidential Construction,N,,,,,,,,,,,
Enid Pediatric Clinic,GSP Health Center,5320 West Chestnut Avenue,Enid,OK,73703,Garfield,36.4063,-97.9433,OKR1033457,8/23/2023,10/17/2027,1542,Nonresidential Construction,N,,,,,,,,,,,
Jay Water Treatment Plant Expansion,Branco Enterprises Inc,2431 S Main St,Jay,OK,74346,Delaware,36.40683,-94.82477,OKR1035405,4/24/2024,10/17/2027,1542,Nonresidential Construction,N,,,,,,,,,,,
RWD No 3 Rogers County E 420 Dowden Rd Waterline Project,Stronghand LLC,Along the southside of E 420 Rd east of SH 88,Claremore,OK,74017,Rogers,36.408707,-95.627231,OKR1037372,1/23/2026,10/17/2027,1623,"Water, Sewer, And Utility Lines",N,,,,,,,,,,,
Hominy Municipal Lake Channel Improvements ARP-23-0006-DG,Wyatt Contracting,Hominy Municipal Lake spillway channel SH-20,Hominy,OK,74035,Osage,36.4088944,-96.412746,OKR1036820,7/28/2025,10/17/2027,,,N,,,,,,,,,,,
Walmart Supercenter 00150-238 Building Expansion,Wal-Mart Stores Inc.,3215 Williams Ave,Woodward,OK,73108,Woodward,36.412692,-99.383717,OKR1037983,7/20/2026,10/17/2027,1542,Nonresidential Construction,N,,,,,,,,,,,
Jay to Anderson Transmission Line Rebuild,KAMO Electric Cooperative Inc,From substation north of State Hwy 20 .6 mi west of D4660 Rd,Jay,OK,74346,Delaware,36.413,-94.713,OKR1036330,2/21/2025,10/17/2027,1623,"Water, Sewer, And Utility Lines",Y,,,,,,,,,,,
Grading Drainage & Surfacing,The Cummins Construction Company Inc,N. Cleveland Street BNSF RR to W Willow Road,Enid,OK,73703,Garfield,36.415,-97.908,OKR1035943,10/10/2024,10/17/2027,1611,Highway And Street Construction,N,,,,,,,,,,,
RWD3 Maintenance Facility,RWD3 Rogers County,Northwest of SH-88 and S Cedar St,Claremore,OK,74017,Rogers,36.4161111,-95.6511111,OKR1037239,12/8/2025,10/17/2027,1542,Nonresidential Construction,N,,,,,,,,,,,
Tacora Water Tower,Landmark Structures,S of E Oak St .06 mile W of S Cedar St,Claremore,OK,74017,Rogers,36.416494,-95.652002,OKR1035257,4/1/2024,10/17/2027,1542,Nonresidential Construction,N,,,,,,,,,,,
New Corporate Office,The Cummins Construction Co Inc,Southwest of W Willow Road and N Cleveland Street,Enid,OK,73703,Garfield,36.4194444,-97.9094444,OKR1030984,5/15/2023,10/17/2027,1542,Nonresidential Construction,N,,,,,,,,,,,
ODOT JP 37999 04,Wyatt Contracting,On W Willow Rd from N Oakwood Rd ext .5 mi west,Enid,OK,73703,Garfield,36.4197561,-97.9260267,OKR1036734,7/3/2025,10/17/2027,1611,Highway And Street Construction,N,,,,,,,,,,,
Foster Creek,Barefoot Properties LLC,.8 miles North of E 176th St N along N Garnett Road/N113th E,Collinsville,OK,74021,Tulsa,36.4206,-95.8482,OKR1034279,5/10/2023,10/17/2027,1522,Residential Construction,N,,,,,,,,,,,
Oologah Stilling Basin Repair,Highpoint Partners LLC,Oologah Dam,Oologah,OK,74017,Rogers,36.4217611,-95.6819444,OKR1037615,4/3/2026,10/17/2027,1542,Nonresidential Construction,N,,,,,,,,,,,
Seiling State Bank,Eclipse Brand Builders LLC,2326 Williams Ave.,Woodward,OK,73801,Woodward,36.423311,-99.388727,OKR1034793,10/2/2023,10/17/2027,1542,Nonresidential Construction,N,,,,,,,,,,,
Northeastern Power Station New Low Volume Wastewater Pond and BAP Closure,American Electric Power - Public Service Company of Oklahoma,7300 Highway 88,Oologah,OK,74053,Rogers,36.4241389,-95.7071389,OKR1036314,2/26/2025,10/17/2027,1542,Nonresidential Construction,Y,,,,,,,,,,,
Cell 15 Construction,"Clean Harbors Lone Mountain, LLC",40355 S County Road 236,Waynoka,OK,73860,Major,36.4299,-98.8004,OKR1023017,6/14/2023,10/17/2027,1542,Nonresidential Construction,N,,,,,,,,,,,
Osage Nation Hominy Assisted Living,Osage Nation Tribal Development,996 Elk Lane,Hominy,OK,74035,Osage,36.4315,-96.389333,OKR1037117,10/29/2025,10/17/2027,1521,Single-Family Housing Construction,N,,,,,,,,,,,
Belle Crossing Second Addition,STK Development,.1 mi south of W Purdue Ave .2 mi west of N Cleveland St,Enid,OK,73703,Garfield,36.4325444,-97.9105667,OKR1032184,8/23/2023,10/17/2027,1521,Single-Family Housing Construction,N,,,,,,,,,,,
ODOT JP 24868 09,Redlands Contracting LLC,County Road EW-40 from Main Street in Garber,Garber,OK,73738,Garfield,36.4335087,-97.5827285,OKR1038032,7/31/2026,10/17/2027,,,N,,,,,,,,,,,
CF Industries 300x500 Laydown Yard Extension and New Exit Rd,Terra International (Oklahoma) LLC,1000 Terra Dr,Woodward,OK,73801,Woodward,36.433833,-99.46572,OKR1037729,5/8/2026,10/17/2027,1542,Nonresidential Construction,N,,,,,,,,,,,
Sooner to Wekiwa 345 kV Transmission Line Project,Green Country Partners,Begin E of Hwy 177 .6 mile N of E0400 Rd ext SE to W 91st St,Red Rock,OK,74651,Noble,36.44259,-97.067159,OKR1035223,3/6/2024,10/17/2027,1623,"Water, Sewer, And Utility Lines",N,,,,,,,,,,,
Breckinridge Wind Repower,NextEra Energy - Breckinridge Wind Repower,13113 E PHILLIPS AVE  between E Carrier Rd and E,Enid,OK,73701,Garfield,36.448092,-97.6943649,OKR1035855,9/20/2024,10/17/2027,1623,"Water, Sewer, And Utility Lines",N,,,,,,,,,,,
ODOT JP 24150 04 and JP 24151 04,Becco Contractors,US-59 from 0.82 m south of SH-127,Jay,OK,74344,Delaware,36.4522057,-94.7823047,OKR1037645,4/9/2026,10/17/2027,1611,Highway And Street Construction,Y,,,,,,,,,,,
ODOT JP 31863 04,The Cummins Construction Company Inc,US HWY 281 from US Hwy 412 to .9 mi north of E 0360 Rd,Waynoka,OK,73860,Major,36.465,-98.877,OKR1036048,11/25/2024,10/17/2027,1611,Highway And Street Construction,Y,,,,,,,,,,,
Chisholm Ranch Estates,STK Construction LLC,On N side of Carrier Rd and .5 miles W of Cleveland St,Enid,OK,73703,Garfield,36.468872,-97.917241,OKR1029769,9/1/2023,10/17/2027,1522,Residential Construction,N,,,,,,,,,,,
ODOT JP 29410 04,K&R Builders Inc,On CR 378 1 mi east and north of County Road 559,Zena,OK,74342,Delaware,36.475,-94.8672222,OKR1036814,7/29/2025,10/17/2027,1622,"Bridge, Tunnel, & Elevated Highway",Y,,,,,,,,,,,
Red Rock Substation and Tap Line,KAMO Electric Cooperative Inc,24301 Windmill Rd.,Red Rock,OK,74651,Noble,36.4785083,-97.0449083,OKR1025675,10/13/2023,10/17/2027,1542,Nonresidential Construction,N,,,,,,,,,,,
A057ZV8 26OK10 Langley OK,Southwestern Bell Telephone Co. dba AT&T Oklahoma:,Begin west of Hwy 82 west along Hwy 28 ROW to west of,Langley,OK,74350,Mayes,36.481336,-95.060438,OKR1037917,7/20/2026,10/17/2027,1623,"Water, Sewer, And Utility Lines",Y,,,,,,,,,,,
TCEC Three Corners Substation,Hardberger & Smylie Inc,N of Rinker Rd .1 miles E of Feeder Rd,Hooker,OK,73937,Cimarron,36.500833,-103.001667,OKR1032943,9/12/2023,10/17/2027,1542,Nonresidential Construction,N,,,,,,,,,,,
Chelsea Gas Authority Future New Office,Chelsea Gas Authority,6205 S Highway 28,Chelsea,OK,74016,Rogers,36.526452,-95.435746,OKR1037232,12/8/2025,10/17/2027,1542,Nonresidential Construction,N,,,,,,,,,,,
Alva 750K Water Storage Tank,Clark Contracting Company LLC,Northeast of Canadian Rd and County Road 430,Aline,OK,73716,Woods,36.536344,-98.675297,OKR1036280,2/7/2025,10/17/2027,1623,"Water, Sewer, And Utility Lines",N,,,,,,,,,,,
Chelsea School Multi-Activity Center,The Ross Group Construction Corporation LLC,300 Ralph Terry Lane,Chelsea,OK,74016,Rogers,36.54084,-95.437584,OKR1036484,4/14/2025,10/17/2027,1542,Nonresidential Construction,N,,,,,,,,,,,
ODOT JP 32844 04,Paradigm Construction & Engineering Inc,CR 4310 Rd over Little Pryor Creek 1.84 mi South of SH-66,Chelsea,OK,74016,Rogers,36.5413594,-95.3282549,OKR1037753,5/12/2026,10/17/2027,1622,"Bridge, Tunnel, & Elevated Highway",N,,,,,,,,,,,
ODDA Project - 1K8-26-LD Airport Expansion,Crossland Construction Company,448500 E 330 R,Ketchum,OK,74349,Craig,36.543382,-95.0158516,OKR1037198,11/19/2025,10/17/2027,,,Y,,,,,,,,,,,
ODOT JP 26496 04,The Cummins Construction Company Inc,On SH-8 from SH 45 south to E 0340 Rd,Carmen,OK,73726,Alfalfa,36.551,-98.426,OKR1037022,10/21/2025,10/17/2027,1611,Highway And Street Construction,N,,,,,,,,,,,
Waxhoma Dam Improvements,Crossland Heavy Contractors Inc,CR 2331,Barnsdall,OK,74002,Osage,36.553762,-96.116655,OKR1037794,5/22/2026,10/17/2027,1611,Highway And Street Construction,N,,,,,,,,,,,
CIRB-213C 041 RB - EW-31,J&R Constructors Group LLC,CR EW-31  from N 0525 Rd to N 0531 Rd,Griggs,OK,73949,Cimarron,36.5590306,-102.1114805,OKR1037632,4/6/2026,10/17/2027,1611,Highway And Street Construction,N,,,,,,,,,,,
Gramor Acres - Lots 11 and 12 Block 1,Machado LLC,Northwest of E 315 Rd .8 mi west of S 566 Rd,Jay,OK,74346,Delaware,36.5635583,-94.8865444,OKR1037266,12/17/2025,10/17/2027,1521,Single-Family Housing Construction,Y,,,,,,,,,,,
OPSU Shooting Sports Facility,Oklahoma Panhandle State University,South of E0300 Rd .6 mi east of County Road 40,Goodwell,OK,73939,Texas,36.5677778,-101.6216667,OKR1032096,8/29/2023,10/17/2027,1542,Nonresidential Construction,N,,,,,,,,,,,
DG Woodward Energy Storage LLC,Energy Erectors Inc,30242 S County Road 208,Woodward,OK,73802,Woodward,36.5741706,-99.3020599,OKR1035904,9/27/2024,10/17/2027,1542,Nonresidential Construction,N,,,,,,,,,,,
City of Grove Fire Department,Timberlake Construction Co Inc,1820 S Broadway Street,Grove,OK,74344,Delaware,36.5776059,-94.7725201,OKR1036491,4/11/2025,10/17/2027,1542,Nonresidential Construction,N,,,,,,,,,,,
ODOT JP 31075 04,Frontier Bridge Inc,On SH-18 over Salt Creek .4 mi north of Elm St,Fairfax,OK,74637,Osage,36.5788889,-96.7033333,OKR1036948,9/8/2025,10/17/2027,1622,"Bridge, Tunnel, & Elevated Highway",N,,,,,,,,,,,
Dollar General Store 31757,4D Construction,204 E Main St,Carmen,OK,73726,Alfalfa,36.5792,-98.45234,OKR1037261,12/15/2025,10/17/2027,1542,Nonresidential Construction,N,,,,,,,,,,,
ODOT JP 28262 05,Wyatt Contracting,On SH-11 over Red Eagle Branch 1.1 mi north of Pine Ave,Barnsdall,OK,74002,Osage,36.5822819,-96.174755,OKR1034866,11/2/2023,10/17/2027,1611,Highway And Street Construction,N,,,,,,,,,,,
Grand Lake Family YMCA,Grand Lake Family YMCA,821 E 11th St,Grove,OK,74344,Delaware,36.585577,-94.760734,OKR1035606,6/28/2024,10/17/2027,1542,Nonresidential Construction,Y,,,,,,,,,,,
City of Grove Police Department,Timberlake Construction Co Inc,1141 Neo Loop,Grove,OK,74344,Delaware,36.585967,-94.75249,OKR1036492,4/11/2025,10/17/2027,1542,Nonresidential Construction,Y,,,,,,,,,,,
Grove City Park Trails Phase 1,Rock Solid Trail Contracting LLC,S Center Street,Grove,OK,74344,Delaware,36.586131,-94.774639,OKR1037874,6/29/2026,10/17/2027,1542,Nonresidential Construction,Y,,,,,,,,,,,
CIRB-213C 042 RB - NS-50,J&R Constructors Group LLC,on N 0525 Rd from E 0280 Rd to .08 miles N of E 0310 Rd,Griggs,OK,73949,Cimarron,36.5904791,-102.122394,OKR1037631,4/8/2026,10/17/2027,1611,Highway And Street Construction,N,,,,,,,,,,,
Panhandle Solar Project,Blattner Energy,S of E 0275 Rd E of Mile 31 Rd,Guymon,OK,73942,Texas,36.592144,-101.464153,OKR1037203,11/26/2025,10/17/2027,1542,Nonresidential Construction,N,,,,,,,,,,,
Ponderosa Wind II,Ponderosa Wind II LLC,28222 NS 123 Rd From between E 0260 Rd and E 0320 Rd and,Balko,OK,73931,Beaver,36.5927,-100.8354,OKR1035177,2/27/2024,10/17/2027,1542,Nonresidential Construction,N,,,,,,,,,,,
NEO Electric Grove Pole Yard Expansion,Northeast Oklahoma Electric Cooperative Inc,29216 S 640 RD,Grove,OK,74344,Delaware,36.5942197,-94.7369742,OKR1034353,5/24/2023,10/17/2027,1541,Industrial Buildings And Warehouses,N,,,,,,,,,,,
PATRICIA ISLAND ESTATES,Patricia Island Golf Club,4980 CLUBHOUSE RD,Grove,OK,74344,Delaware,36.595278,-94.834999,OKR1028709,6/23/2023,10/17/2027,,,Y,,,,,,,,,,,
Barnsdale Station Expansion,Magellan Pipeline Company LP,2128 Co Rd 2401,Barnsdall,OK,74002,Osage,36.601281,-96.147506,OKR1036144,12/18/2024,10/17/2027,1542,Nonresidential Construction,N,,,,,,,,,,,
Duplexes at Grand Lake Sunrise Village Phase 2,Grand Lake Sunrise Village LLC,297 Sunrise Circle,Grove,OK,74344,Delaware,36.6022222,-94.7869444,OKR1036462,4/8/2025,10/17/2027,1521,Single-Family Housing Construction,Y,,,,,,,,,,,
Tera Miranda Resort,Grand Lake Holdings LLC,28251 S 561 Rd,Afton,OK,74331,Delaware,36.6088,-94.8715,OKR1020575,9/15/2023,10/17/2027,6552,Subdividers And Developers,Y,,,,,,,,,,,
Panhandle Solar Transmission Line,Ferreira Power South,From southeast of E 0275 Rd and Mile 31 west and north to,Guymon,OK,73942,Texas,36.608807,-101.473966,OKR1037527,3/4/2026,10/17/2027,1623,"Water, Sewer, And Utility Lines",N,,,,,,,,,,,
Monkey Island RV Park Expansion,MVRV LLC,56140 East 280 Road,Afton,OK,74331,Delaware,36.6130222,-94.8687194,OKR1035201,2/27/2024,10/17/2027,1542,Nonresidential Construction,N,,,,,,,,,,,
ODOT JP 35775 04,"Redlands Contracting, LLC",US-83 at the intersection of SH-3 Bryans Corner,Hardesty,OK,73931,Beaver,36.6155276,-100.8289146,OKR1038086,8/13/2026,10/17/2027,1611,Highway And Street Construction,N,,,,,,,,,,,
Rose Rock Phase 1,Rose Rock Lakeside,Approx 0.25 miles N of E 280 Rd & E of Hwy 125,Afton,OK,74331,Delaware,36.61762,-94.873044,OKR1036449,3/27/2025,10/17/2027,1521,Single-Family Housing Construction,Y,,,,,,,,,,,
ODOT JP 33583 04,J&R Constructors Group LLC,On E 0270 Rd from E 21 Rd to and onto N 2010 Rd south to,Woodward,OK,73801,Harper,36.6188889,-99.4425,OKR1036870,8/21/2025,10/17/2027,1611,Highway And Street Construction,N,,,,,,,,,,,
White Eagle Sand Plant,Dolese Bros Co,NW 4 & N2 SW4 28 T 25N R 2E,Ponca City,OK,74601,Kay,36.6193778,-97.1004972,OKR1027541,5/15/2023,10/17/2027,1442,Construction Sand And Gravel,N,,,,,,,,,,,
ODOT JP 27917 04,Becco Contractors,On SH-125 from .3 mi south of E Hwy 85A ext .7 mi south,Bernice State Park,OK,74331,Delaware,36.6252514,-94.8734509,OKR1036256,1/27/2025,10/17/2027,1611,Highway And Street Construction,Y,,,,,,,,,,,
American Heartland Theme Park & Resort,Mansion Entertainment Group LLC,Northwest of S 4460 Rd and E Hwy 60,Vinita,OK,74301,Craig,36.6287956,-95.053597,OKR1035582,6/28/2024,10/17/2027,1542,Nonresidential Construction,Y,,,,,,,,,,,
Walmart Supercenter 0050-1006 Pavement Overlay and Remodel,Wal-Mart Real Estate Business Trust,268 S 7th Street,Vinita,OK,74301,Craig,36.631837,-95.1411161,OKR1037980,7/20/2026,10/17/2027,1542,Nonresidential Construction,N,,,,,,,,,,,
Caseys Vinita,Caseys General Stores,839 E Illinois Ave,Vinita,OK,74301,Craig,36.6347766,-95.1455755,OKR1037765,5/14/2026,10/17/2027,1542,Nonresidential Construction,N,,,,,,,,,,,
Lazy Hawk RV Park & Campground,Mansion Entertainment Group LLC,Southeast of S 4460 Road and E 260 Rd,Vinita,OK,74301,Craig,36.6362778,-95.0476389,OKR1034788,10/2/2023,10/17/2027,1542,Nonresidential Construction,N,,,,,,,,,,,
Copeland 69kV Distribution Substation,Kamo Electric Cooperative Inc,Southwest of E 250 Rd and N 4590 Rd,Copeland,OK,74344,Delaware,36.655755,-94.82,OKR1037698,4/22/2026,10/17/2027,1623,"Water, Sewer, And Utility Lines",Y,,,,,,,,,,,
OK Forensics Bed Expansion,OK Forensics Center,24800 S 4420 Rd,Vinita,OK,74301,Craig,36.658272,-95.1243711,OKR1034856,11/2/2023,10/17/2027,1542,Nonresidential Construction,N,,,,,,,,,,,
Sooner Substation,Southwestern Public Service Company dba Xcel Energy,3080 County Road X,Guymon,OK,73942,Texas,36.6605056,-101.477425,OKR1036073,11/15/2024,10/17/2027,1623,"Water, Sewer, And Utility Lines",N,,,,,,,,,,,
Sooner Reterm Transmission Line,Southwestern Public Service Company dba Xcel Energy,On E 0240 Rd from Hwy 54 to  Mile 35,Guymon,OK,73942,Texas,36.6605056,-101.477425,OKR1036641,6/4/2025,10/17/2027,1623,"Water, Sewer, And Utility Lines",N,,,,,,,,,,,
Osage Nation NTIA,Wahzhazhe Connect,"On Hwy60, Hwy99, Hwy20, Hwy11, SW 52nd W Ave bt S Hwy",Wynona,OK,74084,Osage,36.662105,-96.331855,OKR1035308,4/1/2024,10/17/2027,1623,"Water, Sewer, And Utility Lines",N,,,,,,,,,,,
New Osage Health Clinic,Nabholz Construction Corporation,316 E Main St,Pawhuska,OK,74056,Osage,36.662797,-96.335336,OKR1034905,11/30/2023,10/17/2027,1542,Nonresidential Construction,N,,,,,,,,,,,
Osage Nation Legislative Building,Osage Nation Tribal Development,Between Palmer Ave and Leahy Ave and between E 5th St,Pawhuska,OK,74056,Osage,36.66373,-96.340126,OKR1036946,10/7/2025,10/17/2027,1542,Nonresidential Construction,N,,,,,,,,,,,
AT&T Oklahoma: A05G0SF-26OK11,Southwestern Bell Telephone Co. dba AT&T Oklahoma:,US Hwy 64,Jett,OK,73749,Alfalfa,36.666316,-98.217003,OKR1038000,7/24/2026,10/17/2027,1623,"Water, Sewer, And Utility Lines",N,,,,,,,,,,,
Cable Placement AT&T Project A05DP7B,Southwestern Bell Telephone Co. dba AT&T Oklahoma,State Hwy 8 and US Hwy 64,Cherokee,OK,73728,Alfalfa,36.666791,-98.358196,OKR1037850,6/5/2026,10/17/2027,1623,"Water, Sewer, And Utility Lines",N,,,,,,,,,,,
ODOT JP 31922 04,Wyatt Contracting Inc,SH-132 over Nash Creek 0.35 miles north of US-64,Nash,OK,73761,Grant,36.6711412,-98.0556393,OKR1036967,9/12/2025,10/17/2027,1622,"Bridge, Tunnel, & Elevated Highway",N,,,,,,,,,,,
ATT Project A05DEVD,Southwestern Bell Telephone Co dba AT&T Oklahoma,SE of Intersection of US Hwy 59 and State Hwy 125,Grove,OK,74343,Delaware,36.678827,-94.854169,OKR1037829,6/4/2026,10/17/2027,1623,"Water, Sewer, And Utility Lines",Y,,,,,,,,,,,
"Grade, Drain, Bridge and Surface","The Cummins Construction Company, Inc.",US 183 from 4.6 M N Harper Woodward CL,Buffalo,OK,73834,Harper,36.68,-99.641,OKR1038039,8/13/2026,10/17/2027,1611,Highway And Street Construction,N,,,,,,,,,,,
Nowata HS New Ag Building - Educational Facility,STOUT Construction,1209 Lenape Dr,Nowata,OK,74048,Nowata,36.68,-95.633,OKR1037648,4/7/2026,10/17/2027,1542,Nonresidential Construction,N,,,,,,,,,,,
KanOkla OK 1706-A59 Toll South,KanOkla Networks,Project Center at intersection of Hwy 60 and Hwy 18,Burbank,OK,74633,Osage,36.687799,-96.689758,OKR1038132,9/1/2026,10/17/2027,1542,Nonresidential Construction,N,,,,,,,,,,,
ODOT JP 33323 04,OBC Inc,SH-94 over Beaver River from U 5 Rd ext .8 miles S,Hardesty,OK,73944,Texas,36.688866,-101.205532,OKR1035539,6/5/2024,10/17/2027,1622,"Bridge, Tunnel, & Elevated Highway",N,,,,,,,,,,,
Charity Headrick Hitch Elementary School,Hutton Inc,1304 N Crumley St,Guymon,OK,73942,Texas,36.690884,-101.479891,OKR1036545,8/20/2025,10/17/2027,1542,Nonresidential Construction,N,,,,,,,,,,,
ODOT JP 31867 04,J&R Sand Co Inc,On Hwy 56 begin 4.7 miles SW of Hwy 56/Hwy 385 jct ext NE,Boise City,OK,73933,Cimarron,36.6922639,-102.5656278,OKR1035841,9/25/2024,10/17/2027,1611,Highway And Street Construction,N,,,,,,,,,,,
Nowata Public Schools-Baseball Improvements-Dodge Sports Complex,STOUT Construction,.15 mi east of S Ash St .4 mi south of E Cherokee Ave,Nowata,OK,74048,Nowata,36.696321,-95.626828,OKR1037649,4/8/2026,10/17/2027,1542,Nonresidential Construction,N,,,,,,,,,,,
Shooting Range Renovation - Optima WMA,Sawatzky Construction,E of Mile 49 Road 1.2 miles S of E 0200 Rd,Hooker,OK,73945,Texas,36.7006317,-101.1497498,OKR1036577,5/8/2025,10/17/2027,1542,Nonresidential Construction,N,,,,,,,,,,,
City Church Bartlesville,Candor Building Solutions LLC,4222 Rice Creek Rd,Bartlesville,OK,74006,Washington,36.7010972,-95.9295333,OKR1036823,8/8/2025,10/17/2027,1542,Nonresidential Construction,N,,,,,,,,,,,
Patriot Hyudai,STOUT Construction Inc,SE Washington Blvd and Southport Drive,Bartlesville,OK,74006,Washington,36.7067762,-95.9339944,OKR1036665,6/30/2025,10/17/2027,,,N,,,,,,,,,,,
Summit Solar Project,Solon Corporation,North of E 0210 Rd east of US-287,Boise City,OK,73933,Cimarron,36.707913,-102.467585,OKR1037228,12/5/2025,10/17/2027,1542,Nonresidential Construction,N,,,,,,,,,,,
FREEDOM LIVING BARTLESVILLE,Freedom Living Bartlesville,3951 S SOUTHPORT DR,Bartlesville,OK,74006,Washington,36.7088308,-95.9326368,OKR1034205,4/14/2023,10/17/2027,1522,Residential Construction,N,,,,,,,,,,,
Didlake Barn,DSSI,North of Lake Road .4 mi west of N Pecan Rd,Ponca City,OK,74604,Kay,36.709822,-97.056053,OKR1031760,8/23/2023,10/17/2027,1542,Nonresidential Construction,N,,,,,,,,,,,
ODOT JP 29798 04,Sewell Bros Inc,On E 0210 Rd .3 miles W of N 2580 Rd,Cherokee,OK,73728,Alfalfa,36.71,-98.4191667,OKR1037592,3/30/2026,10/17/2027,1622,"Bridge, Tunnel, & Elevated Highway",N,,,,,,,,,,,
Seaboard Foods Trailer Parking Facility,Seaboard Foods,2700 Cactus Drive,Guymon,OK,73942,Texas,36.710414,-101.448211,OKR1037854,6/18/2026,10/17/2027,1611,Highway And Street Construction,N,,,,,,,,,,,
Legacy at Roanoke Ridge,A.D. Parker Development LLC,West of 2553 S Washington Blvd,Bartlesville,OK,74006,Washington,36.7107968,-95.937505,OKR1036822,8/6/2025,10/17/2027,1542,Nonresidential Construction,N,,,,,,,,,,,
Cayuga Road - North Phase,Branco Enterprises Inc,Begin on Cayuga Rd S of E 200 Rd  ext 1.4 miles S,Wyandotte,OK,74370,Ottawa,36.7118237,-94.6590595,OKR1037115,11/4/2025,10/17/2027,1611,Highway And Street Construction,N,,,,,,,,,,,
Bobby Garrett New Home,Watson Construction,1126 Pecan Road,Ponca City,OK,74604,Kay,36.715302,-97.050022,OKR1034120,5/19/2023,10/17/2027,1542,Nonresidential Construction,N,,,,,,,,,,,
Guymon Lagoon Rehabilitation EDA 08-01-05588,"Superior Services and Supply, LLC",South of County Road T .3 mi west of N 0880 Rd,Guymon,OK,73942,Texas,36.7173665,-101.445135,OKR1036394,3/6/2025,10/17/2027,1623,"Water, Sewer, And Utility Lines",N,,,,,,,,,,,
PioTel ReConnect 3 Phase 2,Pioneer Telephone Cooperative Inc,East of Hwy 183 bt state line and E 0240 Rd- Harper Co,Woodward,OK,73801,Woodward,36.718498,-99.212625,OKR1037454,3/11/2026,10/17/2027,1542,Nonresidential Construction,Y,,,,,,,,,,,
Guns of Glory,Native Plains Contracting,402647 US HWY 60,Bartlesville,OK,74006,Washington,36.7252667,-95.8353,OKR1032965,10/18/2023,10/17/2027,1542,Nonresidential Construction,N,,,,,,,,,,,
Stonebridge Pointe at Ponca City,"Stonebridge Pointe at Ponca City, Limited Partnership",East and West sides of 7th Street and North of Young Ave,Ponca City,OK,74601,Kay,36.7278222,-97.0762417,OKR1037886,6/23/2026,10/17/2027,6552,Subdividers And Developers,N,,,,,,,,,,,
ASAP 307 - Fastlane Convenience,McAnaw Construction Company,5312 Nowata Road,Bartlesville,OK,74006,Washington,36.7281448,-95.9174788,OKR1036117,12/30/2024,10/17/2027,1542,Nonresidential Construction,N,,,,,,,,,,,
PONCA CITY STORAGE,SHORT 4 INC,NW CORNER OF YOUNG AVE & N 5TH ST,Ponca City,OK,74601,Kay,36.7290861,-97.079375,OKR1035432,6/7/2024,10/17/2027,1542,Nonresidential Construction,N,,,,,,,,,,,
Blue Whale Materials,Rob Bigbee Blue Whale Materials,1582 SE Industrial Blvd,Bartlesville,OK,74006,Washington,36.7300139,-95.8931556,OKR1035043,1/12/2024,10/17/2027,1542,Nonresidential Construction,N,,,,,,,,,,,
OKWU Softball Field,Greenshade Trees LLC,2201 Silver Lake Road,Bartlesville,OK,74006,Washington,36.7305089,-95.9541167,OKR1037940,7/1/2026,10/17/2027,1542,Nonresidential Construction,N,,,,,,,,,,,
Blue Whale Materials - Access Rd,Blue Whale Materials,.08 mi east of Industrial Blvd from Energy Way,Bartlesville,OK,74006,Washington,36.732502,-95.89319,OKR1035972,10/21/2024,10/17/2027,1611,Highway And Street Construction,N,,,,,,,,,,,
Development Authority Industrial Building,STOUT Construction,N of Industrial Blvd E of SE Bison Rd,Bartlesville,OK,74006,Washington,36.732929,-95.898292,OKR1037490,4/1/2026,10/17/2027,1541,Industrial Buildings And Warehouses,N,,,,,,,,,,,
Mertz Integration LLC,Mertz Integration LLC,2400 N Waverly St,Ponca City,OK,74601,Kay,36.73334,-97.10789,OKR1036959,8/29/2025,10/17/2027,1542,Nonresidential Construction,N,,,,,,,,,,,
Willow Pickleball Facility,Taylor Homes Group LLC,North of Taylor Rd and East of S Madison Blvd,Bartlesville,OK,74006,Washington,36.7396333,-95.9166361,OKR1036737,7/15/2025,10/17/2027,1542,Nonresidential Construction,N,,,,,,,,,,,
Klinger's Collision Center,HRI Roofing & Post Frame LLC,3802 N. Pleasant View,Ponca City,OK,74601,Kay,36.7505005,-97.0677773,OKR1035693,8/9/2024,10/17/2027,1542,Nonresidential Construction,N,,,,,,,,,,,
States Edge 2026 Mud Mats,States Edge Wind I LLC,Near the Intersection of US Highway 412 and N 0650,Boise City,OK,73947,Cimarron,36.751668,-102.16813,OKR1037802,6/4/2026,10/17/2027,1542,Nonresidential Construction,N,,,,,,,,,,,
Mesa Water Project Phase II - Production Wellfield Improvements,TIMCO,3605 Road Q,Hooker,OK,73945,Texas,36.7532684,-101.3928576,OKR1038148,9/2/2026,10/17/2027,1611,Highway And Street Construction,N,,,,,,,,,,,
ODOT JP 34535 04,Frontier Bridge Inc,On W Hubbard Rd .5 mi east of S P St,Blackwell,OK,74631,Kay,36.7534021,-97.2321083,OKR1036218,1/13/2025,10/17/2027,1622,"Bridge, Tunnel, & Elevated Highway",N,,,,,,,,,,,
Delaware Tribe of Indians Recreation Center,Nabholz Construction,.2 mi north of Tuxedo Blvd west of N Madison Blvd,Bartlesville,OK,74006,Washington,36.76035,-95.917924,OKR1037142,11/25/2025,10/17/2027,1542,Nonresidential Construction,N,,,,,,,,,,,
City of Bartlesville - BTO22772 - Bridge Rehab over Butler Creek,Bright Lighting Inc,N Sunset Blvd  begin .2 miles N of,Bartlesville,OK,74003,Washington,36.770391,-96.000702,OKR1036931,9/9/2025,10/17/2027,1622,"Bridge, Tunnel, & Elevated Highway",N,,,,,,,,,,,
American Storage and Rental,Kelly West,3908 Minnesota St,Bartlesville,OK,74006,Washington,36.7717549,-95.9333038,OKR1037754,5/22/2026,10/17/2027,1542,Nonresidential Construction,N,,,,,,,,,,,
Oak Wood Addition,LW Development,W of NW Virginia Ave .3 miles S of W 1600 Rd,Bartlesville,OK,74003,Washington,36.780933,-95.991185,OKR1034969,12/11/2023,10/17/2027,1521,Single-Family Housing Construction,N,,,,,,,,,,,
2022 Ottawa RWSD1 WWTP Design,Ottawa County Rural Water and Sewer District No. 1,SW corner of E 157 Rd and S 642 Rd,Wyandotte,OK,74370,Ottawa,36.786686,-94.730296,OKR1033761,12/8/2022,10/17/2027,1542,Nonresidential Construction,Y,,,,,,,,,,,
Dollar General Store 31349,4D Construction LLC,400 Oklahoma Blvd,Alva,OK,73717,Woods,36.797762,-98.664004,OKR1037812,6/22/2026,10/17/2027,1542,Nonresidential Construction,N,,,,,,,,,,,
ODOT JP 32807 04,C3 Construction,Junction US-281 and US-64 Extending South approx 1.49 miles,Alva,OK,73717,Woods,36.7978,-98.66599,OKR1036821,8/8/2025,10/17/2027,1542,Nonresidential Construction,N,,,,,,,,,,,
ODOT JP 32807 04,C3 Construction,Junction US-281 and US-64 Extending South approx 1.49 miles,Alva,OK,73717,Woods,36.7978,-98.66599,OKR1036821,8/8/2025,10/17/2027,1611,Highway And Street Construction,N,,,,,,,,,,,
ODOT JP 31032 04 - Widening Resurface and Bridge US-183,The Cummins Construction Company Inc,On US Hwy 183 from McMinn St ext 4.5 mi south,Buffalo,OK,73834,Harper,36.8,-99.628483,OKR1036298,3/4/2025,10/17/2027,1611,Highway And Street Construction,N,,,,,,,,,,,
ALVA EVENT CENTER,ALVA ARENA AUTHORITY,27251 COUNTY ROAD 460,Alva,OK,73717,Woods,36.8026873,-98.6315412,OKR1035809,9/13/2024,10/17/2027,1542,Nonresidential Construction,N,,,,,,,,,,,
Dewey Public Schools Stadium Entry and Concessions,STOUT Construction,1 BULLDOGGER RD,Dewey,OK,74029,Washington,36.8039989,-95.9396008,OKR1035695,7/31/2024,10/17/2027,1542,Nonresidential Construction,N,,,,,,,,,,,
Hatfield Park Aquatics Center,Ascend Commercial Builders,1402 Flynn St,Alva,OK,73717,Woods,36.805336,-98.680556,OKR1035102,2/23/2024,10/17/2027,1542,Nonresidential Construction,N,,,,,,,,,,,
Dewey Schools Bus Barn,Dewey Public Schools,.1 miles West of N Osage Ave .2 miles N of 12th St,Dewey,OK,74029,Washington,36.8059667,-95.9378056,OKR1034761,9/21/2023,10/17/2027,1542,Nonresidential Construction,N,,,,,,,,,,,
ODOT JP 33562 04,K&R Builders Inc,2630 ft S and 440 ft W of the inter of Hwy 60 and S 690 Rd,Wyandotte,OK,74370,Ottawa,36.8077778,-94.6447222,OKR1036911,8/26/2025,10/17/2027,1622,"Bridge, Tunnel, & Elevated Highway",N,,,,,,,,,,,
States Edge Wind Project,States Edge Wind I LLC,near intersection of Road M and N0570 Road,Keyes,OK,73947,Texas,36.8103,-102.05,OKR1027193,10/13/2023,10/17/2027,,,N,,,,,,,,,,,
ODOT JP 34561 04,Bridgeco Contractors Inc,On  N 2490 Rd  .4 miles N of Hughes Rd/E 0140 Rd,Alva,OK,73717,Woods,36.8175,-98.5763889,OKR1036799,8/5/2025,10/17/2027,1622,"Bridge, Tunnel, & Elevated Highway",N,,,,,,,,,,,
PTCI ReConnect 4 - OK Panhandle,Panhandle Telephone Cooperative Inc,Btwn CR A and Whitley Rd and E 350 Rd and fN 1300 Rd,Beaver,OK,73932,Beaver,36.821596,-102.519508,OKR1037656,6/5/2026,10/17/2027,1542,Nonresidential Construction,N,,,,,,,,,,,
Frontier BESS Storage,Shepco Development Inc,3817 West Adobe Rd,Ponca City,OK,74601,Kay,36.822099,-97.119289,OKR1036856,8/14/2025,10/17/2027,1542,Nonresidential Construction,N,,,,,,,,,,,
Frontier BESS and Substation,EPC Services Company,3899 W Adobe Rd,Ponca City,OK,74601,Kay,36.824319,-97.118775,OKR1038065,8/10/2026,10/17/2027,1623,"Water, Sewer, And Utility Lines",N,,,,,,,,,,,
ODOT JP 33565 04,Robinson Construction,Beginning on E 140 Rd west of S 540 Rd onto S 540 Rd north,Miami,OK,74354,Ottawa,36.826914,-94.909094,OKR1036560,5/23/2025,10/17/2027,1611,Highway And Street Construction,N,,,,,,,,,,,
Personal Farm,Mark Estep,East side of N T St .5 mi north of W Adobe Rd,Newkirk,OK,74647,Kay,36.8327833,-97.1747222,OKR1028413,3/24/2023,10/17/2027,1542,Nonresidential Construction,N,,,,,,,,,,,
Frontier II Wind Project,Frontier Windpower II LLC,Between E Home Rd and E Coleman Rd and between N Pleasant,Newkirk,OK,74647,Kay,36.83958,-97.02909,OKR1036397,3/27/2025,10/17/2027,1542,Nonresidential Construction,N,,,,,,,,,,,
ODOT JP 31170 04,C3 Construction Inc,On S 520 Rd from Hwy 59  to and onto E 120 Rd to S Hwy 69,Miami,OK,74354,Ottawa,36.846851,-94.945507,OKR1036898,8/26/2025,10/17/2027,1622,"Bridge, Tunnel, & Elevated Highway",N,,,,,,,,,,,
Dotyville Borrow Pit,Wyatt Contracting,.4 mi South of SH-59 and .2 mi East of S 520 Rd,Dotyville,OK,74354,Ottawa,36.853252,-94.93956,OKR1037716,4/29/2026,10/17/2027,1611,Highway And Street Construction,N,,,,,,,,,,,
Dilworth Landfill Cell 4 Construction,Dilworth Development Company,.5 miles W of N Q St on N side of W Dry Rd,Blackwell,OK,74631,Kay,36.8699722,-97.2371389,OKR1020601,9/26/2023,10/17/2027,1542,Nonresidential Construction,N,,,,,,,,,,,
Peckham Road Overlay,"Evans & Associates Construction Co., Inc.",2.5 miles west of Newkirk on Peckham Rd.,Newkirk,OK,74647,Kay,36.883581,-97.152142,OKR1037921,6/26/2026,10/17/2027,1611,Highway And Street Construction,N,,,,,,,,,,,
Site Dev at B St NW & 14th St NW,Neece Industries,West of B St NW 300' north of 13th Ave NW,Miami,OK,74354,Ottawa,36.891,-94.88,OKR1035801,9/4/2024,10/17/2027,1522,Residential Construction,N,,,,,,,,,,,
L59 MP 509 Slope Remediation,Enbridge Pipelines (FSP) L.L.C.,Begin .8 mi east of N 3970 Rd north of,Copan,OK,74022,Washington,36.89335,-95.990799,OKR1037400,2/2/2026,10/17/2027,1542,Nonresidential Construction,N,,,,,,,,,,,
Buffalo Run Casino RV Park,Peoria Tribe of Indians of Oklahoma,East of S 580 Rd .3 mi south of E 80 Rd,Miami,OK,74354,Ottawa,36.895283,-94.840719,OKR1035810,8/26/2024,10/17/2027,1542,Nonresidential Construction,N,,,,,,,,,,,
Fiber Placement AT&T Project A05D8AY,Southwestern Bell Telephone Co dba AT&T Oklahoma,Transamerica Trail Begin On E Earth Rd at N Magnolia Ave to,Newkirk,OK,74647,Kay,36.897466,-97.05815,OKR1037499,3/9/2026,10/17/2027,1623,"Water, Sewer, And Utility Lines",N,,,,,,,,,,,
Peoria Tribe Greenhouse Phase 1,Peoria Tribe of Indians of Oklahoma,.3 mi north of E 80 Rd west of S 620 Rd,Miami,OK,74354,Ottawa,36.904232,-94.770197,OKR1035896,9/26/2024,10/17/2027,1542,Nonresidential Construction,Y,,,,,,,,,,,
ODOT JP 34271 04,J&R Constructors Group LLC,jct of US-64 and NS-125 RD to NS 133 Rd,Forgan,OK,73938,Beaver,36.9066728,-100.7652912,OKR1037793,6/2/2026,10/17/2027,1611,Highway And Street Construction,N,,,,,,,,,,,
NTHS Wellness Center,MacCo Builders,7600 S State Highway 69A,Miami,OK,74354,Ottawa,36.907081,-94.841806,OKR1034777,9/26/2023,10/17/2027,1542,Nonresidential Construction,N,,,,,,,,,,,
Grant Wind Repower,M.A. Mortenson Company,Between McClain Rd and Kay Rd and between N2940 Rd and N,Renford,OK,73759,Grant,36.919431,-97.659425,OKR1037709,4/30/2026,10/17/2027,1542,Nonresidential Construction,N,,,,,,,,,,,
Hulah Dam,A&M Engineering and Environmental Resources Inc,At the dam south of SH 10  3.5 mi west of County Road 3011,Copan,OK,74022,Osage,36.9267363,-96.0835972,OKR1037346,1/5/2026,10/17/2027,1542,Nonresidential Construction,N,,,,,,,,,,,
Kay Wind LLC,M.A. Mortenson Company,Between W Stateline Rd and  W Peckham Rd and between N O St,Newkirk,OK,74647,Kay,36.9413297,-97.0933033,OKR1037127,11/3/2025,10/17/2027,1542,Nonresidential Construction,N,,,,,,,,,,,
Grant Plains Wind Repower,M.A. Mortenson Company,Between E 0010 Rd and Kay Rd and between N 3060 Rd,Renfrow,OK,73759,Grant,36.950422,-97.667994,OKR1037708,4/30/2026,10/17/2027,1542,Nonresidential Construction,N,,,,,,,,,,,
CR530 Miami Nation Road Project,Miami Tribe of Oklahoma,On S 530 Rd between E 40 Rd and E 50 Rd,Miami,OK,74354,Ottawa,36.9507583,-94.9209389,OKR1037342,1/20/2026,10/17/2027,1611,Highway And Street Construction,N,,,,,,,,,,,
Frontier Super Hybrid Wind,Shepco Development Inc,13850 W Home Rd,Braman,OK,74632,Kay,36.956634,-97.303784,OKR1036888,9/24/2025,10/17/2027,1542,Nonresidential Construction,N,,,,,,,,,,,
Big Deer Wind PTC,Big Deer Wind LLC,NEC of W Indian Rd and N Waverly St,Newkirk,OK,74647,Kay,36.971633,-97.099925,OKR1037219,12/8/2025,10/17/2027,1542,Nonresidential Construction,N,,,,,,,,,,,
